# Blender v3.0.1 OBJ File: 'scene.blend'
# www.blender.org
mtllib bunny_lowpoly.mtl
o Bunny.001
v -0.451373 -0.043795 -0.985466
v 0.042443 -1.148997 -0.437937
v -0.002422 -1.175536 -0.188157
v 0.012011 -1.191612 -0.183353
v 0.011019 -1.162577 -0.221594
v 0.099527 -1.213644 -0.304770
v 0.039977 -1.206894 -0.106030
v 0.041723 -1.208310 -0.094113
v 0.043911 -1.208429 -0.093201
v 0.078665 -1.215060 -0.030068
v 0.152193 -1.179915 -0.077386
v 0.047662 -1.209842 -0.083003
v 0.170535 -1.185052 -0.013764
v 0.149093 -1.165335 -0.033875
v 0.152464 -1.190031 -0.053335
v 0.238303 -1.181438 -0.023561
v 0.130233 -1.215933 0.043339
v 0.118494 -1.216751 0.034188
v 0.131478 -1.216834 0.051360
v 0.254787 -1.203908 0.112479
v 0.147849 -1.218050 0.067074
v 0.258767 -1.184909 0.093711
v 0.216195 -1.181176 0.016446
v 0.164120 -1.217394 0.080856
v 0.173546 -1.217570 0.086126
v 0.180910 -1.217902 0.098666
v 0.186506 -1.218342 0.114752
v 0.191253 -1.218036 0.115571
v 0.193938 -1.218132 0.124430
v 0.205605 -1.217340 0.132318
v 0.188266 -1.218432 0.119142
v 0.211082 -1.216402 0.147433
v 0.161851 -1.121414 0.394403
v -0.166860 0.325532 0.623738
v -0.698009 -0.502763 0.860416
v -1.333995 -0.400793 -0.606407
v -1.206885 -0.451178 0.622039
v -1.119690 -1.201878 -0.053284
v -0.663631 0.147794 0.649482
v 0.583021 0.907496 0.287440
v 0.384010 0.886124 -0.141058
v 0.721315 1.227226 -0.540785
v -1.134820 -0.682443 -0.725906
v 0.653657 -0.476728 0.474776
v 0.710770 -1.032153 -0.396977
v 0.534943 -0.956449 0.306411
v 0.610952 -1.081360 -0.225603
v 0.846934 -1.218370 0.095055
v 0.031015 -0.902160 0.640106
v -0.433491 -0.836163 0.852534
v -0.630634 -0.910825 0.798577
v -0.752349 -1.108224 -0.450179
v -0.079109 -1.195266 -0.705944
v 1.119826 1.155577 0.101930
v -1.048707 0.563395 0.326211
v -0.027211 0.517991 0.446844
v -0.174994 -1.131702 0.539745
v 0.012520 -1.119184 0.525843
v 0.781983 0.488088 -0.866974
v 0.790572 -0.637587 -0.245347
v 1.091051 0.061021 -0.486242
v -0.865152 0.201703 -0.784776
v -1.381621 0.303409 -0.335681
v -0.833020 0.685122 -0.443475
v -1.460764 -0.592569 0.242569
v 0.891292 -0.573617 0.122549
v -0.036909 -0.575013 -0.611021
v -1.174745 0.220379 -0.618659
v -1.168773 -0.003499 -0.734257
v 0.298990 0.755164 -0.028915
v -1.063733 -1.043024 0.394911
v -0.940815 -1.188321 0.513132
v 1.016804 0.644279 0.325547
v 0.049895 -0.383253 -0.656691
v 0.099181 -0.965731 -0.736409
v 0.408717 0.584669 0.437704
v 0.144834 0.453759 0.512634
v 0.499621 -0.761389 -0.098626
v -1.672887 -0.508509 0.156816
v 0.424353 0.733657 0.247048
v 0.616565 -0.919820 0.034158
v 0.564809 -0.781309 0.044510
v -0.536798 0.767714 0.167907
v -0.790185 0.778770 -0.259832
v 0.904610 -0.380014 0.397317
v 0.773929 -0.188729 0.562733
v 0.334860 1.422158 0.048060
v 0.632542 -0.391714 -0.666364
v 0.260991 -0.895184 0.413899
v -1.547513 -0.710725 -0.475928
v -1.218188 -1.109164 -0.354958
v -1.516112 -0.081271 0.211999
v -0.055845 0.016714 -0.742338
v 0.698436 0.745309 0.356322
v 0.839016 1.012553 0.378586
v 0.622898 -1.207604 -0.370657
v 0.673524 -1.042419 -0.693668
v -0.012753 -0.105594 0.876779
v 0.061197 -0.326856 0.827567
v 0.899945 1.363711 0.915961
v 0.695045 1.401183 1.132853
v 0.362763 0.798440 -0.275498
v -0.982810 0.280994 0.540207
v -1.016201 -0.029870 0.681129
v 0.767062 1.390470 1.361418
v 0.781444 1.198497 1.031185
v 0.811395 -1.015153 0.145259
v 1.326046 0.762094 -0.251639
v -0.977852 -1.202578 0.145616
v 0.369041 -0.397365 -0.682648
v -1.020740 -1.187459 0.204410
v 0.408716 -0.821916 -0.552672
v 0.369135 -0.590206 -0.598176
v 0.476085 -0.656248 -0.446263
v 0.173273 0.600428 -0.395592
v 0.274699 -0.951680 0.453500
v 0.760036 -0.361637 0.522372
v 0.926033 1.560923 0.705950
v 0.216543 -0.299686 -0.701875
v 0.192104 -0.608104 -0.676483
v 0.814962 1.286194 0.180942
v 0.673025 1.303797 -0.173630
v 0.573757 -0.368574 0.561135
v 0.105058 -0.725231 0.412738
v 0.298282 -0.614236 0.458853
v -1.838269 -0.646091 0.050927
v -1.006036 -0.918083 -0.678798
v 1.234619 0.909136 -0.366437
v -1.845457 -0.704659 -0.102474
v -0.292505 -0.276569 -0.989882
v 0.508278 -0.991150 -0.729191
v 1.001855 1.712003 1.208173
v 0.935248 1.524177 1.037085
v -1.694200 -0.850971 0.187036
v -0.520425 0.656198 -0.504273
v 0.847399 0.398942 -0.800798
v -0.271647 1.844179 0.598741
v -0.157706 1.428811 0.495986
v 0.377522 -1.219994 0.433294
v -0.025293 1.812414 0.452251
v -0.248932 0.593462 -0.498435
v -0.542228 -0.175596 0.946557
v -1.500901 0.119734 -0.026222
v -1.492484 0.036987 -0.302288
v 0.572500 1.260644 0.199187
v 0.306233 1.612296 0.262415
v 1.170795 0.363347 0.066012
v 0.698796 1.209769 0.210608
v 0.668910 1.114742 0.261187
v 0.099575 -1.062016 0.801129
v -1.266180 -1.017055 -0.421427
v -1.621633 -0.585385 -0.417397
v 1.103483 -0.333669 -0.235387
v 0.831475 0.792555 -0.832056
v -0.658265 -0.337232 -0.981329
v -0.601463 -0.248272 -1.001681
v -0.528129 -0.386862 -1.033951
v -0.191296 0.102169 0.692420
v -0.024684 0.072497 0.682066
v -1.391377 0.045132 0.379536
v -1.372298 -0.339702 0.425337
v 0.695219 1.533324 1.118286
v -0.609481 -0.719570 -0.944655
v 0.769678 1.638747 1.106334
v -0.467712 0.358903 0.634811
v -0.526101 0.523291 0.484414
v 0.712685 -0.982964 -0.533603
v -0.860192 -0.932719 0.721803
v -1.016473 -0.938389 0.624889
v -0.742291 -0.140734 -0.983915
v -0.615119 0.084719 -0.916861
v -0.374983 1.512267 0.520678
v -0.443649 0.729719 -0.384801
v -0.937983 -0.787039 0.763901
v 0.546239 0.393047 0.539691
v 0.061867 0.073427 -0.740137
v 0.308336 0.259632 -0.661886
v 0.232776 0.146137 -0.672576
v 0.891350 -1.186598 0.163027
v -1.609414 -0.954663 -0.328914
v -1.773713 -0.846879 -0.237767
v 0.784305 1.779998 1.408831
v -0.556665 -0.009840 0.891625
v -0.715446 -0.066437 0.860287
v -0.807712 -0.427132 0.848804
v 0.813392 -1.208299 0.296169
v 0.775784 -1.088733 0.301283
v 1.165424 0.695598 0.241500
v -0.122915 -0.840860 -0.706528
v 0.492503 -0.887931 -0.463175
v 1.179023 0.645220 -0.818232
v 0.879033 0.749494 0.364101
v 0.805527 0.957317 0.347086
v -1.209186 -0.946052 0.331651
v -1.380982 -0.730869 0.320812
v -0.370342 1.480696 0.560776
v 0.448571 -0.859049 -0.121303
v 0.948948 -0.167910 0.483122
v 0.461399 -0.562113 -0.552583
v -0.863851 0.357116 -0.630036
v -1.047379 0.301193 -0.631857
v -0.901334 -0.947042 -0.726757
v -0.398760 1.587342 0.712717
v 0.163729 1.414006 0.458338
v -0.039162 0.312557 -0.636587
v -0.158524 1.882970 0.448321
v 0.146609 1.592787 0.169446
v -1.403126 -0.531597 -0.512975
v 0.352748 0.049839 0.633480
v 0.336502 -0.295834 0.577259
v 0.241008 -0.187279 0.616663
v -1.268630 -0.290089 0.574667
v -1.376081 -0.182739 0.505297
v 0.609983 0.992582 -0.497161
v 0.954628 1.187854 0.652963
v 0.144591 -0.246101 0.634952
v -1.427191 -0.696837 -0.453107
v 0.287730 -1.162309 0.730776
v 0.759702 -0.208729 -0.717203
v 1.013848 0.630852 -0.889225
v 1.030323 0.965290 -0.810274
v -0.055650 -0.183842 0.948600
v 0.891940 1.336453 0.252446
v -0.113493 -0.018627 0.896818
v -1.086464 0.038855 -0.778963
v 1.022463 0.357378 -0.729228
v -1.325302 0.207210 0.410473
v 0.099040 -1.210148 0.605131
v 0.416086 0.075197 -0.731443
v 0.407254 -0.021732 -0.728631
v 0.264932 -0.149324 -0.694508
v -0.573633 -1.197305 -0.666138
v 0.924023 1.663522 0.983632
v -1.678805 -0.704595 0.260672
v 1.243630 0.161461 -0.147727
v 0.873744 1.812864 1.337233
v -1.500095 -0.264495 0.245838
v -0.765245 -1.198989 0.108569
v -0.228139 0.051755 -0.886530
v 0.291610 1.590641 0.344289
v 0.576070 -0.742745 0.167252
v -0.930027 -0.296061 -0.922014
v 1.019915 1.294597 -0.244592
v -0.938514 -1.191654 -0.648159
v -0.650820 -0.634710 -0.985419
v -0.039116 -0.911414 0.702669
v -0.702300 0.801925 -0.089083
v -0.018505 0.672223 -0.066015
v 0.845094 1.295034 -0.374115
v -1.456204 0.182237 0.169549
v -0.569149 -0.831984 -0.933170
v -0.457521 -1.032456 0.716619
v -0.984634 -0.081062 -0.825155
v 1.118971 -0.190506 0.258806
v -0.814475 0.233439 0.602036
v -0.404889 -0.960996 0.789503
v 0.485960 1.240075 -0.078060
v 0.423891 -1.180781 -0.751862
v 0.635095 -1.150638 -0.759361
v 0.743673 -0.622033 0.240689
v 0.595054 -0.676087 0.226000
v 1.298920 0.695691 -0.475505
v 1.327223 0.586429 -0.633190
v 0.179672 0.705575 0.198169
v -0.538476 -0.993377 -0.783815
v -0.468278 0.685680 0.341470
v 0.481882 0.703087 0.290870
v 1.283921 0.980682 -0.199749
v -0.853836 -1.205495 0.573122
v -0.853882 -1.150208 0.641100
v 1.215011 -0.123359 0.090883
v 1.138638 -0.052120 0.273008
v -1.818512 -0.478699 -0.021071
v -1.774542 -0.425706 -0.154382
v 0.887180 -0.402495 -0.542628
v 0.961284 -0.454739 -0.380103
v 0.547355 -1.089930 -0.792065
v -0.100072 0.457189 0.503381
v -0.310065 1.418939 0.425194
v -0.217583 1.401853 0.310809
v -0.088841 1.357429 0.216354
v -0.532168 -1.123873 -0.206839
v 0.308821 -0.772128 0.416002
v -1.146245 0.390161 0.414009
v -0.372784 1.795613 0.786004
v -0.414810 1.696168 0.759340
v -1.260721 0.491674 -0.310936
v -0.346722 -0.510158 -0.939198
v -1.530559 -0.203071 -0.277240
v 0.536019 -0.074505 -0.743578
v 0.609736 -0.197618 0.608667
v 0.531628 0.246155 0.574303
v 0.478571 0.131417 0.635359
v -0.824942 -1.203445 0.351093
v 0.643113 0.213277 -0.685861
v -0.345376 0.521205 0.482269
v 0.643356 1.220261 0.179798
v 0.480731 1.074297 0.199945
v -1.836369 -0.519968 -0.195555
v 0.693118 0.910724 -0.569539
v -0.173330 1.631899 0.618077
v -0.199687 -0.877284 -0.783210
v 0.312235 -0.057417 0.639150
v -0.114323 -0.085321 -0.915714
v -0.078069 1.798527 0.547827
v -0.285083 1.890605 0.726413
v -0.144673 -0.405049 -0.888990
v -0.710169 0.720358 0.274729
v 0.347505 1.540058 0.139630
v 1.321474 0.564564 -0.027677
v 1.149665 0.487941 -0.813192
v 1.060353 0.492491 -0.822163
v -0.042474 -1.125321 -0.428344
v -0.150079 0.081978 -0.751429
v -0.882216 -0.023950 -0.891302
v -0.828998 -0.238885 -0.936064
v -0.914027 -0.665855 -0.845018
v 1.256843 0.785125 -0.658453
v 0.071427 -0.169778 -0.685818
v 0.725983 -1.184059 -0.663873
v 0.144301 -0.300103 0.587467
v -1.609913 -0.992786 0.108311
v 0.702468 1.414853 0.619547
v -1.041434 -0.421419 -0.839590
v -1.422684 0.290709 0.075987
v 0.908953 0.285708 -0.585820
v 0.947225 0.249161 -0.564428
v -1.003322 0.538897 -0.519807
v -0.028954 -1.079688 -0.923490
v -0.065008 -0.914508 -0.832468
v 1.284889 1.140993 -0.145294
v 1.181548 -0.184196 -0.218840
v -0.789379 -0.700878 -0.907597
v 0.658893 0.568072 -0.685074
v 0.743029 0.561402 -0.848848
v 1.194391 0.123064 -0.343455
v -0.370896 0.513006 -0.608165
v -0.859630 0.084858 0.673844
v -1.131356 0.199987 0.546329
v -0.489370 0.307198 -0.722066
v 0.205935 -1.035358 -0.680257
v 0.983465 1.243741 0.322896
v -0.617100 -1.106663 0.439788
v 1.222300 0.533821 -0.790389
v 1.300876 0.593638 -0.704785
v -0.408933 -0.647660 -0.967709
v -1.156316 0.323505 -0.584617
v -1.193177 0.435527 -0.476066
v -0.801695 -0.558351 -0.943369
v 1.171314 -0.267474 -0.007234
v 1.187844 -0.189975 0.016193
v 0.626877 1.037369 0.251194
v 0.072305 1.457763 0.263982
v 0.052490 1.556522 0.309408
v 0.292441 -0.446342 0.544687
v 0.183485 -0.436809 0.535057
v 0.875321 0.555531 -0.922436
v -0.915332 -0.650881 0.777398
v 1.049467 -0.454805 -0.126686
v 0.653293 1.278249 0.115684
v 0.834564 1.284778 1.219496
v 1.196671 0.983941 -0.652064
v -1.100842 -0.204570 0.693612
v 0.552102 0.005823 0.638187
v -1.059277 -1.193942 -0.239980
v -1.056115 -1.186807 -0.312082
v -0.777976 -1.138956 -0.488549
v 0.723513 1.024487 -0.626766
v -0.834076 0.568518 0.459235
v 0.895855 0.046768 -0.665517
v -1.049810 -1.097567 -0.652915
v 0.195972 -0.038344 -0.712091
v 0.595795 -0.888454 0.141585
v -0.210598 -0.206019 -1.003660
v 0.606615 -0.717648 0.028848
v -0.413979 1.587940 0.647312
v 1.067937 0.868669 0.255365
v -0.623177 -0.609827 0.883045
v -1.136554 -0.475575 -0.719333
v -1.025017 -0.572118 -0.798970
v -0.910656 0.705450 -0.350441
v 1.005312 1.226763 0.194114
v 0.031015 1.258470 0.228022
v -0.819109 0.780118 0.049306
v 0.406217 -0.127229 -0.756427
v 0.420536 -0.341205 -0.708636
v 0.539082 -0.241266 -0.741157
v -1.614311 -1.022124 -0.122695
v 0.523876 1.007941 0.213343
v 0.708007 0.980808 0.328425
v 0.704145 1.063372 0.363362
v -0.833163 0.387839 0.565407
v 0.883733 1.701066 1.285354
v 1.024380 0.321633 -0.541170
v -0.936908 -1.177373 0.092014
v -0.735939 -1.202170 -0.241091
v -1.052699 -1.168127 -0.137600
v 1.204646 1.187843 -0.379281
v 1.221632 1.227717 -0.145543
v 0.916021 -0.486679 0.233207
v 1.070142 -0.415658 0.053951
v 1.102465 -0.326927 0.151664
v 0.242479 -0.979345 0.612065
v 1.291746 0.512220 -0.403734
v 0.121051 -1.216827 -0.024663
v 0.428560 0.357485 -0.595141
v -0.153029 -0.953266 0.750868
v -0.048080 -0.761019 0.744245
v 1.000742 1.745024 1.193049
v -1.379302 -0.018284 -0.547061
v 1.004529 1.119913 -0.673242
v 0.849309 1.677619 1.066882
v -0.312510 -0.434357 0.975791
v -0.207248 -0.269040 0.986928
v 0.773054 1.606762 1.381625
v 0.434384 1.010196 0.125163
v 0.869675 1.172213 1.035324
v 0.777847 1.254930 1.208981
v -0.373276 -0.603620 0.925032
v -0.094655 -0.247709 -0.936133
v -0.741156 0.599262 0.437731
v 0.415923 0.751025 -0.446997
v 0.550301 0.636186 -0.625938
v 1.011441 1.618129 0.972516
v -0.540330 0.072620 0.826495
v 0.227225 -1.154148 -0.706210
v -0.670459 -1.165542 0.678834
v -0.676849 -1.021376 0.689183
v 0.348007 0.755061 0.119885
v -0.269108 -0.388134 -0.961329
v 0.137032 -0.098934 0.677476
v -1.243252 -0.640754 0.561434
v -0.591953 -1.169046 -0.588097
v 0.675269 1.732643 1.424977
v 0.038163 -0.808628 0.484045
v 0.601861 -0.964066 -0.691638
v -1.263266 0.391462 0.323024
v -0.704599 -0.877231 0.778991
v -0.955909 0.710060 0.154847
v -1.088628 0.665802 -0.064989
v 0.090032 -0.852243 0.398096
v 0.270758 -1.212059 0.248007
v 0.229202 -1.211616 0.471098
v -0.291316 -0.608546 0.945564
v 0.788488 -1.155853 -0.109783
v 0.752672 -1.196836 -0.459388
v 0.768543 -1.164178 -0.583541
v -1.278104 -1.187101 -0.028064
v 1.031204 1.568088 0.966623
v -0.148470 -1.211766 0.609659
v 0.945750 -0.536062 -0.176301
v 0.972971 0.827650 -0.892572
v -1.507990 -0.844463 -0.490586
v 0.431181 0.907502 0.133508
v -0.140197 -0.428051 0.973633
v -0.965137 -1.038853 -0.722056
v -0.907137 -1.166056 -0.714215
v 0.482298 -0.840796 -0.364869
v 0.452701 -1.199947 0.441676
v 1.222406 0.102895 0.042487
v -1.137187 -1.091439 -0.472264
v 0.777264 -1.146874 -0.450201
v 0.989722 0.020735 0.443157
v 0.326471 0.626922 -0.323235
v 0.714645 1.783655 1.398907
v -1.549985 -0.398175 -0.217661
v -1.594493 -0.396007 -0.127821
v 0.920482 0.434740 -0.863489
v -1.251326 0.525007 -0.030938
v -1.571241 -0.437827 0.081574
v 0.287382 0.703947 -0.195576
v -0.047457 0.247596 0.655678
v 1.031372 -0.226539 -0.529370
v 0.481073 -0.749523 -0.342665
v 0.926608 0.434924 0.321660
v -0.747629 -1.017500 -0.756441
v -1.454152 -0.058762 0.362069
v 0.786654 -1.000537 0.015737
v 0.844779 -0.646605 -0.133812
v 0.840661 -0.644645 -0.020125
v 0.965192 1.268881 0.143730
v 1.126235 0.160387 0.252470
v -1.803339 -0.640795 -0.292500
v -0.327033 -0.929119 -0.811443
v -0.271728 -0.808029 -0.848620
v -1.243824 -0.761208 0.495408
v -1.065286 -0.756317 0.718133
v -1.526461 -0.494418 -0.330788
v 0.003353 0.544986 -0.414804
v 0.166378 0.391059 -0.547331
v -0.751128 -0.343096 0.881760
v 0.097097 -0.877962 -0.615461
v -1.061851 -0.985716 0.542843
v -0.997323 -1.032109 0.623018
v -0.969664 0.178322 0.638525
v 0.002495 0.164866 -0.703964
v -0.098655 0.169445 -0.725761
v 0.515777 -0.932520 -0.354149
v -0.746460 -1.167111 -0.475122
v 1.122936 0.370460 -0.401238
v 0.404699 0.524146 -0.459537
v -1.685174 -0.457466 -0.305573
v -1.769253 -0.870370 0.009607
v 0.225986 1.381619 0.129780
v 0.909086 1.174139 0.940559
v 0.805559 -0.116328 -0.711284
v 0.644083 -0.022472 -0.758457
v -1.311679 0.154253 -0.538173
v -1.379768 -1.107677 0.164775
v 0.969752 1.134197 0.367011
v -0.661999 0.400382 -0.680597
v -1.418534 -0.492412 0.396840
v 1.144400 1.049782 0.077146
v 1.177134 0.934513 0.121600
v 1.009581 1.109358 0.254256
v -0.248243 -0.605855 -0.903528
v -1.183625 -0.565880 0.605277
v -0.286939 -0.736115 0.898117
v 0.676959 0.423557 -0.583153
v 0.743223 0.335729 -0.600124
v 0.639666 0.579312 0.368894
v 0.532313 0.435376 -0.541701
v 0.985834 1.230066 -0.503505
v -0.019533 0.009760 0.719719
v -1.441037 -0.959420 -0.460338
v 0.663845 1.613214 1.454315
v 0.012789 -0.867068 0.608231
v -0.411706 0.171070 -0.748436
v -0.294356 0.191260 -0.712350
v -0.872923 -0.095284 0.805259
v -1.173109 -0.948182 -0.569326
v 0.082781 -1.086865 -0.856421
v 0.422932 1.035302 -0.022235
v 1.178953 0.329156 -0.011695
v 0.355537 -1.204884 0.012234
v 0.476607 -1.221103 0.044373
v 0.129080 0.248829 0.611747
v 0.367321 0.325224 0.566615
v 1.307757 0.444974 -0.171670
v 1.159342 -0.109174 -0.382070
v 0.024779 -0.527275 0.748712
v -1.379095 -1.099158 -0.285984
v 1.244817 -0.074373 -0.072849
v 1.243181 -0.057494 -0.229971
v 0.121088 -0.380851 0.594984
v 1.290361 0.470312 -0.643587
v -0.286256 -0.162953 0.991889
v -0.346576 -0.013790 0.923739
v 0.432003 -0.892069 -0.587635
v -0.351872 -1.020287 -0.851579
v -0.144412 -0.983667 -0.912675
v -1.779183 -0.511128 0.110924
v 0.755988 0.377260 -0.613011
v 0.053165 0.694763 0.010675
v -0.732428 -1.126368 0.404829
v -0.711368 -1.117733 0.328800
v -0.772297 0.015878 0.804739
v -0.801423 -1.188833 -0.381129
v 0.181397 -1.205003 -0.383062
v -0.348367 1.859460 0.739611
v 0.735642 1.104804 0.610200
v -0.009014 -1.189797 0.794895
v -0.390914 -1.161238 0.711355
v -1.182754 -0.314078 -0.747258
v -0.252604 -1.000445 0.753154
v 0.635096 1.123697 -0.566041
v 0.574363 1.257724 -0.383849
v -0.019930 -0.397464 0.904404
v -0.091815 -0.600763 0.867070
v 0.874557 1.812815 1.261899
v 0.823874 0.638469 -0.903513
v 0.664596 0.680893 -0.692343
v 0.062383 1.363279 0.139240
v 0.658129 -0.281420 -0.699299
v 0.552299 1.288835 -0.075198
v 0.567434 1.311761 -0.021389
v 1.276323 0.811338 0.025907
v -1.418156 -0.642250 -0.455384
v 0.964755 0.708694 -0.912045
v 1.354821 0.618867 -0.276006
v -0.148911 -1.158028 -0.586503
v 0.493405 -0.728303 -0.256081
v 0.571527 -0.885353 0.016186
v -0.205673 1.936637 0.581984
v -0.428791 0.776274 -0.159630
v -0.680303 -0.714068 0.827594
v 0.754938 1.015530 0.378674
v -0.560176 -0.509110 -0.984035
v 0.756319 -0.521033 -0.500297
v -1.325705 -0.844456 -0.474661
v -0.344838 0.436379 0.541723
v -0.009514 -0.805240 -0.566924
v 0.688958 1.183883 0.367206
v -0.412403 0.144617 0.691209
v -0.314830 0.215128 0.664484
v 0.233715 0.651119 0.371321
v -0.781799 0.596919 -0.542664
v -0.853407 0.433245 -0.605362
v 0.858903 1.497060 1.164925
v 0.145162 -1.209422 0.811959
v -0.006106 -1.219843 0.761001
v 0.173936 -0.190742 -0.721402
v -1.454987 -0.175752 -0.452592
v -1.621227 -0.651368 0.263832
v -1.515239 -0.554594 0.189457
v 0.671681 -1.201507 -0.218004
v 0.683515 -1.175800 -0.221022
v 1.013208 -0.396849 0.279432
v -1.541037 -0.052560 0.051388
v -0.293114 -0.033855 -0.976988
v 0.282402 1.466427 0.399854
v -1.318754 -0.061461 0.528818
v 0.140633 -1.200406 -0.517824
v 0.743852 0.066425 -0.697522
v 0.883942 1.103136 0.624347
v 0.643557 1.297021 0.032986
v -0.578845 0.525028 -0.624960
v 1.111525 -0.256913 -0.391287
v 0.443290 1.158106 -0.079856
v 0.440358 -0.524299 0.452795
v 0.071366 -0.700985 0.457369
v 0.791869 1.571813 0.803051
v -0.415036 0.069553 -0.925385
v -0.499903 -0.726065 -0.931406
v -0.038049 0.659445 -0.171138
v 0.133430 0.697088 -0.183370
v 1.280720 0.453414 -0.504680
v 1.214806 1.197319 -0.050083
v 0.285257 -0.866869 -0.625872
v 0.276355 -0.515965 -0.670533
v 1.204515 0.381983 -0.593673
v 1.283960 1.071450 -0.330513
v -1.038528 0.458594 0.443633
v 0.515391 0.100945 -0.708248
v 0.355127 1.126651 0.244147
v -1.299834 -0.665404 -0.622972
v -0.655627 0.446698 0.584883
v 0.399081 1.056771 0.141972
v 0.497983 -1.000780 -0.213060
v -0.568234 0.393022 0.591476
v -1.735497 -0.555596 -0.358207
v 0.698330 0.202339 0.551380
v 0.820919 0.144057 0.501437
v -1.019848 -0.758128 -0.804458
v -0.917067 -0.803890 -0.810322
v 0.969604 0.510122 -0.892567
v 0.957776 1.306497 0.272307
v 0.498449 -1.220739 -0.275629
v 1.089971 0.371393 0.181971
v -0.829286 -0.786426 -0.888383
v 0.601950 -0.935231 0.213722
v 0.846108 1.537364 0.635933
v 1.283060 0.480035 0.027584
v 1.244616 1.009294 -0.477958
v 0.327447 -1.124020 0.635462
v 0.507352 0.953728 -0.394201
v 0.549877 0.909018 -0.481256
v 0.684813 1.244329 0.814667
v 0.260161 0.495194 0.490379
v 0.718454 1.228277 0.286274
v -0.439261 -0.301130 -1.011391
v 0.010161 -0.086597 -0.731928
v 0.466956 1.219066 0.261522
v -0.639361 -1.208360 0.070337
v 1.244682 0.920357 -0.088710
v 1.168034 -0.274369 -0.173841
v 0.146082 -1.180684 -0.058534
v 1.005435 1.344031 0.596960
v -0.626612 -1.200114 0.524153
v 0.868410 -1.082940 0.030404
v 0.890779 -1.179389 0.021544
v -0.118568 1.726970 0.604242
v 0.314179 -1.216786 0.660187
v 0.593970 1.206187 -0.488259
v 1.275778 0.864675 -0.204815
v 0.735847 -1.164571 -0.332482
v -0.067775 -1.132406 -0.130352
v -0.638136 -1.109764 -0.520510
v 0.642252 -0.946252 -0.619718
v -0.308765 -1.214929 0.676055
v -1.307522 -0.852389 0.324767
v -0.245194 0.303821 -0.683679
v -0.036209 0.667175 0.085514
v 0.937208 1.000274 0.321000
v 0.900923 1.028943 0.365694
v 0.957847 0.159064 0.424900
v -0.318432 1.661861 0.590303
v -1.100363 -1.091628 0.277642
v -0.647794 -0.238692 0.902303
v -0.050659 1.836487 0.383255
v 0.018595 0.601702 0.307114
v -0.733744 -0.944825 -0.836139
v 0.830845 0.469593 0.359720
v 1.104634 0.300448 -0.385510
v -1.176991 -0.043464 0.618304
v 0.140162 -0.988774 0.731963
v -0.229545 0.463483 0.527969
v -0.390488 -1.166273 -0.633854
v 0.946444 0.318473 -0.609169
v 0.497504 -0.825375 0.315783
v 0.363892 0.164077 -0.685800
v 0.528101 -0.238599 0.621822
v -0.073295 -1.191291 -0.886527
v 1.188272 0.589667 0.220161
v -0.264099 1.505697 0.580914
v 0.028985 -0.274747 -0.684281
v -0.257602 1.934888 0.624772
v 0.664664 1.336366 0.702549
v 0.536785 1.084065 -0.429416
v 0.149137 -0.784395 -0.617620
v -0.793490 -1.198151 0.454984
v 0.573819 -1.188448 -0.760502
v 0.248174 -1.202691 0.207997
v -0.914157 0.079470 -0.809363
v -1.166023 -0.884322 0.572442
v 0.392644 -1.006964 0.402229
v 1.257262 1.130976 -0.059591
v -0.530695 -1.121197 0.049892
v 0.672617 0.078835 0.565261
v 0.723052 1.365818 1.324372
v -0.223955 -1.184088 0.737757
v 0.678214 1.481020 1.409886
v -1.022797 -0.833039 0.712238
v 0.876979 1.288345 0.102864
v -1.559348 -0.362540 -0.078697
v -0.860470 -1.192836 -0.479093
v 0.318589 1.240633 0.018490
v -0.745989 0.119763 -0.816244
v 0.579438 1.137397 0.213621
v 0.193108 -1.169711 -0.708374
v 1.215619 0.418707 -0.712271
v -1.688663 -0.402840 -0.191309
v -1.547621 -0.387535 0.093073
v -0.177298 1.341759 0.321528
v 0.449857 -0.944419 -0.174388
v 1.179259 0.324830 -0.169681
v -1.112837 -0.290129 -0.813995
v -1.535532 -0.923650 0.269045
v 1.122309 0.767850 -0.872135
v -0.478464 -0.329082 0.950552
v -0.625695 -1.172360 -0.771272
v -1.723777 -0.408666 -0.007870
v -0.346827 1.745581 0.784919
v 0.052795 -1.180516 -0.154657
v -1.282524 -0.073963 -0.676481
v -1.062702 -0.587009 0.709535
v -1.074731 0.621300 -0.371457
v 0.433270 -0.799683 -0.145992
v 1.072458 0.683974 -0.896016
v 0.086109 -0.161168 0.717875
v -0.120213 -1.151643 -0.930700
v 0.008694 -1.170490 -0.899229
v -0.697853 -0.847105 -0.907739
v -1.489095 -0.472714 -0.360629
v -0.172036 -1.113505 -0.572163
v -0.270096 0.667223 0.257061
v 0.538365 -0.626473 0.337606
v 0.825115 1.109951 0.740457
v -0.015497 1.293560 0.350861
v 0.268355 -0.936244 -0.644079
v -0.716066 -1.213628 -0.074121
v -0.724759 -1.196726 -0.598300
v 0.728519 1.263997 0.131672
v 0.378701 -1.077219 0.430725
v 0.373379 1.094441 0.036718
v -0.619436 -1.198540 -0.177736
v 0.980100 -0.090624 -0.612405
v -1.700778 -0.731300 -0.406735
v -1.026505 -0.499662 0.758475
v 0.222783 -1.197034 -0.651579
v 0.838998 1.033811 -0.740321
v 0.517944 1.211620 -0.351422
v 0.232392 -1.208106 0.773801
v 0.389658 -1.208602 0.475806
v 1.026958 1.517772 0.915108
v 0.528082 -0.585291 -0.517561
v 0.953167 1.246551 0.540371
v 0.183951 0.338906 0.582317
v -0.390261 -1.107879 -0.584803
v -1.245125 0.485761 0.204397
v -0.619390 0.180020 -0.731494
v 0.749432 1.124302 -0.623252
v 0.109802 1.677999 0.222874
v -0.254722 0.050150 0.852936
v -0.750796 -0.380136 -0.980097
v -1.396384 -0.753202 0.304998
v -0.001314 -1.148321 -0.368836
v -1.470361 -0.860443 0.322166
v 0.646676 -1.220471 0.375759
v 0.549031 1.387711 0.154578
vt 0.913016 0.023958
vt 0.937977 0.054008
vt 0.933227 0.034451
vt 0.732102 0.832523
vt 0.721900 0.846780
vt 0.730110 0.843825
vt 0.720600 0.848870
vt 0.456870 0.213760
vt 0.457190 0.213570
vt 0.457190 0.211660
vt 0.720490 0.848940
vt 0.712777 0.860559
vt 0.719460 0.850590
vt 0.455170 0.213990
vt 0.455170 0.211990
vt 0.454940 0.213700
vt 0.701436 0.860107
vt 0.711545 0.816122
vt 0.713626 0.873317
vt 0.722095 0.868698
vt 0.703250 0.875730
vt 0.701290 0.875450
vt 0.703850 0.873330
vt 0.907890 0.005610
vt 0.906920 0.004600
vt 0.886901 0.010000
vt 0.909458 0.017743
vt 0.701550 0.876640
vt 0.695820 0.880320
vt 0.700350 0.877090
vt 0.887589 0.012928
vt 0.847147 0.039512
vt 0.903110 0.003590
vt 0.899210 0.003270
vt 0.897160 0.003330
vt 0.689280 0.884370
vt 0.691590 0.883200
vt 0.894010 0.002680
vt 0.233010 0.468360
vt 0.234510 0.467580
vt 0.235730 0.465630
vt 0.686360 0.886950
vt 0.889890 0.002220
vt 0.463970 0.212760
vt 0.464690 0.212990
vt 0.466590 0.211090
vt 0.682600 0.889940
vt 0.884860 0.003310
vt 0.461910 0.214150
vt 0.461170 0.213170
vt 0.461540 0.214730
vt 0.462520 0.214520
vt 0.459380 0.215420
vt 0.459710 0.213230
vt 0.458970 0.211970
vt 0.678090 0.892840
vt 0.462490 0.213760
vt 0.881470 0.004300
vt 0.869685 0.012580
vt 0.172660 0.345460
vt 0.172660 0.340930
vt 0.171930 0.343360
vt 0.653397 0.907064
vt 0.675380 0.895530
vt 0.410513 0.670913
vt 0.400828 0.647576
vt 0.370856 0.671606
vt 0.404279 0.717753
vt 0.374317 0.717903
vt 0.396978 0.739594
vt 0.335969 0.773519
vt 0.320591 0.717530
vt 0.296656 0.741089
vt 0.446293 0.419800
vt 0.438074 0.384742
vt 0.402836 0.407340
vt 0.360330 0.485264
vt 0.371667 0.498718
vt 0.390453 0.492884
vt 0.810085 0.363040
vt 0.788511 0.395842
vt 0.836739 0.388284
vt 0.709835 0.668884
vt 0.775369 0.645443
vt 0.762555 0.637031
vt 0.556604 0.657947
vt 0.525502 0.668893
vt 0.555162 0.695656
vt 0.321391 0.622688
vt 0.290730 0.641232
vt 0.339317 0.635162
vt 0.564776 0.835250
vt 0.592373 0.830373
vt 0.587011 0.804195
vt 0.454210 0.572224
vt 0.478630 0.582098
vt 0.463095 0.528032
vt 0.858843 0.011551
vt 0.823242 0.030044
vt 0.691381 0.447017
vt 0.729119 0.468744
vt 0.729165 0.437101
vt 0.653083 0.532090
vt 0.662676 0.515417
vt 0.636987 0.509884
vt 0.636959 0.616613
vt 0.593572 0.618473
vt 0.625940 0.648858
vt 0.878772 0.238812
vt 0.854399 0.235662
vt 0.879509 0.268877
vt 0.868552 0.209102
vt 0.325631 0.676264
vt 0.294598 0.689193
vt 0.835926 0.484568
vt 0.824086 0.516779
vt 0.842612 0.523095
vt 0.428044 0.321538
vt 0.392226 0.332612
vt 0.396384 0.355762
vt 0.416411 0.810745
vt 0.432927 0.848474
vt 0.468927 0.820696
vt 0.835569 0.602962
vt 0.826298 0.632468
vt 0.855350 0.623054
vt 0.525920 0.640598
vt 0.545222 0.649768
vt 0.754460 0.234912
vt 0.754425 0.285218
vt 0.777455 0.256550
vt 0.115482 0.687898
vt 0.183578 0.696671
vt 0.115704 0.669242
vt 0.755131 0.350187
vt 0.749647 0.379963
vt 0.787071 0.374382
vt 0.145446 0.645211
vt 0.159258 0.667214
vt 0.203070 0.669219
vt 0.632586 0.765803
vt 0.618638 0.763864
vt 0.627689 0.776947
vt 0.664959 0.195917
vt 0.692466 0.220058
vt 0.671051 0.180590
vt 0.610354 0.151941
vt 0.627143 0.173716
vt 0.645538 0.143270
vt 0.387409 0.454120
vt 0.423056 0.434368
vt 0.346537 0.611294
vt 0.928421 0.186204
vt 0.893527 0.189930
vt 0.927040 0.215293
vt 0.730720 0.390110
vt 0.706930 0.356547
vt 0.693885 0.370325
vt 0.696968 0.426760
vt 0.662257 0.396131
vt 0.661532 0.429972
vt 0.548972 0.609996
vt 0.901702 0.318763
vt 0.907474 0.348625
vt 0.926810 0.328079
vt 0.589039 0.726348
vt 0.572032 0.692686
vt 0.558970 0.723923
vt 0.109680 0.570659
vt 0.093147 0.559365
vt 0.099002 0.566076
vt 0.383418 0.802459
vt 0.407784 0.834079
vt 0.349070 0.740397
vt 0.393880 0.531052
vt 0.420720 0.516757
vt 0.427653 0.466369
vt 0.568591 0.628534
vt 0.576875 0.669601
vt 0.594931 0.675508
vt 0.635079 0.093303
vt 0.687332 0.062370
vt 0.655622 0.052354
vt 0.868983 0.380888
vt 0.846927 0.388408
vt 0.866111 0.411863
vt 0.804761 0.606546
vt 0.806593 0.631566
vt 0.440864 0.253342
vt 0.429584 0.298610
vt 0.460687 0.265342
vt 0.649261 0.471575
vt 0.626031 0.483402
vt 0.660620 0.483335
vt 0.429823 0.710770
vt 0.415459 0.697872
vt 0.842078 0.095214
vt 0.828381 0.095683
vt 0.858769 0.161195
vt 0.934945 0.163625
vt 0.894760 0.168487
vt 0.319832 0.596571
vt 0.321394 0.577016
vt 0.306167 0.580502
vt 0.259484 0.616998
vt 0.274691 0.589819
vt 0.249856 0.595932
vt 0.626037 0.563128
vt 0.644964 0.590298
vt 0.665763 0.584379
vt 0.363391 0.632254
vt 0.366797 0.605968
vt 0.060119 0.567325
vt 0.091868 0.582136
vt 0.886643 0.354984
vt 0.882358 0.392924
vt 0.887630 0.415750
vt 0.904228 0.392256
vt 0.433494 0.618061
vt 0.496131 0.614566
vt 0.499873 0.652072
vt 0.513721 0.652634
vt 0.485372 0.460188
vt 0.503863 0.410416
vt 0.474336 0.412641
vt 0.513220 0.459030
vt 0.553707 0.459669
vt 0.767631 0.075658
vt 0.776278 0.123903
vt 0.790911 0.085168
vt 0.735020 0.782580
vt 0.827057 0.747555
vt 0.770441 0.731603
vt 0.719691 0.787265
vt 0.738382 0.752453
vt 0.718559 0.740035
vt 0.652231 0.213806
vt 0.671892 0.234257
vt 0.768160 0.440951
vt 0.762229 0.404876
vt 0.759790 0.474191
vt 0.757587 0.109802
vt 0.683510 0.159762
vt 0.738314 0.148592
vt 0.866147 0.492022
vt 0.849931 0.529574
vt 0.866655 0.520215
vt 0.434723 0.686757
vt 0.450354 0.721579
vt 0.452918 0.697154
vt 0.844890 0.479867
vt 0.706597 0.720771
vt 0.677537 0.757076
vt 0.702186 0.779814
vt 0.700176 0.575220
vt 0.682008 0.569773
vt 0.683571 0.588151
vt 0.570920 0.229602
vt 0.606270 0.221893
vt 0.590143 0.198722
vt 0.728452 0.551285
vt 0.736217 0.587900
vt 0.751942 0.555173
vt 0.711105 0.319886
vt 0.758786 0.326451
vt 0.018457 0.612905
vt 0.045614 0.659837
vt 0.029620 0.613300
vt 0.007735 0.604483
vt 0.027468 0.664933
vt 0.721889 0.607286
vt 0.725229 0.620632
vt 0.746281 0.604743
vt 0.349723 0.659801
vt 0.602737 0.252503
vt 0.592101 0.280115
vt 0.612549 0.276294
vt 0.627379 0.327087
vt 0.603139 0.305462
vt 0.613631 0.345585
vt 0.818532 0.207864
vt 0.838862 0.230681
vt 0.845738 0.221362
vt 0.601785 0.391959
vt 0.584359 0.360545
vt 0.563678 0.399557
vt 0.835915 0.067628
vt 0.819781 0.236576
vt 0.806140 0.228153
vt 0.245573 0.703356
vt 0.249599 0.759258
vt 0.279205 0.750686
vt 0.241090 0.500733
vt 0.240827 0.533388
vt 0.296294 0.485163
vt 0.583634 0.872643
vt 0.584927 0.858283
vt 0.564026 0.851763
vt 0.407277 0.544567
vt 0.391649 0.553135
vt 0.409397 0.557530
vt 0.068451 0.538312
vt 0.055830 0.528472
vt 0.037725 0.562899
vt 0.540474 0.712242
vt 0.505642 0.749457
vt 0.542788 0.760898
vt 0.470214 0.332929
vt 0.432942 0.347427
vt 0.707932 0.227370
vt 0.698637 0.247798
vt 0.275397 0.674890
vt 0.581934 0.749280
vt 0.605702 0.758050
vt 0.601872 0.734441
vt 0.384718 0.590715
vt 0.380401 0.578018
vt 0.372846 0.597858
vt 0.250316 0.657982
vt 0.269409 0.705689
vt 0.845224 0.277179
vt 0.860263 0.309866
vt 0.307038 0.557466
vt 0.341799 0.535324
vt 0.320950 0.528293
vt 0.852231 0.342052
vt 0.828429 0.327836
vt 0.685114 0.475396
vt 0.673338 0.501034
vt 0.661023 0.449355
vt 0.792307 0.624354
vt 0.731814 0.346235
vt 0.597155 0.097466
vt 0.577001 0.107309
vt 0.591784 0.132680
vt 0.782582 0.307708
vt 0.744073 0.304359
vt 0.779910 0.328652
vt 0.804204 0.328489
vt 0.853722 0.564800
vt 0.873895 0.542959
vt 0.821530 0.548227
vt 0.059011 0.620481
vt 0.082474 0.631011
vt 0.082009 0.622793
vt 0.780628 0.047229
vt 0.786382 0.054812
vt 0.508358 0.544657
vt 0.527391 0.557654
vt 0.510762 0.509893
vt 0.418041 0.593733
vt 0.431207 0.605145
vt 0.428538 0.572014
vt 0.598305 0.190309
vt 0.630518 0.192103
vt 0.647008 0.172447
vt 0.711958 0.505101
vt 0.709451 0.477508
vt 0.824987 0.706344
vt 0.805454 0.712036
vt 0.840027 0.698424
vt 0.165576 0.703650
vt 0.060103 0.627697
vt 0.066991 0.652709
vt 0.788101 0.040198
vt 0.818392 0.060140
vt 0.513122 0.583853
vt 0.522820 0.597620
vt 0.791919 0.704669
vt 0.822802 0.696894
vt 0.781318 0.699543
vt 0.794264 0.518644
vt 0.586950 0.891547
vt 0.569939 0.874272
vt 0.537249 0.900790
vt 0.582969 0.547477
vt 0.605571 0.552536
vt 0.609554 0.524271
vt 0.529939 0.842108
vt 0.505094 0.836341
vt 0.511768 0.873254
vt 0.462787 0.654623
vt 0.461348 0.627800
vt 0.431991 0.656330
vt 0.482713 0.780191
vt 0.486680 0.836537
vt 0.510706 0.808631
vt 0.814984 0.245688
vt 0.796388 0.259999
vt 0.808452 0.280099
vt 0.755854 0.068363
vt 0.729621 0.636518
vt 0.614982 0.411802
vt 0.544665 0.828822
vt 0.568603 0.791861
vt 0.574216 0.768989
vt 0.354277 0.586187
vt 0.746350 0.663137
vt 0.772987 0.678936
vt 0.581903 0.330113
vt 0.541179 0.507392
vt 0.718769 0.286674
vt 0.696428 0.299776
vt 0.481501 0.716488
vt 0.493466 0.690191
vt 0.262085 0.338307
vt 0.261081 0.362524
vt 0.282339 0.369512
vt 0.300636 0.348162
vt 0.312220 0.399832
vt 0.971293 0.142172
vt 0.932533 0.137758
vt 0.962976 0.131555
vt 0.434543 0.529722
vt 0.462200 0.493274
vt 0.434729 0.506993
vt 0.889679 0.505249
vt 0.917518 0.493517
vt 0.898608 0.477565
vt 0.368912 0.393421
vt 0.704209 0.203623
vt 0.417153 0.572014
vt 0.187435 0.329235
vt 0.243213 0.391900
vt 0.238569 0.373136
vt 0.862547 0.441384
vt 0.845208 0.431955
vt 0.692927 0.395889
vt 0.845426 0.255523
vt 0.608624 0.500690
vt 0.592996 0.525379
vt 0.513310 0.706851
vt 0.686188 0.549531
vt 0.648670 0.557135
vt 0.694903 0.526510
vt 0.334295 0.337540
vt 0.346103 0.319663
vt 0.291485 0.287088
vt 0.904988 0.544298
vt 0.878951 0.564592
vt 0.893695 0.596193
vt 0.777331 0.544646
vt 0.797928 0.570280
vt 0.207686 0.310518
vt 0.203870 0.305661
vt 0.195945 0.311566
vt 0.695880 0.722716
vt 0.631434 0.585941
vt 0.395809 0.589291
vt 0.402398 0.581973
vt 0.744303 0.754213
vt 0.568404 0.535814
vt 0.710972 0.523563
vt 0.689288 0.513013
vt 0.343699 0.562252
vt 0.575734 0.602859
vt 0.550652 0.587087
vt 0.564620 0.611086
vt 0.636885 0.109418
vt 0.577617 0.586167
vt 0.479192 0.612139
vt 0.485401 0.639477
vt 0.480620 0.358860
vt 0.885417 0.313330
vt 0.493182 0.762846
vt 0.532761 0.786451
vt 0.675840 0.691480
vt 0.662287 0.674508
vt 0.637508 0.681937
vt 0.680319 0.721958
vt 0.692487 0.712291
vt 0.911244 0.227941
vt 0.577258 0.842888
vt 0.589161 0.845562
vt 0.775053 0.353952
vt 0.576219 0.476841
vt 0.929102 0.401205
vt 0.931351 0.362360
vt 0.306592 0.615223
vt 0.207439 0.617805
vt 0.208597 0.587682
vt 0.176589 0.603541
vt 0.883248 0.171847
vt 0.875187 0.155577
vt 0.876491 0.183543
vt 0.047247 0.579782
vt 0.696784 0.465555
vt 0.622588 0.288807
vt 0.656594 0.273112
vt 0.699188 0.599445
vt 0.624422 0.081479
vt 0.621066 0.118321
vt 0.441296 0.765548
vt 0.457624 0.744992
vt 0.627617 0.066237
vt 0.249221 0.482738
vt 0.533828 0.877925
vt 0.534708 0.858977
vt 0.764832 0.526895
vt 0.394648 0.564710
vt 0.674289 0.334798
vt 0.642482 0.327476
vt 0.667474 0.350745
vt 0.375601 0.852309
vt 0.411139 0.863486
vt 0.546120 0.792184
vt 0.521785 0.816773
vt 0.538573 0.818329
vt 0.733281 0.174952
vt 0.756236 0.197707
vt 0.043117 0.621151
vt 0.506565 0.314323
vt 0.770429 0.568535
vt 0.749885 0.535216
vt 0.549355 0.272870
vt 0.520952 0.261455
vt 0.532715 0.281855
vt 0.874792 0.352808
vt 0.628877 0.436888
vt 0.636801 0.426724
vt 0.313836 0.811429
vt 0.276939 0.805869
vt 0.299491 0.832953
vt 0.513717 0.615311
vt 0.500839 0.588194
vt 0.959328 0.332720
vt 0.198535 0.702450
vt 0.209871 0.682791
vt 0.195477 0.685411
vt 0.176518 0.716504
vt 0.186262 0.721413
vt 0.631075 0.300224
vt 0.656808 0.307076
vt 0.670552 0.293426
vt 0.696698 0.807775
vt 0.635177 0.810117
vt 0.651834 0.824406
vt 0.178691 0.358502
vt 0.225972 0.414214
vt 0.189332 0.352473
vt 0.935506 0.209525
vt 0.968224 0.227183
vt 0.278075 0.416119
vt 0.336651 0.418436
vt 0.607179 0.817566
vt 0.614257 0.820539
vt 0.332459 0.827002
vt 0.605600 0.469205
vt 0.627624 0.452680
vt 0.590383 0.452400
vt 0.191171 0.309033
vt 0.206309 0.280732
vt 0.032334 0.571806
vt 0.058727 0.563552
vt 0.711586 0.573222
vt 0.699809 0.179057
vt 0.720680 0.161274
vt 0.618896 0.595814
vt 0.733861 0.231621
vt 0.146220 0.540686
vt 0.085076 0.546130
vt 0.133925 0.550122
vt 0.394688 0.618352
vt 0.417271 0.621808
vt 0.122030 0.626854
vt 0.108476 0.632030
vt 0.474279 0.858162
vt 0.450302 0.876909
vt 0.670056 0.748178
vt 0.651544 0.757863
vt 0.813424 0.132749
vt 0.832249 0.166723
vt 0.818824 0.120066
vt 0.800070 0.150320
vt 0.796764 0.192355
vt 0.812694 0.179284
vt 0.652311 0.602358
vt 0.671771 0.615516
vt 0.386461 0.565086
vt 0.546597 0.166595
vt 0.591257 0.156472
vt 0.563709 0.147920
vt 0.612911 0.129800
vt 0.375552 0.563680
vt 0.689383 0.071496
vt 0.579996 0.305828
vt 0.602320 0.773393
vt 0.396029 0.767297
vt 0.412987 0.738231
vt 0.436706 0.721902
vt 0.423851 0.741128
vt 0.731184 0.029422
vt 0.712502 0.029315
vt 0.705831 0.056229
vt 0.456436 0.455520
vt 0.208532 0.650643
vt 0.166704 0.638838
vt 0.476039 0.746994
vt 0.694347 0.339496
vt 0.376139 0.343237
vt 0.203063 0.730831
vt 0.189578 0.738281
vt 0.686703 0.860747
vt 0.662036 0.867753
vt 0.765502 0.590353
vt 0.759486 0.611555
vt 0.792806 0.180168
vt 0.764372 0.160603
vt 0.783996 0.237052
vt 0.597733 0.787243
vt 0.613154 0.791784
vt 0.357082 0.499883
vt 0.805794 0.446064
vt 0.836200 0.423487
vt 0.921805 0.286461
vt 0.694748 0.693622
vt 0.707183 0.711640
vt 0.378961 0.477953
vt 0.376700 0.827384
vt 0.464825 0.678055
vt 0.216516 0.548739
vt 0.233990 0.556433
vt 0.895281 0.446107
vt 0.915735 0.468003
vt 0.101826 0.642483
vt 0.688573 0.656213
vt 0.682911 0.672144
vt 0.764437 0.724380
vt 0.748937 0.216247
vt 0.494030 0.257136
vt 0.474363 0.298415
vt 0.897964 0.246231
vt 0.556497 0.541869
vt 0.574213 0.561347
vt 0.556166 0.560396
vt 0.824295 0.690404
vt 0.281840 0.392547
vt 0.266153 0.476015
vt 0.234493 0.289464
vt 0.246043 0.305424
vt 0.263383 0.306677
vt 0.380040 0.545869
vt 0.366092 0.519492
vt 0.109415 0.594268
vt 0.342416 0.852191
vt 0.314292 0.848044
vt 0.354685 0.874797
vt 0.729688 0.501350
vt 0.234396 0.484490
vt 0.504081 0.359005
vt 0.499138 0.387021
vt 0.231316 0.579630
vt 0.225616 0.614178
vt 0.357044 0.782171
vt 0.780626 0.148838
vt 0.287572 0.326311
vt 0.243689 0.318462
vt 0.269511 0.334371
vt 0.448314 0.569727
vt 0.437566 0.605617
vt 0.454258 0.547776
vt 0.286983 0.585016
vt 0.289119 0.617939
vt 0.298744 0.601827
vt 0.593496 0.854548
vt 0.022006 0.586440
vt 0.043749 0.601521
vt 0.545299 0.217623
vt 0.572134 0.429772
vt 0.633251 0.754956
vt 0.638928 0.764733
vt 0.675960 0.747413
vt 0.527058 0.231121
vt 0.513495 0.171530
vt 0.495649 0.193354
vt 0.502074 0.215504
vt 0.472210 0.219258
vt 0.384565 0.691357
vt 0.381885 0.610149
vt 0.714908 0.265116
vt 0.692873 0.262346
vt 0.868472 0.675875
vt 0.833481 0.680166
vt 0.691397 0.281763
vt 0.706425 0.069705
vt 0.723064 0.081765
vt 0.751108 0.493832
vt 0.342081 0.496139
vt 0.531674 0.614430
vt 0.013311 0.585099
vt 0.421440 0.543968
vt 0.422921 0.556381
vt 0.791655 0.473255
vt 0.264175 0.633310
vt 0.511745 0.906385
vt 0.320121 0.656819
vt 0.543146 0.783668
vt 0.489329 0.534979
vt 0.846780 0.194646
vt 0.423182 0.789373
vt 0.423270 0.766275
vt 0.684310 0.313197
vt 0.838192 0.450283
vt 0.686358 0.031844
vt 0.624423 0.745049
vt 0.615266 0.752849
vt 0.787268 0.066484
vt 0.797606 0.081461
vt 0.957878 0.173077
vt 0.982975 0.182504
vt 0.971072 0.156160
vt 0.595665 0.635160
vt 0.547780 0.331902
vt 0.865633 0.314091
vt 0.854331 0.357701
vt 0.792718 0.289810
vt 0.575171 0.251653
vt 0.569581 0.278621
vt 0.442975 0.797985
vt 0.711289 0.629286
vt 0.463036 0.789929
vt 0.955025 0.268798
vt 0.957012 0.239903
vt 0.231572 0.725750
vt 0.824877 0.286321
vt 0.162827 0.618629
vt 0.640141 0.699706
vt 0.626943 0.719733
vt 0.866986 0.596736
vt 0.874169 0.614750
vt 0.219678 0.650625
vt 0.253462 0.327297
vt 0.241197 0.324201
vt 0.629223 0.544640
vt 0.691402 0.625995
vt 0.556738 0.750051
vt 0.360041 0.363619
vt 0.230009 0.521708
vt 0.377761 0.623355
vt 0.879867 0.474912
vt 0.865533 0.462669
vt 0.331310 0.797453
vt 0.776910 0.605601
vt 0.407175 0.569448
vt 0.373551 0.755943
vt 0.747881 0.627538
vt 0.341717 0.459745
vt 0.347754 0.477644
vt 0.367030 0.462216
vt 0.182440 0.746819
vt 0.171794 0.734565
vt 0.162926 0.757336
vt 0.751012 0.047049
vt 0.733685 0.080132
vt 0.225911 0.497358
vt 0.213100 0.509303
vt 0.723481 0.680969
vt 0.617775 0.692436
vt 0.729405 0.795920
vt 0.785549 0.591064
vt 0.351047 0.692510
vt 0.989909 0.292549
vt 0.708205 0.551741
vt 0.642272 0.368697
vt 0.620866 0.377894
vt 0.718262 0.108069
vt 0.741217 0.094541
vt 0.397140 0.470426
vt 0.287718 0.536222
vt 0.310274 0.506383
vt 0.221185 0.283191
vt 0.606694 0.576100
vt 0.230949 0.311746
vt 0.860280 0.192060
vt 0.280145 0.569156
vt 0.587369 0.916755
vt 0.555592 0.920155
vt 0.805124 0.111179
vt 0.621206 0.782918
vt 0.854300 0.706848
vt 0.161075 0.729094
vt 0.384340 0.867506
vt 0.878133 0.436176
vt 0.276231 0.348301
vt 0.557918 0.789638
vt 0.912818 0.428992
vt 0.820378 0.655555
vt 0.869784 0.651400
vt 0.393720 0.603904
vt 0.221015 0.331763
vt 0.202623 0.323457
vt 0.299474 0.453159
vt 0.776455 0.203632
vt 0.659401 0.711211
vt 0.654015 0.727801
vt 0.510068 0.564800
vt 0.609712 0.804290
vt 0.723783 0.867225
vt 0.284677 0.455275
vt 0.251771 0.417551
vt 0.252455 0.453973
vt 0.611795 0.715544
vt 0.675408 0.121850
vt 0.697677 0.132259
vt 0.488949 0.899566
vt 0.669047 0.634016
vt 0.567407 0.755769
vt 0.982405 0.229714
vt 0.994816 0.237066
vt 0.899411 0.016303
vt 0.223141 0.386963
vt 0.699398 0.852948
vt 0.365480 0.347081
vt 0.753126 0.009628
vt 0.774942 0.031993
vt 0.349002 0.384028
vt 0.806295 0.010179
vt 0.603317 0.921160
vt 0.629731 0.923191
vt 0.160239 0.714410
vt 0.114347 0.703390
vt 0.362865 0.543773
vt 0.645803 0.865288
vt 0.795643 0.010443
vt 0.388311 0.643930
vt 0.214976 0.419005
vt 0.985656 0.344327
vt 0.223870 0.759240
vt 0.657326 0.244519
vt 0.627072 0.246769
vt 0.631206 0.215216
vt 0.251500 0.782460
vt 0.621288 0.795785
vt 0.296057 0.265815
vt 0.873988 0.291250
vt 0.666130 0.147777
vt 0.217419 0.304361
vt 0.213534 0.570215
vt 0.333388 0.470748
vt 0.918020 0.021360
vt 0.724893 0.862061
vt 0.205875 0.270705
vt 0.248738 0.251776
vt 0.374002 0.362881
vt 0.589203 0.924868
vt 0.119291 0.526703
vt 0.231460 0.318231
vt 0.576768 0.510058
vt 0.315665 0.434514
vt 0.164462 0.586416
vt 0.401221 0.889318
vt 0.735410 0.833271
vt 0.735939 0.828769
vt 0.757614 0.821072
vt 0.076766 0.701218
vt 0.073888 0.599236
vt 0.961782 0.378201
vt 0.807393 0.651577
vt 0.221685 0.311513
vt 0.213868 0.308143
vt 0.811624 0.684387
vt 0.335787 0.699432
vt 0.269368 0.579615
vt 0.162825 0.721103
vt 0.465299 0.897470
vt 0.162793 0.525165
vt 0.151689 0.740258
vt 0.988760 0.174560
vt 0.238193 0.470258
vt 0.209346 0.747786
vt 0.724820 0.869570
vt 0.721820 0.870420
vt 0.842634 0.727293
vt 0.938980 0.042390
vt 0.109030 0.802562
vt 0.128234 0.793221
vn -0.2090 -0.9679 0.1395
vn -0.4561 0.8271 0.3284
vn -0.5737 0.7738 0.2685
vn -0.1908 0.1397 0.9716
vn -0.9446 -0.0189 0.3276
vn 0.9941 0.0000 -0.1082
vn -0.9599 -0.0151 0.2800
vn -0.7830 -0.5553 0.2804
vn 0.0593 -0.9889 -0.1365
vn -0.5008 0.8130 0.2969
vn -0.9925 -0.0615 0.1054
vn -0.9394 -0.0586 0.3377
vn 0.1769 -0.9640 -0.1986
vn -0.3002 -0.3544 -0.8856
vn -0.0406 -0.9991 -0.0082
vn -0.4047 0.8561 0.3214
vn -0.3143 0.9490 0.0241
vn -0.3404 0.9064 0.2499
vn -0.5153 0.2483 -0.8203
vn -0.7293 0.0076 -0.6842
vn 0.0663 -0.9978 0.0042
vn 0.7660 0.2510 0.5918
vn -0.1132 0.9890 0.0948
vn -0.1697 0.9761 0.1360
vn 0.5942 0.5744 -0.5631
vn -0.2606 0.9142 0.3105
vn -0.3911 0.6530 -0.6486
vn -0.1919 0.0272 0.9810
vn -0.1788 0.9743 0.1372
vn -0.5471 0.6138 -0.5692
vn -0.1546 0.9805 0.1217
vn 0.0391 -0.9923 -0.1176
vn 0.1019 -0.9835 -0.1496
vn 0.5432 -0.0188 0.8394
vn -0.1990 -0.5553 -0.8075
vn 0.1744 -0.9751 -0.1366
vn -0.1391 -0.1026 0.9850
vn -0.2931 -0.9502 0.1062
vn -0.2662 0.8993 0.3470
vn -0.2075 0.8984 0.3870
vn -0.3165 0.7422 0.5908
vn -0.1631 -0.4801 0.8619
vn 0.8858 -0.3485 0.3064
vn -0.1294 -0.9714 0.1990
vn 0.8100 -0.2681 0.5215
vn 0.0364 -0.9990 -0.0240
vn -0.2144 0.9544 0.2077
vn -0.9302 0.0645 -0.3615
vn -0.5702 -0.0287 0.8210
vn -0.2109 0.9660 0.1494
vn -0.5346 -0.0770 0.8416
vn -0.5896 -0.1566 0.7924
vn -0.8505 -0.1151 0.5132
vn -0.1712 -0.9824 0.0746
vn 0.4255 -0.2435 0.8716
vn -0.7938 -0.1061 0.5988
vn -0.8479 0.1119 -0.5181
vn -0.4378 -0.0494 0.8977
vn -0.2088 0.9685 0.1354
vn -0.7874 -0.0929 0.6094
vn 0.7289 0.0234 0.6842
vn -0.8505 -0.1151 0.5133
vn 0.5249 -0.1995 0.8274
vn -0.8503 -0.2423 0.4672
vn 0.0062 -0.9999 -0.0118
vn -0.9439 0.0144 -0.3299
vn -0.2113 -0.0542 0.9759
vn -0.2085 0.9682 0.1385
vn -0.0865 0.9956 0.0363
vn -0.0906 0.9954 0.0320
vn -0.2873 -0.0695 0.9553
vn -0.0732 0.9961 0.0483
vn -0.9640 -0.0913 0.2496
vn -0.0659 0.9965 0.0508
vn -0.8500 -0.0778 0.5210
vn -0.5556 -0.0155 -0.8313
vn -0.7874 -0.0929 0.6093
vn 0.6130 -0.1738 0.7707
vn -0.7620 -0.3460 0.5475
vn 0.1390 -0.9872 -0.0781
vn 0.1098 -0.9914 -0.0706
vn 0.1150 -0.9912 -0.0652
vn 0.1166 -0.9914 -0.0595
vn 0.0670 -0.9971 -0.0374
vn 0.0740 -0.9969 -0.0264
vn -0.1951 -0.9751 0.1058
vn -0.5066 -0.0279 -0.8617
vn -0.5433 0.8268 0.1456
vn -0.5557 -0.0155 -0.8313
vn -0.9235 -0.0760 0.3760
vn -0.0811 -0.9925 0.0910
vn -0.4595 -0.2390 -0.8554
vn -0.8368 -0.5239 -0.1591
vn 0.8689 0.3588 -0.3410
vn 0.9835 0.0066 0.1810
vn 0.6845 0.3222 0.6539
vn -0.8686 0.4874 -0.0893
vn -0.6829 -0.1744 -0.7094
vn -0.9646 0.0512 0.2589
vn 0.0691 -0.7431 -0.6656
vn 0.0622 -0.5967 -0.8000
vn 0.9746 0.1713 0.1442
vn 0.6104 0.5022 -0.6126
vn 0.0322 0.5554 -0.8309
vn -0.7351 -0.6642 -0.1356
vn -0.7131 0.4238 -0.5585
vn -0.1145 0.8824 -0.4563
vn 0.8131 -0.3001 -0.4987
vn -0.6152 -0.7325 0.2916
vn -0.8246 -0.5239 0.2134
vn 0.6991 -0.4165 0.5812
vn -0.8836 -0.1161 -0.4537
vn -0.6402 0.4376 0.6315
vn 0.4424 -0.6758 0.5896
vn -0.8070 -0.4563 -0.3749
vn 0.0867 -0.3998 -0.9125
vn -0.4071 0.0971 0.9082
vn -0.9834 -0.1791 0.0297
vn -0.8585 0.2658 0.4386
vn -0.2932 -0.9260 0.2380
vn 0.7409 0.1361 -0.6576
vn -0.1639 -0.1675 0.9722
vn 0.8622 0.1831 0.4724
vn -0.7949 0.5580 -0.2383
vn 0.9575 0.2234 -0.1823
vn 0.0143 -0.9998 -0.0149
vn -0.7953 0.5279 0.2980
vn -0.5966 0.7899 -0.1418
vn -0.2923 -0.1677 -0.9415
vn -0.5642 -0.6309 0.5325
vn 0.8233 0.0293 -0.5669
vn 0.8195 0.3747 -0.4335
vn 0.5671 -0.4080 0.7155
vn 0.6726 0.3359 0.6594
vn -0.7304 0.3902 -0.5606
vn -0.8038 0.4606 -0.3765
vn 0.1725 -0.0944 -0.9805
vn 0.0054 -0.3917 0.9201
vn -0.1646 0.8201 0.5481
vn -0.5582 0.1057 -0.8229
vn 0.2178 0.7038 0.6761
vn -0.2954 0.3310 -0.8962
vn 0.8958 -0.4407 -0.0567
vn 0.1219 -0.6296 -0.7673
vn 0.5996 -0.6883 0.4084
vn 0.9550 -0.2580 -0.1461
vn 0.7633 0.0261 0.6455
vn 0.1361 0.0529 -0.9893
vn 0.9868 0.0242 0.1604
vn 0.5927 -0.6471 0.4796
vn -0.5482 -0.3291 0.7689
vn -0.9093 0.2503 0.3324
vn 0.3081 0.3636 -0.8791
vn -0.0120 -0.2233 -0.9747
vn -0.2224 0.8708 -0.4384
vn 0.2911 0.8840 -0.3658
vn -0.1248 0.0578 0.9905
vn -0.0266 -0.9983 -0.0522
vn -0.1294 -0.9656 0.2254
vn -0.1386 0.3006 0.9436
vn -0.9205 0.3658 -0.1377
vn -0.8409 0.2929 -0.4550
vn 0.3416 -0.3740 0.8622
vn 0.1110 0.4737 -0.8737
vn 0.9485 -0.3008 -0.0992
vn 0.1810 0.5722 -0.7999
vn -0.0019 -0.9998 -0.0221
vn -0.2589 -0.9253 0.2772
vn -0.3676 0.0220 -0.9297
vn 0.0896 0.1598 0.9831
vn -0.4667 -0.1575 -0.8703
vn -0.6546 0.4274 0.6236
vn -0.9917 0.0681 -0.1088
vn -0.8170 0.4406 -0.3719
vn -0.2241 -0.5085 -0.8314
vn 0.6590 -0.7090 -0.2509
vn 0.3059 0.4933 0.8143
vn 0.1440 0.7811 0.6076
vn -0.5198 -0.1231 0.8454
vn 0.1090 0.9921 0.0619
vn 0.0025 -0.9998 0.0198
vn -0.1175 -0.6380 0.7610
vn 0.0355 -0.0217 0.9991
vn -0.1313 0.9797 0.1516
vn 0.7581 0.4064 0.5101
vn -0.1306 0.1428 -0.9811
vn -0.5580 0.7141 -0.4228
vn 0.2775 -0.8579 -0.4324
vn -0.1607 0.9530 0.2569
vn -0.2396 0.1402 0.9607
vn 0.9161 0.1206 0.3823
vn 0.2266 0.9635 -0.1422
vn 0.6995 0.0947 -0.7083
vn 0.4378 0.1760 0.8817
vn -0.7050 -0.5397 0.4601
vn 0.4141 0.7837 -0.4630
vn -0.9364 -0.1156 0.3314
vn -0.2039 0.6916 -0.6929
vn -0.1846 0.4468 -0.8753
vn -0.1618 0.0620 -0.9849
vn -0.5701 0.0763 0.8180
vn -0.0893 -0.4083 0.9085
vn -0.6046 0.0845 0.7921
vn -0.7214 -0.3281 0.6098
vn 0.0852 0.2011 -0.9759
vn -0.6665 -0.4161 -0.6186
vn 0.2546 -0.7137 0.6526
vn 0.4544 0.2533 0.8540
vn -0.1801 0.3476 0.9202
vn -0.3831 0.3361 -0.8604
vn -0.0778 -0.9329 -0.3516
vn -0.8062 -0.1960 0.5582
vn 0.6356 0.6351 0.4390
vn 0.2035 0.3570 0.9117
vn -0.3866 0.4977 -0.7764
vn 0.0229 -0.9980 0.0590
vn 0.4913 -0.7195 -0.4908
vn -0.9921 -0.1245 -0.0152
vn -0.8244 0.4441 0.3509
vn -0.8784 -0.4762 0.0405
vn -0.0269 -0.9995 -0.0152
vn -0.4802 -0.7480 -0.4581
vn -0.2267 -0.0076 -0.9739
vn 0.2691 -0.8836 0.3831
vn -0.7620 -0.0580 -0.6450
vn 0.2943 0.2353 0.9263
vn -0.9880 -0.0600 0.1426
vn 0.2959 0.8814 -0.3682
vn 0.8756 0.0337 0.4819
vn 0.6663 0.1243 -0.7353
vn -0.0012 -0.9997 -0.0259
vn 0.3313 -0.9191 0.2132
vn -0.6473 0.0485 0.7607
vn 0.5073 0.4262 0.7490
vn 0.1667 0.1560 -0.9736
vn -0.9499 0.2468 0.1915
vn -0.2161 -0.1757 -0.9604
vn 0.0512 0.9858 -0.1600
vn -0.7871 -0.5191 0.3331
vn 0.3250 0.7999 -0.5045
vn 0.5580 0.7173 0.4174
vn 0.9463 0.3171 -0.0626
vn -0.1433 0.0005 -0.9897
vn -0.1037 0.6777 0.7280
vn -0.2318 0.8647 -0.4456
vn 0.0546 0.6841 -0.7274
vn -0.3703 0.2650 0.8903
vn 0.7635 -0.5941 -0.2531
vn 0.6823 -0.5457 -0.4865
vn -0.2435 0.7824 -0.5732
vn -0.5465 -0.4400 -0.7126
vn 0.6915 0.2464 -0.6790
vn 0.6262 -0.7796 0.0045
vn -0.0201 -0.9997 0.0105
vn -0.5987 -0.3154 -0.7362
vn -0.8113 -0.2562 -0.5255
vn -0.9789 0.1295 0.1581
vn -0.4919 0.2350 0.8383
vn -0.3269 -0.1114 0.9385
vn -0.0023 -0.8672 -0.4979
vn -0.7721 -0.2505 -0.5841
vn 0.1882 0.9070 -0.3767
vn -0.6609 0.7475 -0.0668
vn -0.6213 -0.7250 0.2972
vn 0.0583 0.0144 -0.9982
vn 0.5072 -0.7259 -0.4646
vn -0.6994 0.0052 0.7147
vn -0.1198 0.3445 -0.9311
vn -0.2479 0.4020 -0.8814
vn 0.2522 -0.4647 0.8488
vn -0.3990 -0.7795 -0.4830
vn 0.4983 -0.3477 -0.7942
vn 0.0400 -0.1325 -0.9904
vn -0.4896 0.0236 -0.8716
vn -0.3754 0.8826 0.2830
vn 0.1970 -0.9421 -0.2713
vn -0.2085 0.0514 -0.9767
vn 0.0526 -0.5759 -0.8158
vn -0.6564 -0.5177 0.5488
vn -0.0321 0.2988 -0.9538
vn -0.6378 0.3476 -0.6873
vn 0.5317 0.6708 -0.5170
vn 0.9967 -0.0102 0.0802
vn -0.3075 0.1023 -0.9460
vn 0.3781 -0.4467 0.8108
vn 0.1918 -0.3640 -0.9114
vn 0.0025 0.2426 0.9701
vn 0.3781 0.1958 -0.9048
vn -0.2265 0.9711 0.0753
vn -0.9254 0.3671 0.0941
vn -0.4465 -0.2593 0.8564
vn 0.2883 -0.9330 -0.2155
vn 0.2287 0.8825 -0.4109
vn -0.8704 -0.2686 0.4127
vn 0.4684 0.5026 -0.7266
vn -0.8243 -0.5249 0.2119
vn 0.9743 0.2253 0.0075
vn 0.8421 -0.4374 -0.3156
vn -0.9114 -0.1186 0.3941
vn 0.2908 0.5883 -0.7546
vn 0.2015 0.4563 -0.8667
vn -0.9337 -0.3177 0.1651
vn 0.8766 0.4722 -0.0933
vn 0.9880 -0.0679 0.1385
vn 0.3128 -0.7083 -0.6328
vn 0.4421 -0.6846 0.5795
vn -0.6430 0.4133 -0.6448
vn -0.2802 0.3228 0.9040
vn -0.3776 -0.2560 -0.8899
vn -0.1939 0.1506 -0.9694
vn -0.1178 -0.4553 0.8825
vn 0.0572 -0.2958 0.9535
vn 0.9086 -0.4173 -0.0136
vn -0.1023 -0.1817 0.9780
vn 0.3836 -0.3012 0.8730
vn 0.1651 0.9814 0.0979
vn 0.4290 0.7623 0.4846
vn -0.5560 -0.2935 -0.7777
vn 0.3992 -0.2878 -0.8705
vn -0.4051 0.6644 0.6281
vn 0.6552 0.1979 -0.7291
vn 0.2050 -0.3020 0.9310
vn 0.4419 -0.6598 0.6078
vn -0.6071 -0.0577 -0.7925
vn 0.7478 0.2189 -0.6268
vn 0.8425 -0.5312 0.0896
vn -0.1515 -0.2906 0.9448
vn -0.9938 -0.0835 -0.0729
vn -0.4138 0.8812 0.2284
vn -0.5686 0.0214 -0.8223
vn -0.7010 -0.2511 -0.6675
vn -0.0176 0.6921 0.7216
vn -0.1826 0.1398 0.9732
vn -0.4162 0.7517 -0.5115
vn 0.1866 0.2077 0.9602
vn -0.0263 -0.2240 -0.9742
vn -0.2137 0.1686 -0.9622
vn -0.6469 -0.7548 0.1082
vn -0.0954 0.2329 -0.9678
vn -0.2902 -0.6388 0.7125
vn -0.8017 0.3754 0.4652
vn -0.1743 0.2073 0.9626
vn -0.2537 0.4891 0.8345
vn -0.0019 -0.9902 -0.1394
vn 0.5509 0.8300 0.0871
vn 0.3149 -0.9286 -0.1962
vn 0.9033 0.2699 0.3334
vn -0.5316 0.1824 -0.8271
vn 0.6968 -0.3913 -0.6012
vn 0.1560 0.0782 0.9847
vn -0.0498 0.6882 -0.7239
vn 0.5954 0.8012 0.0606
vn 0.6826 0.4986 0.5342
vn 0.4752 0.8799 0.0045
vn 0.0919 -0.2261 -0.9698
vn -0.2494 -0.1949 0.9486
vn 0.8097 -0.3890 -0.4393
vn -0.2469 0.0540 0.9675
vn 0.0270 0.9377 -0.3463
vn 0.2640 -0.9471 -0.1827
vn 0.3744 -0.9171 0.1371
vn 0.6429 -0.2128 0.7358
vn -0.2438 -0.7531 -0.6110
vn -0.0801 -0.6303 0.7722
vn -0.1135 -0.0991 0.9886
vn -0.1134 -0.5410 0.8333
vn 0.2537 -0.3265 -0.9105
vn 0.3761 -0.5136 -0.7712
vn 0.0925 -0.2260 -0.9697
vn 0.2208 -0.0319 0.9748
vn 0.3240 -0.2472 0.9132
vn 0.8689 -0.1169 0.4811
vn 0.5624 -0.1006 -0.8207
vn -0.7832 0.1234 0.6094
vn 0.6213 -0.3889 0.6803
vn 0.0163 0.5739 0.8187
vn 0.7499 0.5389 -0.3836
vn 0.7895 -0.5718 0.2229
vn 0.0468 0.1023 -0.9937
vn 0.2808 0.5535 0.7840
vn 0.6672 -0.7446 0.0177
vn 0.7956 -0.3617 -0.4859
vn 0.2394 -0.0499 -0.9696
vn 0.0720 0.5842 0.8084
vn 0.8048 -0.4039 -0.4348
vn -0.1708 -0.9756 0.1379
vn 0.6128 0.4390 -0.6570
vn 0.0846 0.8644 -0.4956
vn 0.4419 -0.8542 0.2740
vn 0.6140 0.5005 -0.6104
vn 0.7138 0.6980 -0.0576
vn 0.5804 -0.8071 0.1085
vn -0.5435 0.6023 0.5847
vn -0.7085 0.0984 0.6988
vn -0.4119 0.3713 0.8321
vn -0.1849 -0.9820 -0.0377
vn -0.4470 0.0076 -0.8945
vn -0.2603 -0.0103 0.9655
vn -0.4348 -0.5350 0.7244
vn -0.1973 -0.0972 -0.9755
vn 0.1924 -0.5216 0.8312
vn 0.2697 -0.0263 -0.9626
vn -0.3401 -0.1335 0.9309
vn 0.9079 0.2685 -0.3219
vn -0.8896 0.2871 -0.3551
vn 0.4855 0.8203 0.3022
vn 0.8847 0.4345 0.1688
vn -0.0982 -0.9949 0.0226
vn -0.4433 0.1462 -0.8844
vn -0.9934 0.0891 -0.0725
vn -0.4798 -0.7033 0.5245
vn 0.3501 0.5095 -0.7860
vn -0.0050 0.1060 -0.9944
vn -0.7453 -0.1926 -0.6383
vn 0.2736 -0.2394 0.9316
vn -0.6302 0.7630 0.1439
vn 0.2220 0.1475 -0.9638
vn -0.8454 0.3016 -0.4408
vn -0.8407 0.5047 -0.1963
vn -0.7275 0.3394 0.5963
vn 0.5452 -0.2187 -0.8093
vn -0.8421 0.4620 0.2784
vn 0.7451 -0.6658 0.0385
vn 0.3426 0.8838 -0.3185
vn -0.9683 -0.0729 -0.2391
vn -0.8896 -0.4403 0.1217
vn 0.3558 -0.4190 -0.8354
vn -0.0608 -0.6419 0.7644
vn -0.2297 -0.2036 0.9517
vn -0.0612 0.5992 0.7983
vn -0.4781 -0.7485 0.4596
vn 0.2088 0.1673 -0.9635
vn 0.2291 0.2322 -0.9453
vn 0.3029 -0.9526 0.0274
vn -0.1241 0.2943 -0.9476
vn -0.4498 -0.6431 0.6197
vn 0.2148 0.1566 -0.9640
vn -0.4785 -0.7519 -0.4536
vn 0.8097 -0.5824 -0.0717
vn 0.6662 -0.7087 -0.2320
vn -0.1235 0.7957 -0.5929
vn 0.5942 0.7966 0.1109
vn 0.2472 -0.0607 -0.9671
vn -0.5940 0.3459 -0.7263
vn 0.3172 -0.4706 0.8234
vn -0.4393 0.3312 -0.8351
vn 0.6615 -0.5391 0.5213
vn -0.0214 0.0100 0.9997
vn -0.5817 0.3609 -0.7290
vn -0.0020 0.7418 0.6706
vn 0.2326 0.9707 0.0595
vn 0.9819 0.1134 0.1516
vn 0.6920 0.2489 0.6777
vn 0.0260 -0.4458 0.8947
vn -0.3195 -0.9084 0.2697
vn -0.0064 -0.2946 -0.9556
vn -0.2772 -0.0235 -0.9605
vn 0.0429 -0.2393 -0.9700
vn 0.3861 -0.3247 -0.8634
vn 0.9540 -0.1015 0.2820
vn 0.9318 0.3542 0.0797
vn 0.6233 -0.7808 -0.0423
vn 0.3684 -0.8942 -0.2544
vn 0.8628 0.0233 -0.5051
vn 0.2366 0.1748 0.9557
vn -0.0207 0.8574 -0.5143
vn -0.0018 0.8751 -0.4839
vn -0.0709 -0.3215 -0.9442
vn 0.6927 -0.2716 -0.6682
vn -0.0191 0.5139 0.8577
vn 0.1541 0.4077 0.9000
vn 0.0618 0.2231 0.9728
vn 0.9999 0.0018 -0.0102
vn -0.7188 0.1843 0.6704
vn 0.6347 -0.1113 0.7647
vn -0.5100 -0.2752 -0.8150
vn -0.6987 -0.2562 -0.6680
vn 0.9912 0.0445 0.1243
vn 0.8992 -0.2536 -0.3565
vn 0.9256 -0.2387 0.2938
vn 0.1117 0.4500 0.8860
vn -0.3590 0.4729 0.8046
vn -0.4238 -0.1471 -0.8937
vn 0.1857 -0.9808 -0.0599
vn -0.4710 0.4300 0.7702
vn -0.5303 -0.0154 -0.8476
vn 0.0317 -0.9993 0.0217
vn -0.4395 0.6398 0.6304
vn -0.1196 0.2246 0.9671
vn 0.2815 -0.6586 -0.6978
vn 0.9580 -0.2796 0.0642
vn 0.8313 0.1491 -0.5354
vn -0.4805 0.0583 -0.8750
vn -0.3871 0.5098 -0.7683
vn -0.4485 -0.5863 0.6746
vn -0.3463 -0.0935 -0.9334
vn -0.4208 0.2350 -0.8762
vn -0.0078 0.2548 -0.9669
vn -0.1286 -0.4737 -0.8713
vn 0.6042 -0.4273 -0.6726
vn -0.5217 0.7214 -0.4554
vn -0.5168 -0.0635 -0.8538
vn -0.7247 0.3190 -0.6107
vn -0.8776 -0.0469 -0.4771
vn -0.7950 -0.0130 -0.6064
vn 0.6542 0.3134 0.6883
vn -0.2605 0.4167 -0.8709
vn -0.4235 0.1748 -0.8889
vn 0.3031 0.2613 0.9165
vn 0.5334 0.0922 0.8408
vn 0.9762 0.1433 0.1624
vn 0.9734 -0.2130 0.0841
vn -0.0232 -0.9582 0.2852
vn -0.1655 -0.3792 0.9104
vn -0.8410 -0.3435 -0.4181
vn 0.8790 -0.3135 0.3592
vn 0.7405 0.2245 -0.6335
vn 0.2755 0.0189 -0.9611
vn 0.2925 -0.9335 -0.2077
vn 0.5884 -0.7863 -0.1885
vn -0.2917 0.0392 -0.9557
vn 0.0984 0.4292 -0.8978
vn -0.7031 -0.6812 0.2041
vn -0.0014 -0.3479 0.9375
vn 0.2723 -0.3072 0.9119
vn -0.0417 0.1094 -0.9931
vn 0.8407 -0.3937 0.3718
vn 0.9136 -0.3137 0.2587
vn -0.2916 0.1872 0.9380
vn 0.1760 -0.2093 -0.9619
vn -0.9937 0.0728 -0.0856
vn -0.0878 0.0171 0.9960
vn 0.1566 0.5737 -0.8040
vn -0.8891 0.0155 -0.4574
vn -0.2026 0.4264 -0.8816
vn 0.0380 -0.9952 0.0906
vn 0.1878 0.6078 0.7716
vn 0.0728 -0.9944 -0.0769
vn 0.3913 0.1872 0.9010
vn -0.2075 -0.1117 -0.9718
vn -0.3671 -0.3013 -0.8800
vn 0.0706 0.8260 0.5592
vn -0.1374 0.0208 0.9903
vn -0.1270 -0.0270 0.9915
vn -0.4216 0.4080 0.8098
vn 0.0922 0.5413 0.8357
vn -0.4550 -0.4628 0.7608
vn -0.5834 0.0152 0.8120
vn -0.5988 0.0251 0.8005
vn 0.1760 0.6141 0.7694
vn 0.4399 -0.7387 0.5107
vn 0.0870 -0.3966 -0.9139
vn -0.2333 -0.1920 0.9533
vn 0.6923 -0.6345 0.3438
vn -0.5139 0.0393 0.8569
vn -0.0838 -0.9949 0.0563
vn -0.0050 -0.9995 -0.0326
vn -0.0450 0.0913 0.9948
vn -0.4898 -0.2518 -0.8347
vn -0.6380 0.0585 0.7678
vn 0.7501 -0.6555 0.0875
vn 0.3445 0.8230 0.4517
vn -0.6283 -0.2100 -0.7491
vn 0.0912 0.6419 -0.7614
vn -0.0149 -0.5902 -0.8071
vn 0.8182 -0.2320 -0.5260
vn 0.4797 0.0394 0.8765
vn 0.0668 0.8403 -0.5380
vn -0.4582 0.0488 0.8875
vn -0.7634 0.1186 -0.6349
vn -0.0021 0.4689 -0.8833
vn 0.2821 -0.1687 -0.9444
vn 0.1169 -0.5257 -0.8426
vn -0.2190 0.9726 -0.0775
vn -0.3900 0.4870 -0.7815
vn -0.2602 0.5377 0.8020
vn 0.7915 -0.6101 0.0368
vn 0.8377 -0.3384 -0.4286
vn 0.1045 -0.9923 0.0671
vn -0.2448 -0.8462 0.4734
vn -0.5543 -0.3462 0.7569
vn -0.3517 0.9008 -0.2545
vn 0.9585 -0.2791 0.0579
vn -0.2634 0.5574 -0.7873
vn 0.3866 0.0231 0.9220
vn 0.0639 0.9764 -0.2061
vn 0.3441 0.5350 0.7716
vn -0.6345 -0.1752 -0.7528
vn 0.0905 -0.4092 -0.9079
vn -0.1510 0.3555 -0.9224
vn -0.8154 0.5775 -0.0414
vn -0.2359 0.9662 0.1035
vn 0.7429 -0.1627 0.6493
vn 0.9278 0.0488 0.3700
vn 0.3045 -0.0514 -0.9511
vn 0.1294 -0.0925 -0.9873
vn 0.5111 0.3060 -0.8032
vn -0.1304 0.8717 -0.4723
vn -0.2475 -0.3452 0.9053
vn 0.5213 -0.7368 0.4306
vn -0.1800 -0.1117 -0.9773
vn -0.8587 0.1690 -0.4838
vn -0.7014 -0.0340 -0.7120
vn 0.0188 0.2362 -0.9715
vn 0.3676 -0.4772 -0.7982
vn 0.1154 -0.3795 0.9180
vn 0.9862 -0.1630 -0.0304
vn 0.8489 -0.0192 0.5283
vn 0.6062 -0.7535 -0.2545
vn -0.3981 0.5165 -0.7582
vn 0.3613 0.8535 0.3755
vn -0.0829 0.9964 0.0158
vn 0.9527 -0.0797 0.2934
vn 0.9637 -0.0563 -0.2609
vn -0.5589 0.8273 -0.0572
vn 0.7085 -0.7056 -0.0138
vn 0.4767 -0.8427 0.2503
vn -0.3278 0.0939 -0.9401
vn -0.3807 0.1614 0.9105
vn 0.5314 -0.4229 0.7340
vn 0.1993 -0.6307 0.7500
vn -0.8537 -0.3360 0.3979
vn -0.7847 0.0697 0.6160
vn -0.1982 0.0391 0.9794
vn 0.1754 0.9551 0.2388
vn -0.2810 -0.1617 -0.9460
vn -0.4256 0.4492 -0.7856
vn -0.1855 0.6517 -0.7355
vn -0.3018 0.1124 0.9467
vn -0.8268 -0.0260 0.5618
vn -0.2637 -0.1890 0.9459
vn -0.3611 -0.2262 -0.9047
vn -0.0791 -0.2223 -0.9718
vn -0.5601 0.0089 -0.8284
vn 0.0645 -0.4672 -0.8818
vn -0.2382 -0.1036 -0.9657
vn 0.9307 0.3656 -0.0082
vn -0.4008 -0.9036 -0.1511
vn -0.5234 0.0476 -0.8508
vn 0.3164 -0.1537 0.9361
vn 0.8832 -0.1704 0.4370
vn -0.2054 0.9168 0.3423
vn 0.4462 -0.2137 0.8691
vn 0.4005 0.1110 0.9095
vn 0.7090 0.3418 0.6168
vn -0.5399 0.0929 0.8366
vn -0.4697 0.4607 -0.7531
vn -0.7731 0.6220 0.1241
vn 0.1960 0.9451 -0.2614
vn -0.4504 0.2657 0.8524
vn 0.6859 0.1697 0.7076
vn 0.7774 0.1789 0.6030
vn 0.4915 -0.6172 -0.6144
vn 0.5407 0.1691 -0.8240
vn 0.1035 -0.0125 -0.9945
vn 0.0799 -0.8088 0.5826
vn 0.0776 0.9793 0.1870
vn -0.2611 0.4428 -0.8577
vn -0.7907 -0.0067 -0.6121
vn 0.0115 -0.9984 -0.0562
vn 0.4783 0.8228 0.3069
vn -0.0654 -0.9560 -0.2860
vn -0.0273 0.0989 -0.9947
vn -0.5429 -0.8324 0.1115
vn 0.3513 0.2912 0.8898
vn -0.1733 -0.9769 0.1248
vn -0.0094 -0.6595 -0.7516
vn -0.5299 0.7644 0.3673
vn -0.2580 -0.1206 0.9586
vn 0.3745 -0.7439 -0.5535
vn 0.8454 -0.5038 0.1778
vn 0.9142 -0.2828 0.2903
vn 0.9422 0.3188 -0.1030
vn 0.0185 -0.1688 0.9855
vn -0.0662 -0.8825 -0.4656
vn -0.3346 0.6656 -0.6671
vn -0.0256 -0.9962 -0.0829
vn -0.2835 0.5417 0.7913
vn -0.0585 -0.1596 0.9855
vn 0.1376 0.0436 0.9895
vn -0.3708 0.0171 -0.9286
vn 0.5078 -0.0635 0.8591
vn 0.3318 0.2973 0.8953
vn 0.0444 0.8662 -0.4978
vn 0.8823 -0.0554 -0.4675
vn 0.6252 0.5277 0.5750
vn -0.2653 0.9639 -0.0202
vn -0.3466 0.1169 0.9307
vn -0.1379 -0.9788 0.1511
vn -0.6149 -0.5182 -0.5944
vn 0.9621 0.1544 -0.2250
vn -0.9979 0.0609 0.0235
vn 0.4709 0.7359 -0.4865
vn -0.7225 0.3250 -0.6102
vn 0.3676 -0.1620 -0.9158
vn -0.5699 -0.8000 -0.1879
vn 0.7544 -0.3980 -0.5220
vn -0.3708 0.2437 0.8962
vn -0.5605 0.1812 -0.8081
vn -0.1093 0.9939 0.0170
vn -0.0017 -0.9987 -0.0517
vn 0.9032 0.3170 -0.2894
vn 0.0213 0.9995 -0.0254
vn -0.4978 -0.1787 0.8487
vn -0.1559 -0.1207 0.9804
vn 0.6353 0.4984 -0.5899
vn 0.5425 0.5530 -0.6323
vn 0.2171 0.3539 -0.9098
vn -0.0437 0.4360 -0.8989
vn 0.1912 0.1457 -0.9707
vn 0.8602 -0.3527 0.3683
vn -0.0164 -0.4878 0.8728
vn 0.3412 -0.6132 0.7125
vn 0.1540 -0.2790 0.9479
vn -0.2462 -0.1828 0.9518
vn -0.1672 0.0906 0.9817
vn -0.0673 0.6239 -0.7786
vn -0.1343 0.8075 0.5744
vn -0.6841 0.4567 -0.5687
vn -0.9516 0.2794 0.1281
vn 0.0702 -0.5657 0.8216
vn -0.9568 0.1486 -0.2497
vn -0.9635 0.0209 -0.2669
vn -0.3224 0.8928 0.3145
vn 0.4665 0.7639 -0.4459
vn 0.5957 0.7636 -0.2490
vn -0.9377 -0.2086 -0.2779
vn 0.1986 -0.1188 -0.9729
vn 0.0942 -0.9288 0.3584
vn -0.6947 0.3058 -0.6511
vn 0.7628 -0.2492 0.5967
vn -0.1259 -0.6614 0.7394
vn 0.3702 -0.3256 0.8700
vn 0.0852 -0.2069 -0.9747
vn -0.6231 -0.1696 0.7635
vn -0.8253 0.5626 -0.0486
vn 0.8175 -0.5372 0.2078
vn 0.5138 -0.3625 -0.7775
vn 0.4183 -0.2830 -0.8631
vn 0.1826 0.1673 -0.9688
vn 0.9083 -0.4162 0.0408
vn 0.7040 0.6418 0.3041
vn -0.0112 -0.6631 -0.7485
vn -0.3379 -0.4723 -0.8141
vn 0.0574 -0.3430 0.9376
vn 0.8690 0.3572 0.3423
vn -0.3312 0.7979 0.5036
vn -0.4328 0.8108 0.3940
vn 0.1525 0.7832 0.6027
vn -0.1309 -0.9860 -0.1033
vn 0.7839 0.6075 0.1281
vn -0.2949 0.8965 0.3307
vn -0.5588 0.6887 0.4620
vn -0.4135 0.9081 0.0668
vn 0.2672 -0.9445 0.1908
vn -0.7341 0.0968 0.6722
vn 0.0749 0.6067 -0.7914
vn 0.7167 -0.6946 -0.0630
vn 0.7793 -0.0272 -0.6261
vn -0.1756 -0.8462 0.5032
vn -0.1663 -0.7449 0.6461
vn -0.9243 -0.0243 -0.3810
vn 0.7573 0.5694 0.3197
vn -0.8184 -0.1272 -0.5603
vn -0.0568 -0.9984 -0.0018
vn -0.0587 -0.9982 -0.0089
vn 0.0978 0.8393 0.5348
vn -0.9429 0.2692 -0.1960
vn 0.0700 -0.7072 -0.7036
vn -0.2918 0.0604 -0.9546
vn -0.1603 -0.3152 0.9354
vn 0.2003 -0.9621 -0.1849
vn -0.1110 0.5698 -0.8142
vn 0.5041 0.6184 -0.6029
vn 0.7678 -0.5823 -0.2673
vn 0.3661 -0.3732 -0.8524
vn -0.0766 -0.2659 0.9610
vn 0.1411 0.8948 -0.4235
vn -0.0156 -0.9996 0.0221
vn -0.0755 -0.9942 0.0771
vn 0.1922 0.7758 -0.6009
vn 0.7405 0.6327 -0.2265
vn -0.2972 0.9548 -0.0029
vn 0.0107 0.6020 0.7984
vn -0.1302 -0.9914 -0.0100
vn 0.4067 -0.9048 0.1263
vn -0.0096 0.7748 0.6322
vn 0.0526 0.6238 0.7798
vn 0.5492 -0.8152 0.1840
vn 0.4506 0.8559 0.2538
vn 0.8103 0.5208 0.2686
vn 0.9399 0.3356 -0.0634
vn 0.0657 0.8742 -0.4810
vn -0.9039 -0.0501 -0.4248
vn -0.6938 -0.0220 -0.7199
vn -0.4091 -0.0209 -0.9123
vn 0.6320 0.5910 -0.5013
vn 0.4486 0.4306 -0.7832
vn -0.0680 0.1318 0.9889
vn 0.7161 0.6325 0.2952
vn -0.4709 -0.8351 -0.2844
vn -0.8010 0.2764 -0.5311
vn 0.6823 -0.7216 0.1171
vn -0.4645 -0.3615 -0.8084
vn 0.2372 0.9162 0.3231
vn -0.4166 -0.6344 -0.6511
vn -0.1201 -0.6725 0.7303
vn -0.0163 0.9897 0.1422
vn 0.1044 -0.6570 0.7466
vn -0.3169 0.1827 0.9307
vn -0.3198 0.4788 0.8176
vn 0.4108 0.1119 -0.9049
vn 0.3883 0.3200 -0.8642
vn -0.7001 0.0613 -0.7114
vn -0.0591 0.9033 0.4248
vn -0.2074 0.8401 0.5013
vn 0.7703 0.1057 0.6289
vn 0.2983 0.8671 0.3989
vn 0.8466 0.4969 -0.1908
vn 0.2438 0.5862 0.7726
vn 0.5080 0.4145 0.7550
vn -0.2424 0.6652 -0.7063
vn 0.5395 -0.3143 0.7811
vn -0.4335 0.8888 -0.1487
vn -0.3070 0.3775 0.8736
vn 0.6016 -0.5503 -0.5791
vn -0.4945 -0.2598 0.8294
vn -0.3988 0.0526 0.9155
vn 0.1234 -0.9919 -0.0294
vn -0.4179 0.4576 -0.7848
vn 0.1833 0.8512 -0.4918
vn 0.9392 0.0799 0.3340
vn 0.3526 -0.0957 -0.9309
vn 0.8973 -0.4414 -0.0014
vn 0.1468 -0.4916 0.8584
vn 0.8880 -0.0726 0.4540
vn 0.7834 -0.0809 -0.6162
vn 0.8854 -0.4634 -0.0351
vn -0.4716 -0.4826 -0.7380
vn 0.0165 0.6573 0.7534
vn -0.4258 -0.1915 -0.8843
vn 0.4469 -0.0139 0.8945
vn 0.2037 0.4533 -0.8678
vn 0.1871 0.4640 -0.8658
vn -0.3649 0.3344 0.8689
vn -0.1337 0.8396 0.5265
vn 0.4441 0.7670 0.4631
vn -0.8528 0.4401 0.2812
vn 0.0901 -0.9959 0.0110
vn -0.0487 -0.5421 -0.8389
vn -0.7118 0.5634 0.4194
vn 0.7147 0.3154 -0.6243
vn -0.5271 0.5027 0.6852
vn -0.1527 0.5158 0.8430
vn 0.9272 -0.0332 0.3730
vn 0.9255 -0.0318 0.3775
vn -0.5341 0.5142 -0.6711
vn 0.7176 0.5081 0.4764
vn -0.0186 0.0538 0.9984
vn -0.1819 -0.4587 0.8698
vn 0.9112 -0.3013 -0.2810
vn 0.9907 0.0634 0.1206
vn 0.7844 0.1272 0.6070
vn -0.0360 0.4493 0.8927
vn 0.0549 0.4373 0.8977
vn 0.5140 -0.0905 0.8530
vn 0.7342 0.6756 0.0669
vn -0.1816 0.9834 -0.0026
vn -0.9191 0.1062 -0.3795
vn -0.1311 -0.1834 0.9742
vn 0.4182 -0.4871 0.7667
vn 0.4590 0.8595 -0.2250
vn 0.7760 0.3783 -0.5047
vn -0.1299 0.0011 -0.9915
vn -0.1957 0.2700 -0.9428
vn -0.7965 0.0203 -0.6043
vn -0.1199 0.9475 -0.2964
vn -0.7917 -0.1884 -0.5812
vn -0.5957 0.3593 -0.7184
vn 0.2637 0.0908 0.9603
vn -0.5070 -0.6689 0.5436
vn 0.1380 0.4803 -0.8662
vn 0.9893 -0.0814 -0.1209
vn -0.7941 -0.4677 0.3881
vn 0.2111 0.6888 -0.6935
vn -0.8583 0.2662 0.4387
vn 0.6174 -0.7011 -0.3568
vn 0.2049 0.1090 -0.9727
vn -0.5140 -0.6987 0.4976
vn -0.2449 0.7808 0.5748
vn 0.1073 0.3865 0.9160
vn -0.2237 -0.0592 0.9729
vn -0.7603 0.5427 0.3568
vn -0.3354 -0.0355 0.9414
vn -0.2805 -0.3264 0.9026
vn 0.8833 0.4310 0.1841
vn 0.1748 0.6913 -0.7011
vn -0.3942 0.8244 -0.4062
vn 0.1057 0.7204 0.6855
vn -0.5949 -0.7126 -0.3719
vn 0.4503 -0.8849 0.1194
vn 0.2153 0.6273 -0.7484
vn 0.2426 -0.1645 -0.9561
vn -0.1458 -0.2713 -0.9514
vn 0.1446 0.5179 0.8431
vn 0.4174 -0.6574 -0.6274
vn 0.6111 0.6622 0.4337
vn -0.7575 -0.2841 0.5877
vn 0.1906 0.6079 0.7708
vn 0.6588 -0.7339 -0.1656
vn 0.0010 0.8894 -0.4572
vn -0.7868 -0.6157 -0.0437
vn 0.4151 0.3261 0.8494
vn -0.0057 0.8178 -0.5755
vn 0.7040 -0.1708 0.6893
vn -0.5012 0.1313 -0.8553
vn -0.0278 0.4370 0.8990
vn -0.6632 -0.0556 -0.7464
vn 0.1595 -0.4983 -0.8522
vn -0.7670 0.3717 0.5230
vn -0.2109 0.9772 -0.0240
vn -0.3936 -0.2106 0.8949
vn -0.4409 0.1247 0.8888
vn -0.6008 0.7909 0.1162
vn 0.0153 -0.0769 0.9969
vn 0.1227 0.5873 0.8000
vn 0.0975 0.4384 -0.8935
vn -0.6144 -0.7406 -0.2721
vn 0.3941 0.1082 0.9127
vn 0.1386 0.2602 0.9556
vn -0.7795 0.6101 0.1420
vn 0.7777 -0.5769 0.2498
vn 0.5174 -0.3682 0.7725
vn 0.6543 -0.7559 0.0226
vn -0.7754 -0.2994 0.5560
vn -0.5139 0.8290 -0.2206
vn -0.0061 -0.9996 -0.0289
vn -0.3815 -0.3313 0.8630
vn -0.7980 0.5958 0.0907
vn -0.3251 -0.8758 -0.3568
vn -0.6224 -0.6350 0.4576
vn 0.2189 0.6106 -0.7611
vn -0.4058 0.7897 -0.4602
vn -0.6953 0.5022 -0.5142
vn 0.5326 -0.3313 0.7788
vn -0.1852 0.0774 0.9796
vn 0.2143 -0.3248 -0.9212
vn -0.4639 -0.8781 0.1171
vn 0.9786 -0.2055 -0.0108
vn 0.5926 -0.2290 0.7723
vn 0.0897 0.3854 -0.9184
vn 0.7243 -0.1568 0.6714
vn -0.8001 -0.5995 -0.0192
vn 0.9227 -0.3485 -0.1647
vn 0.6816 -0.7190 0.1357
vn 0.3394 -0.9366 0.0878
vn -0.9058 0.3848 0.1774
vn 0.8072 0.2613 -0.5293
vn 0.8753 0.0559 0.4803
vn -0.6028 -0.3003 -0.7393
vn 0.6054 -0.7147 0.3502
vn -0.0173 -0.9995 0.0269
vn 0.0475 0.9124 -0.4065
vn 0.9146 0.0914 0.3939
vn 0.2073 0.4538 -0.8666
vn -0.4352 0.3209 0.8412
vn 0.1270 -0.6718 -0.7298
vn -0.1059 0.6292 0.7700
vn 0.1736 0.9147 0.3650
vn 0.0470 -0.8399 0.5407
vn 0.3810 -0.0855 0.9206
vn -0.0955 -0.5653 -0.8194
vn -0.2509 -0.0723 0.9653
vn 0.1975 -0.9753 0.0989
vn 0.7705 -0.5087 0.3842
vn -0.8154 -0.1762 -0.5514
vn -0.8451 -0.4989 0.1921
vn 0.6224 0.0501 0.7811
vn -0.0820 0.2125 0.9737
vn 0.6122 -0.7342 -0.2936
vn -0.8844 0.0015 -0.4668
vn 0.0936 -0.7390 -0.6672
vn -0.5812 0.7996 -0.1512
vn -0.1603 -0.2373 -0.9581
vn 0.3634 0.8184 -0.4452
vn -0.5296 -0.4114 -0.7418
vn -0.6768 -0.5216 -0.5194
vn 0.8427 -0.5239 0.1242
vn -0.8756 0.4591 -0.1502
vn -0.3839 -0.2802 0.8798
vn -0.6988 -0.0021 0.7153
vn 0.9159 -0.3785 0.1335
vn -0.0714 0.6948 -0.7156
vn 0.0985 0.4294 -0.8977
vn 0.1308 -0.2507 -0.9592
vn 0.4216 0.2663 0.8668
vn 0.8963 0.3837 -0.2224
vn 0.8235 -0.3204 -0.4682
vn -0.4828 0.3829 0.7876
vn -0.5215 -0.2114 -0.8267
vn 0.5015 -0.3482 0.7920
vn 0.2110 0.9729 0.0950
vn -0.8307 -0.4882 0.2674
vn 0.1871 0.9238 -0.3339
vn 0.4797 0.7404 -0.4708
vn 0.3748 0.2679 0.8876
vn 0.9438 0.0148 0.3301
vn 0.4216 -0.1791 0.8889
vn 0.3026 -0.3139 0.8999
vn 0.9607 0.0959 -0.2605
vn 0.0132 0.9060 0.4230
vn 0.9061 -0.2779 0.3191
vn -0.4881 0.5973 0.6363
vn -0.1337 -0.3403 0.9307
vn 0.1266 0.6431 0.7553
vn 0.8704 0.3388 0.3572
vn 0.7351 0.4043 0.5442
vn -0.2124 0.9706 -0.1130
vn -0.9430 -0.1477 -0.2982
vn -0.2751 0.9609 -0.0313
vn -0.5511 0.2213 0.8046
vn -0.0753 -0.4435 0.8931
vn 0.7061 -0.7072 -0.0370
vn -0.9872 0.1452 0.0667
vn 0.2298 0.9118 0.3402
vn -0.2458 0.6579 -0.7119
vn 0.4988 -0.1264 0.8574
vn 0.5045 -0.8199 -0.2706
vn 0.1294 0.0069 -0.9916
vn 0.7914 0.4621 -0.4001
vn 0.1087 -0.9941 0.0050
vn 0.0329 0.9990 0.0315
vn -0.0196 0.8141 -0.5804
vn 0.9090 0.2831 -0.3060
vn -0.2077 -0.4949 0.8437
vn -0.2586 -0.6325 0.7301
vn -0.0739 0.9023 -0.4248
vn -0.5662 -0.6014 0.5637
vn -0.7757 0.5049 -0.3786
vn 0.7735 -0.3612 -0.5208
vn 0.3523 0.6115 -0.7084
vn 0.2972 -0.9191 0.2588
vn 0.0169 0.5503 -0.8348
vn 0.4961 -0.0312 -0.8677
vn -0.7572 0.3331 0.5619
vn 0.9704 0.0765 0.2289
vn 0.1678 0.5208 -0.8370
vn 0.0651 0.1233 -0.9902
vn 0.7156 -0.3288 -0.6163
vn 0.0830 0.2340 -0.9687
vn -0.2958 -0.0662 -0.9529
vn -0.3021 0.0410 -0.9524
vn -0.8038 0.3562 -0.4764
vn -0.0495 0.0533 0.9974
vn 0.9876 -0.0244 0.1549
vn 0.2906 0.8441 0.4506
vn 0.2102 -0.1701 -0.9628
vn 0.3054 -0.4250 0.8521
vn 0.0375 0.6682 -0.7430
vn 0.1713 -0.6797 0.7132
vn 0.1163 -0.0596 -0.9914
vn -0.6190 -0.7761 -0.1207
vn -0.8143 -0.1774 0.5527
vn 0.0097 0.8260 0.5635
vn 0.7191 0.5717 0.3952
vn 0.1552 0.1796 -0.9714
vn -0.4864 0.6432 -0.5914
vn -0.3953 -0.5619 0.7266
vn -0.7664 0.6224 -0.1590
vn -0.1290 -0.9906 0.0446
vn -0.0440 -0.1470 0.9882
vn 0.0942 0.0170 0.9954
vn 0.2355 0.0181 0.9717
vn 0.9069 -0.2905 0.3051
vn 0.4879 0.3359 0.8057
vn 0.4518 0.3445 0.8229
vn 0.7445 -0.0891 0.6616
vn -0.4946 0.4700 0.7311
vn 0.3294 -0.0077 -0.9442
vn -0.1085 0.4940 -0.8627
vn 0.4826 -0.2813 -0.8294
vn -0.6255 -0.7370 -0.2560
vn -0.3674 -0.5347 -0.7610
vn -0.4793 -0.2625 0.8375
vn -0.0915 -0.0229 0.9955
vn 0.1763 -0.2571 -0.9502
vn 0.0419 0.2346 0.9712
vn -0.5406 -0.6655 -0.5147
vn 0.6313 -0.1535 -0.7602
vn 0.6931 -0.6327 0.3453
vn -0.0984 -0.5102 0.8544
vn -0.0485 0.9546 0.2940
vn -0.9476 0.2592 -0.1865
vn 0.5817 0.5999 -0.5493
vn -0.9240 0.3805 0.0373
vn -0.1422 0.6169 0.7741
vn 0.1315 0.8845 -0.4477
vn -0.3283 0.8211 -0.4669
vn -0.6785 -0.7325 0.0566
vn 0.2130 -0.2904 0.9329
vn 0.9047 0.0058 0.4260
vn -0.2403 -0.0132 -0.9706
vn -0.5779 0.7967 -0.1769
vn -0.1017 -0.9104 -0.4011
vn 0.8148 0.5200 0.2563
vn -0.0349 0.8936 -0.4475
vn -0.5341 0.2625 -0.8037
vn 0.3123 -0.7829 0.5381
vn -0.9900 -0.1112 0.0866
vn -0.9327 0.3476 -0.0961
vn 0.7264 0.3708 -0.5787
vn -0.2206 0.9721 -0.0796
vn -0.3794 0.5231 0.7632
vn 0.6415 0.6261 -0.4433
vn 0.1087 -0.9620 0.2504
vn 0.9372 0.3457 -0.0471
vn -0.4225 -0.9045 -0.0574
vn -0.5641 0.2489 -0.7873
vn -0.5558 -0.8162 -0.1579
vn 0.7382 -0.6428 0.2046
vn 0.2804 -0.3965 -0.8742
vn 0.5105 0.7001 -0.4992
vn -0.0445 0.0659 0.9968
vn 0.2503 -0.9510 -0.1818
vn 0.1377 -0.9904 0.0088
vn -0.2604 0.7879 0.5581
vn -0.7744 0.0730 -0.6284
vn 0.6601 -0.2668 0.7021
vn -0.7954 -0.3143 -0.5182
vn -0.0861 -0.9955 -0.0395
vn 0.7843 0.5727 0.2385
vn -0.5725 -0.3092 -0.7594
vn -0.2719 -0.9383 -0.2135
vn 0.2364 0.8731 -0.4264
vn 0.6877 -0.7053 -0.1722
vn -0.0655 0.9551 -0.2890
vn 0.0335 0.2919 0.9559
vn 0.2068 -0.7420 0.6377
vn 0.9661 0.0616 0.2505
vn 0.5138 -0.0161 -0.8577
vn 0.2300 -0.0548 0.9716
vn 0.8153 -0.0269 -0.5784
vn -0.1048 0.0406 0.9937
vn -0.0346 0.1934 -0.9805
vn 0.4006 0.8475 0.3484
vn -0.2155 -0.2616 -0.9408
vn -0.1030 -0.9946 0.0119
vn 0.2834 -0.1008 -0.9537
vn 0.2695 -0.0722 -0.9603
vn -0.0094 0.4842 0.8749
vn 0.9107 -0.2836 0.3004
vn -0.1097 0.5434 -0.8323
vn 0.5297 -0.4971 -0.6872
vn -0.4407 -0.2379 -0.8655
vn -0.3364 0.5227 0.7833
vn 1.0000 -0.0050 -0.0032
vn 0.8841 0.3615 -0.2961
vn 0.8554 -0.4635 0.2313
vn -0.4092 -0.8774 -0.2505
vn 0.5546 -0.6796 0.4803
vn -0.5098 -0.4278 -0.7464
vn 0.4797 0.7288 0.4887
vn 0.9206 0.0290 0.3894
vn 0.4233 0.0946 0.9011
vn 0.9778 0.1569 -0.1390
vn -0.9557 -0.1289 0.2648
vn -0.9035 0.4165 -0.1008
vn 0.1099 0.4636 0.8792
vn -0.5054 0.4512 -0.7355
vn 0.4254 -0.3812 -0.8208
vn 0.3176 -0.9272 0.1985
vn -0.0172 -0.9987 -0.0487
vn 0.7819 0.2812 0.5564
vn 0.0052 -1.0000 -0.0008
vn 0.0694 -0.7047 -0.7062
vn -0.4875 -0.2734 -0.8292
vn 0.3419 0.2987 0.8910
vn -0.1997 -0.1507 -0.9682
vn 0.5337 0.7056 -0.4662
vn 0.9522 -0.2510 -0.1739
vn 0.3645 0.0281 -0.9308
vn -0.2582 -0.2403 0.9357
vn -0.3967 0.7776 -0.4877
vn -0.8128 0.5535 -0.1816
vn -0.2504 -0.1506 0.9564
vn -0.2682 -0.5774 -0.7712
vn 0.6044 0.7879 -0.1178
vn 0.0401 0.5912 -0.8055
vn 0.3739 0.8276 -0.4187
vn 0.2680 0.9581 0.1012
vn 0.1749 0.9805 0.0896
vn -0.0132 0.3618 0.9322
vn 0.8127 0.0440 -0.5810
vn -0.2859 -0.9150 0.2846
vn 0.8963 0.3563 0.2639
vn 0.9579 0.2262 0.1765
vn 0.3198 0.7427 0.5884
vn 0.1954 -0.2447 0.9497
vn -0.9844 0.1459 -0.0982
vn 0.0933 0.6157 0.7824
vn -0.0719 0.5869 -0.8065
vn 0.6832 -0.5214 -0.5113
vn -0.8337 0.2677 -0.4831
vn 0.2333 -0.9539 0.1890
vn -0.2544 0.4369 0.8628
vn -0.0151 -0.7085 0.7056
vn 0.7393 -0.3197 0.5926
vn 0.4385 -0.5576 -0.7048
vn -0.6439 -0.4729 -0.6014
vn -0.6891 -0.5468 -0.4755
vn 0.0528 0.6090 -0.7914
vn -0.5689 -0.4683 -0.6761
vn 0.1125 0.4728 -0.8739
vn -0.5804 0.7291 -0.3627
vn -0.4655 -0.8818 0.0756
vn 0.4662 0.1287 0.8753
vn 0.3889 0.9030 -0.1823
vn 0.1094 -0.9834 -0.1448
vn -0.0385 0.6592 -0.7510
vn -0.5047 -0.8445 -0.1790
vn 0.3353 0.2877 0.8971
vn 0.1470 0.4128 -0.8989
vn -0.5433 -0.4949 -0.6782
vn -0.1223 0.1735 -0.9772
vn 0.8572 -0.4137 -0.3068
vn 0.4061 0.5000 -0.7649
vn 0.4824 -0.1249 0.8670
vn -0.6194 0.5934 -0.5141
vn -0.2875 -0.9274 0.2393
vn -0.1978 0.4695 -0.8605
vn 0.5090 0.0193 0.8605
vn -0.6849 0.2775 -0.6737
vn -0.4211 0.1632 -0.8922
vn 0.0988 0.6714 0.7345
vn -0.5808 0.7912 0.1914
vn -0.9976 0.0089 0.0691
vn -0.8343 -0.3835 -0.3959
vn -0.0189 -0.9974 -0.0701
vn -0.1911 -0.7616 0.6193
vn 0.9035 0.2558 0.3438
vn -0.3508 0.6445 0.6794
vn 0.9319 -0.1632 -0.3240
vn -0.2304 0.2798 -0.9320
vn 0.7153 -0.5694 -0.4050
vn -0.5870 0.7339 -0.3418
vn -0.1698 -0.1086 0.9795
vn -0.3361 -0.1559 -0.9288
vn 0.7981 0.5817 -0.1572
vn -0.0903 0.2374 0.9672
vn -0.6138 0.3691 -0.6978
vn -0.0543 0.6773 0.7337
vn -0.0549 -0.9984 -0.0111
vn -0.3457 -0.0354 0.9377
vn -0.8356 0.5453 -0.0665
vn -0.9495 -0.2905 -0.1188
vn 0.5833 0.4311 0.6884
vn 0.8051 0.4941 0.3281
vn -0.8906 0.3238 -0.3194
vn -0.4930 -0.0311 -0.8695
vn -0.3150 0.7572 -0.5722
vn -0.2301 0.1712 -0.9580
vn 0.7042 0.5352 0.4666
vn 0.5784 0.2775 0.7671
vn 0.0089 -0.9987 -0.0502
vn -0.1046 -0.9916 -0.0760
vn 0.6301 0.7697 -0.1029
vn 0.9759 0.1137 -0.1861
vn -0.3081 0.3246 -0.8943
vn 0.4652 0.8333 0.2986
vn -0.4800 -0.0207 0.8770
vn -0.0238 -0.9690 0.2459
vn 0.4350 0.3687 0.8215
vn -0.1831 0.9759 -0.1185
vn 0.4908 -0.8037 -0.3363
vn 0.6168 -0.6732 0.4079
vn -0.9880 0.1377 -0.0702
vn -0.9782 0.1889 -0.0865
vn -0.6324 0.1794 -0.7536
vn 0.7130 0.4205 0.5610
vn 0.7306 0.3869 0.5627
vn 0.3464 0.1224 0.9301
vn 0.6832 -0.5886 -0.4323
vn -0.0242 -0.9992 0.0319
vn 0.8382 0.4915 0.2361
vn -0.7067 0.5727 -0.4154
vn 0.0769 -0.5094 0.8571
vn -0.5317 0.2731 -0.8017
vn 0.3290 0.1281 0.9356
vn -0.0307 0.4425 0.8963
vn 0.0645 0.4183 0.9060
vn 0.8182 0.4778 0.3196
vn -0.3196 -0.9385 0.1308
vn -0.0648 -0.9950 0.0755
vn 0.3967 0.1904 0.8980
vn 0.5972 -0.7860 0.1598
vn 0.8914 -0.3812 0.2452
vn 0.1329 0.0990 0.9862
vn 0.9520 -0.3048 0.0290
vn 0.4792 -0.5810 0.6578
vn -0.1120 -0.8496 0.5154
vn 0.7346 -0.1608 -0.6591
vn -0.0329 0.3609 -0.9320
vn -0.6986 -0.6167 0.3629
vn -0.7349 -0.3233 0.5962
vn -0.6946 0.2047 -0.6896
vn -0.2541 -0.6383 0.7266
vn -0.7939 -0.1296 0.5942
vn -0.9970 0.0286 0.0722
vn -0.3889 0.3430 0.8551
vn -0.3170 0.6345 0.7050
vn -0.6080 0.1917 -0.7705
vn -0.0728 0.6849 0.7250
vn 0.7075 0.7062 0.0269
vn 0.0236 0.8731 0.4870
vn -0.3741 0.1241 0.9190
vn -0.1941 -0.9800 -0.0441
vn -0.1502 0.7314 -0.6652
vn -0.0806 0.9531 0.2916
vn 0.3124 0.1390 -0.9397
vn 0.7707 -0.3909 0.5032
vn -0.8529 0.2966 -0.4297
vn -0.9172 -0.0179 -0.3981
vn -0.9180 0.3678 0.1485
vn 0.2808 0.4036 -0.8708
vn -0.1445 0.3836 -0.9121
vn -0.2779 -0.9603 -0.0261
vn -0.5246 0.1316 -0.8411
vn -0.7213 -0.6906 -0.0526
vn 0.7196 -0.1531 0.6773
vn -0.1638 -0.4814 -0.8610
vn 0.3237 -0.6143 -0.7196
vn -0.0369 0.2618 -0.9644
vn -0.7867 0.3350 -0.5185
vn 0.8089 0.2316 0.5404
vn 0.2747 -0.8600 -0.4301
vn 0.2769 0.1802 -0.9438
vn 0.8169 -0.4914 0.3020
vn -0.6880 -0.4841 -0.5406
vn 0.4609 -0.2146 0.8611
vn -0.5722 -0.6546 -0.4940
vn -0.1922 -0.7425 0.6417
vn -0.7237 -0.6818 -0.1071
vn 0.9538 0.2826 0.1019
vn 0.1255 -0.8206 0.5576
vn -0.0248 -0.9997 0.0044
vn -0.6994 -0.4311 0.5701
vn 0.1335 -0.7644 0.6308
vn -0.5560 0.0353 -0.8304
vn -0.0012 -1.0000 0.0025
vn 0.6104 -0.7881 0.0796
vn -0.8892 0.4515 -0.0748
vn -0.0100 0.9135 0.4068
vn 0.2978 0.5032 -0.8113
vn 0.3202 -0.9457 0.0558
vn 0.5031 -0.3044 -0.8089
vn -0.8814 -0.3948 0.2592
vn 0.9087 0.3794 -0.1742
vn 0.4204 -0.1830 -0.8887
vn -0.0875 0.3180 -0.9441
vn -0.2644 -0.8265 -0.4970
vn -0.3042 0.3139 -0.8994
vn 0.0055 -0.9983 -0.0584
vn -0.0127 -0.9974 -0.0706
vn 0.0514 -0.5997 0.7986
vn -0.1706 0.4943 -0.8524
vn 0.4304 0.9024 0.0196
vn 0.0508 0.2918 0.9551
vn 0.1550 -0.9780 -0.1394
vn 0.8232 -0.1162 0.5557
vn -0.8344 -0.2660 0.4827
vn 0.4754 -0.1829 -0.8605
vn 0.9789 -0.0622 0.1947
vn 0.6312 0.5292 -0.5670
vn -0.0536 -0.3999 0.9150
vn -0.2368 -0.9359 0.2607
vn -0.8410 0.0713 -0.5364
vn 0.0265 -0.9993 0.0266
vn -0.0169 -0.9994 -0.0292
vn 0.3087 0.3611 -0.8799
vn -0.1183 -0.9876 -0.1029
vn -0.0264 -0.9996 0.0052
vn 0.0564 -0.9971 -0.0511
vn -0.4382 0.8885 -0.1363
vn -0.6135 0.6174 -0.4923
vn -0.6029 0.6471 -0.4666
vn -0.3074 -0.9394 0.1520
vn -0.3122 0.3476 -0.8841
vn 0.0368 -0.9971 -0.0671
vn 0.0650 -0.9962 -0.0571
vn -0.3384 0.5031 0.7952
vn -0.3720 0.1259 0.9197
vn 0.0582 -0.9971 0.0501
vn 0.7297 -0.6640 0.1632
vn -0.6986 0.0796 0.7111
vn -0.0033 0.7443 0.6679
vn 0.2630 -0.6045 -0.7520
vn -0.7475 0.6093 0.2647
vn -0.1515 -0.0710 -0.9859
vn -0.0950 0.5102 0.8548
vn -0.7246 0.0467 -0.6876
vn 0.2779 0.9460 -0.1667
vn -0.2479 -0.6881 -0.6819
vn 0.0024 -0.9998 -0.0219
vn 0.3166 -0.6605 0.6808
vn -0.0327 0.2077 -0.9776
vn 0.9452 0.1736 0.2763
vn 0.7177 0.3449 0.6049
vn -0.0178 0.0933 0.9955
vn -0.1003 0.5860 -0.8041
vn -0.3142 -0.9089 0.2743
vn -0.7524 0.2364 0.6148
vn 0.5515 0.1375 0.8228
vn -0.5829 -0.0670 -0.8098
vn 0.0369 -0.7174 0.6957
vn -0.1348 0.5088 0.8503
vn -0.1064 -0.5829 -0.8055
vn -0.7111 -0.3430 -0.6138
vn -0.9982 -0.0052 -0.0591
vn -0.1661 -0.9855 0.0354
vn 0.1882 -0.0073 -0.9821
vn -0.4631 -0.5168 -0.7200
vn -0.5327 -0.4696 -0.7041
vn 0.7496 0.4281 -0.5048
vn -0.1726 -0.9845 -0.0316
vn 0.0868 0.5289 0.8443
vn 0.1073 0.8370 0.5366
vn 0.5705 -0.7029 0.4248
vn 0.9426 -0.2244 -0.2474
vn 0.3613 0.8517 -0.3796
vn 0.3655 0.8143 -0.4508
vn 0.0973 -0.0500 -0.9940
vn 0.4806 -0.7432 -0.4655
vn 0.5316 -0.6402 0.5546
vn 0.4059 0.7210 0.5616
vn -0.0143 -0.9996 -0.0250
vn 0.7011 -0.0302 0.7125
vn 0.2228 0.9293 -0.2945
vn 0.9125 0.2856 -0.2929
vn 0.7674 0.1889 0.6127
vn -0.6691 0.7332 -0.1217
vn 0.6979 0.4740 0.5369
vn 0.2742 0.9380 -0.2120
vn 0.1505 0.1334 0.9796
vn -0.1255 -0.8806 -0.4569
vn -0.7187 0.4100 -0.5616
vn 0.7813 -0.5685 0.2576
vn -0.8069 0.2195 -0.5485
vn 0.8965 -0.0224 -0.4425
vn 0.8176 0.4710 0.3310
vn -0.2434 -0.2076 0.9474
vn 0.6950 -0.4977 0.5189
vn -0.7139 0.5201 -0.4689
vn 0.4576 0.2192 0.8617
vn 0.7378 0.4742 0.4804
vn 0.8287 0.4012 -0.3903
vn 0.6455 -0.3985 0.6516
vn 0.9299 0.0987 -0.3544
vn 0.9944 0.0698 0.0792
vn -0.1402 0.2792 0.9499
vn -0.0372 0.5734 0.8184
vn 0.4877 -0.7791 0.3940
vn -0.3605 0.2039 -0.9102
vn -0.5083 -0.1099 -0.8542
vn 0.0512 -0.0677 -0.9964
vn 0.0475 0.7658 0.6413
vn -0.4625 -0.0856 -0.8825
vn -0.3760 0.9258 -0.0392
vn 0.6585 -0.3363 0.6733
vn -0.5219 0.4202 0.7423
vn 0.9524 0.2535 -0.1691
vn 0.6830 -0.7301 0.0213
vn -0.9018 -0.4314 -0.0247
vn -0.2006 -0.1246 -0.9717
vn -0.4569 -0.8729 -0.1709
vn -0.0243 0.1744 0.9844
vn 0.7111 0.4979 0.4964
vn -0.2755 0.8248 0.4938
vn 0.3855 0.9161 0.1100
vn 0.0335 -0.9244 -0.3799
vn -0.4241 0.1650 -0.8904
vn -0.7707 -0.5990 0.2172
vn 0.2793 -0.6969 -0.6606
vn 0.0405 -0.7109 0.7022
vn 0.1730 0.2397 -0.9553
vn -0.2307 -0.7045 0.6712
vn 0.3129 -0.9152 -0.2541
vn 0.5796 0.2966 0.7590
vn -0.0416 -0.9991 -0.0005
vn -0.5090 -0.6789 -0.5292
vn 0.9951 0.0925 0.0353
vn 0.9074 -0.2253 0.3546
vn 0.7853 -0.0620 -0.6161
vn 0.5656 -0.7528 -0.3367
vn 0.9433 0.3269 -0.0572
vn 0.4177 0.3836 0.8237
vn -0.9958 0.0379 0.0838
vn -0.7091 -0.0102 0.7050
vn -0.2323 -0.0615 -0.9707
vn -0.7355 0.5755 -0.3575
vn -0.5435 0.6617 0.5165
vn 0.6678 0.2621 0.6966
vn -0.4669 -0.8761 0.1202
vn 0.6082 -0.7834 -0.1283
vn -0.2815 -0.9280 -0.2442
vn -0.7186 -0.0829 0.6905
vn 0.0701 -0.9895 0.1261
vn -0.2240 0.6310 0.7427
vn 0.6430 0.6802 -0.3520
vn 0.9101 0.4043 0.0913
vn 0.4711 0.7559 -0.4546
vn 0.5327 -0.0935 -0.8411
vn 0.5840 -0.0592 -0.8096
vn -0.7913 -0.5785 0.1981
vn 0.4160 -0.5191 0.7466
vn -0.2419 0.8861 -0.3954
vn 0.1660 -0.3726 0.9130
vn 0.0242 -0.2420 -0.9700
vn 0.6135 0.7294 0.3025
vn -0.5896 0.3581 -0.7240
vn -0.9023 0.0007 0.4311
vn -0.4619 0.8511 -0.2494
vn -0.5146 0.2120 -0.8308
vn 0.8692 0.3547 0.3445
vn 0.4255 -0.2380 0.8731
vn 0.4030 0.1897 0.8954
vn 0.5294 -0.0774 0.8448
vn 0.1853 -0.4127 -0.8918
vn -0.0327 -0.9335 0.3572
vn -0.1295 0.9796 -0.1539
vn -0.2049 -0.8081 0.5523
vn -0.0763 0.5969 0.7987
vn -0.9476 -0.2333 0.2184
vn -0.7512 -0.2209 -0.6219
vn -0.3119 0.8741 0.3723
vn 0.0984 0.6497 -0.7538
vn -0.0411 -0.1096 0.9931
vn -0.0671 -0.4619 0.8844
vn 0.5785 -0.1900 -0.7932
vn -0.2516 0.9634 -0.0925
vn 0.4251 0.3591 0.8309
vn 0.9278 0.3356 0.1629
vn -0.5701 -0.7300 -0.3769
vn -0.3107 -0.6036 -0.7342
vn -0.6578 -0.2378 0.7147
vn -0.8822 0.1579 -0.4436
vn 0.4980 -0.2955 0.8152
vn 0.7941 -0.0432 0.6063
vn 0.1594 -0.5015 -0.8504
vn 0.4057 0.8583 -0.3142
vn -0.4125 -0.7891 -0.4552
vn 0.4777 0.7725 -0.4183
vn -0.8907 -0.4016 -0.2131
vn 0.0183 0.4637 -0.8858
vn 0.0429 -0.2950 -0.9545
vn 0.8956 0.2716 0.3523
vn -0.0645 0.6152 -0.7857
vn 0.8121 -0.0540 -0.5810
vn -0.7746 -0.3012 0.5562
vn 0.7987 -0.3207 -0.5091
vn 0.1107 -0.2451 -0.9632
vn 0.8218 -0.4400 0.3620
vn 0.8536 -0.0489 0.5186
vn -0.0057 -0.9981 -0.0613
vn -0.0221 -0.9978 -0.0620
vn -0.2029 -0.7355 0.6465
vn 0.3274 0.9058 -0.2689
vn -0.0026 -0.9927 -0.1210
vn -0.7015 0.4642 -0.5408
vn -0.1619 0.9387 -0.3043
vn 0.9107 -0.2895 0.2948
vn -0.0652 0.7287 -0.6817
vn -0.1212 0.2337 -0.9647
vn -0.0797 -0.1967 -0.9772
vn -0.1747 0.9223 0.3446
vn 0.0005 0.4073 -0.9133
vn 0.4914 -0.7652 -0.4159
vn 0.7860 -0.3447 0.5131
vn 0.7664 -0.3677 0.5267
vn -0.2135 0.1880 -0.9587
vn -0.3236 0.9004 -0.2906
vn 0.3207 0.5540 0.7683
vn 0.8771 0.0934 0.4712
vn 0.4910 -0.6499 0.5802
vn -0.8582 0.0894 0.5054
vn 0.5772 0.4767 -0.6631
vn -0.8437 0.4515 -0.2905
vn -0.2800 -0.7952 -0.5378
vn 0.8167 0.1683 -0.5520
vn -0.9654 0.0391 -0.2577
vn 0.3571 0.8440 -0.4002
vn 0.1921 0.0974 0.9765
vn -0.5351 0.3153 0.7838
vn 0.1651 -0.8341 0.5263
vn -0.5629 0.4716 -0.6787
vn -0.1713 0.5788 -0.7973
vn -0.1884 -0.7501 0.6339
vn -0.1325 -0.7454 0.6534
vn -0.2149 -0.0052 -0.9766
vn -0.4314 0.2436 -0.8686
vn -0.5874 0.7279 0.3538
vn 0.0084 -1.0000 -0.0015
vn 0.2273 -0.3326 0.9153
vn 0.3901 0.8784 0.2763
vn 0.3605 0.9037 0.2309
vn 0.2627 -0.8564 -0.4445
vn 0.9167 -0.0623 0.3947
vn -0.3245 0.4538 -0.8299
vn -0.5715 0.3838 -0.7253
vn 0.9343 -0.3129 0.1709
vn 0.2417 -0.6700 -0.7019
vn 0.1605 -0.6545 -0.7388
vn 0.6635 -0.7462 0.0551
vn 0.6836 0.4160 0.5997
vn 0.4099 0.9106 0.0529
vn -0.9189 -0.1139 0.3776
vn -0.2479 0.4461 -0.8599
vn -0.0544 -0.9964 0.0652
vn 0.9704 0.1784 -0.1631
vn 0.9496 0.2528 -0.1853
vn 0.0528 0.6912 0.7207
vn 0.7411 -0.3679 0.5616
vn -0.1580 0.1225 0.9798
vn -0.6731 -0.3013 0.6754
vn -0.2845 0.4917 -0.8230
vn 0.4429 -0.5891 -0.6759
vn -0.9144 -0.4003 0.0598
vn 0.1834 0.7318 -0.6563
vn -0.7141 0.0892 -0.6943
vn -0.6618 0.1224 -0.7396
vn -0.0220 0.7678 -0.6403
vn -0.1466 -0.8085 -0.5699
vn 0.7868 0.2349 -0.5707
usemtl mtlBunny
s off
f 14/1/1 677/2/1 5/3/1
f 4/4/2 7/5/2 744/6/2
f 7/5/3 9/7/4 744/6/3
f 9/8/5 8/9/6 7/10/7
f 9/11/8 7/5/9 10/12/9
f 12/13/10 744/6/10 9/7/11
f 8/14/6 12/15/12 9/16/5
f 10/12/13 12/13/13 9/11/14
f 405/17/15 10/12/15 6/18/15
f 10/12/16 744/6/16 12/13/16
f 10/12/17 13/19/17 15/20/17
f 10/12/18 17/21/19 13/19/18
f 17/22/20 18/23/21 405/17/21
f 17/24/22 19/25/23 20/26/24
f 17/24/25 20/26/26 13/27/26
f 19/28/27 17/21/28 10/12/29
f 19/28/30 10/12/31 18/23/31
f 21/29/32 19/30/33 17/22/34
f 19/28/35 18/23/36 17/22/37
f 22/31/38 33/32/38 14/1/38
f 21/33/39 20/26/39 19/25/40
f 24/34/41 25/35/42 20/26/41
f 25/36/43 24/37/44 21/29/44
f 25/36/45 21/29/46 405/17/46
f 24/34/47 20/26/47 21/33/47
f 25/35/48 26/38/49 20/26/50
f 24/39/51 25/40/52 26/41/53
f 405/17/54 26/42/55 25/36/56
f 26/38/57 28/43/58 20/26/59
f 28/44/60 27/45/61 26/46/62
f 28/47/63 26/42/64 405/17/65
f 28/43/66 30/48/67 20/26/68
f 31/49/69 29/50/70 28/51/71
f 31/49/72 28/51/73 27/52/74
f 30/53/75 29/54/76 28/55/77
f 30/56/78 28/47/79 405/17/80
f 29/50/81 31/49/82 27/52/83
f 29/50/84 27/52/85 28/57/60
f 33/32/86 677/2/86 14/1/86
f 30/48/87 32/58/88 713/59/88
f 29/60/89 32/61/90 30/62/75
f 442/63/91 32/64/91 30/56/92
f 713/59/93 33/32/93 22/31/93
f 336/65/94 694/66/94 736/67/94
f 543/68/95 460/69/95 271/70/95
f 686/71/96 649/72/96 475/73/96
f 471/74/97 70/75/97 41/76/97
f 566/77/98 368/78/98 300/79/98
f 237/80/99 609/81/99 733/82/99
f 484/83/100 476/84/100 692/85/100
f 110/86/101 88/87/101 199/88/101
f 108/89/102 577/90/102 580/91/102
f 478/92/103 445/93/103 47/94/103
f 520/95/104 295/96/104 522/97/104
f 33/32/105 442/98/105 443/99/105
f 348/100/106 508/101/106 63/102/106
f 171/103/107 728/104/107 781/105/107
f 307/106/108 706/107/108 67/108/108
f 71/109/109 493/110/109 194/111/109
f 71/109/110 72/112/110 493/110/110
f 649/72/111 653/113/111 704/114/111
f 754/115/112 208/116/112 578/117/112
f 80/118/113 40/119/113 454/120/113
f 85/121/114 44/122/114 260/123/114
f 531/124/115 371/125/115 461/126/115
f 387/127/116 88/87/116 386/128/116
f 185/129/117 363/130/117 769/131/117
f 708/132/118 391/133/118 658/134/118
f 160/135/119 250/136/119 92/137/119
f 758/138/120 561/139/120 95/140/120
f 259/141/121 97/142/121 320/143/121
f 547/144/122 142/145/122 414/146/122
f 750/147/123 98/148/123 99/149/123
f 656/150/124 102/151/124 41/76/124
f 262/152/125 108/89/125 580/91/125
f 238/153/126 294/154/126 109/155/126
f 325/156/127 437/157/127 780/158/127
f 287/159/128 440/160/128 747/161/128
f 386/128/129 110/86/129 231/162/129
f 738/163/130 134/164/130 322/165/130
f 112/166/131 113/167/131 114/168/131
f 775/169/132 424/170/132 449/171/132
f 85/121/133 198/172/133 117/173/133
f 649/72/134 686/71/134 482/174/134
f 154/175/135 572/176/135 300/79/135
f 422/177/136 102/151/136 656/150/136
f 119/178/137 630/179/137 120/180/137
f 356/181/138 124/182/138 125/183/138
f 79/184/139 470/185/139 742/186/139
f 127/187/140 456/188/140 531/124/140
f 521/189/141 267/190/141 76/191/141
f 598/192/142 511/193/142 200/194/142
f 543/68/143 332/195/143 544/196/143
f 57/197/144 450/198/144 669/199/144
f 664/200/145 556/201/145 294/154/145
f 128/202/146 654/203/146 632/204/146
f 513/205/147 717/206/147 54/207/147
f 610/208/148 130/209/148 661/210/148
f 262/152/149 404/211/149 263/212/149
f 132/213/150 133/214/150 775/169/150
f 738/163/151 234/215/151 134/164/151
f 552/216/152 273/217/152 126/218/152
f 520/95/153 327/219/153 295/96/153
f 507/220/154 219/221/154 574/222/154
f 115/223/155 625/224/155 626/225/155
f 489/226/156 141/227/156 625/224/156
f 150/228/157 565/229/157 562/230/157
f 313/231/158 282/232/158 779/233/158
f 2/234/159 581/235/159 53/236/159
f 548/237/160 183/238/160 142/145/160
f 63/102/161 144/239/161 143/240/161
f 63/102/162 410/241/162 144/239/162
f 407/242/163 455/243/163 518/244/163
f 152/245/164 217/246/164 90/247/164
f 540/248/165 153/249/165 618/250/165
f 217/246/166 152/245/166 488/251/166
f 53/236/167 703/252/167 770/253/167
f 613/254/168 2/234/168 53/236/168
f 155/255/169 156/256/169 157/257/169
f 472/258/170 158/259/170 159/260/170
f 242/261/171 349/262/171 324/263/171
f 339/264/172 160/135/172 612/265/172
f 434/266/173 162/267/173 526/268/173
f 465/269/174 164/270/174 434/266/174
f 245/271/175 163/272/175 333/273/175
f 404/211/176 539/274/176 736/67/176
f 595/275/177 591/276/177 165/277/177
f 421/278/178 166/279/178 308/280/178
f 168/281/179 169/282/179 494/283/179
f 247/284/180 83/285/180 585/286/180
f 58/287/181 677/2/181 33/32/181
f 723/288/182 169/282/182 174/289/182
f 192/290/183 521/291/183 693/292/183
f 763/293/184 724/294/184 122/295/184
f 186/296/185 179/297/185 107/298/185
f 571/299/186 579/300/186 357/301/186
f 412/302/187 164/303/187 570/304/187
f 776/305/188 60/306/188 582/307/188
f 264/308/189 80/118/189 429/309/189
f 689/310/190 183/238/190 184/311/190
f 653/113/191 188/312/191 704/114/191
f 190/313/192 679/314/192 549/315/192
f 344/316/193 191/317/193 345/318/193
f 377/319/194 73/320/194 188/312/194
f 194/111/195 486/321/195 195/322/195
f 398/323/196 411/324/196 523/325/196
f 237/80/197 65/326/197 512/327/197
f 201/328/198 200/194/198 62/329/198
f 201/328/199 328/330/199 598/192/199
f 202/331/200 476/84/200 456/188/200
f 339/264/201 227/332/201 160/135/201
f 210/333/202 702/334/202 211/335/202
f 212/336/203 363/130/203 695/337/203
f 212/336/204 213/338/204 161/339/204
f 217/246/205 590/340/205 453/341/205
f 531/124/206 590/340/206 636/342/206
f 105/343/207 418/344/207 361/345/207
f 218/346/208 150/228/208 773/347/208
f 547/144/209 548/237/209 142/145/209
f 177/348/210 178/349/210 490/350/210
f 226/351/211 699/352/211 136/353/211
f 134/164/212 234/215/212 126/218/212
f 98/148/213 524/354/213 224/355/213
f 224/355/214 547/144/214 222/356/214
f 225/357/215 68/358/215 62/329/215
f 779/233/216 52/359/216 678/360/216
f 52/359/217 282/232/217 558/361/217
f 708/132/218 593/362/218 391/133/218
f 227/332/219 437/157/219 325/156/219
f 418/344/220 720/363/220 101/364/220
f 673/365/221 228/366/221 443/99/221
f 443/99/222 228/366/222 33/32/222
f 229/367/223 230/368/223 231/162/223
f 433/369/224 499/370/224 232/371/224
f 36/372/225 636/342/225 208/116/225
f 789/373/226 187/374/226 716/375/226
f 92/137/227 609/81/227 237/80/227
f 314/376/228 239/377/228 528/378/228
f 373/379/229 241/380/229 700/381/229
f 767/382/230 370/383/230 61/384/230
f 770/253/231 613/254/231 53/236/231
f 480/385/232 261/386/232 375/387/232
f 487/388/233 746/389/233 517/390/233
f 218/346/234 696/391/234 150/228/234
f 90/247/235 217/246/235 453/341/235
f 609/81/236 92/137/236 250/136/236
f 163/272/237 251/392/237 333/273/237
f 247/284/238 585/286/238 84/393/238
f 72/112/239 494/283/239 493/110/239
f 47/94/240 81/394/240 478/92/240
f 639/395/241 47/94/241 498/396/241
f 318/397/242 128/202/242 262/152/242
f 456/188/243 265/398/243 741/399/243
f 308/280/244 166/279/244 266/400/244
f 115/223/245 489/226/245 625/224/245
f 490/350/246 205/401/246 489/226/246
f 104/402/247 495/403/247 695/337/247
f 276/404/248 618/250/248 153/249/248
f 275/405/249 618/250/249 276/404/249
f 280/406/250 353/407/250 573/408/250
f 383/409/251 573/408/251 727/410/251
f 61/384/252 327/219/252 694/66/252
f 282/411/253 718/412/253 664/200/253
f 677/2/254 718/412/254 282/413/254
f 334/414/255 501/415/255 423/416/255
f 768/417/256 181/418/256 483/419/256
f 533/420/257 41/76/257 454/120/257
f 689/310/258 142/145/258 183/238/258
f 740/421/259 142/145/259 689/310/259
f 226/351/260 136/353/260 468/422/260
f 206/423/261 207/424/261 354/425/261
f 488/251/262 732/426/262 467/427/262
f 287/159/263 469/428/263 440/160/263
f 493/110/264 715/429/264 194/111/264
f 340/430/265 529/431/265 781/105/265
f 589/432/266 275/405/266 276/404/266
f 723/288/267 486/321/267 715/429/267
f 170/433/268 171/103/268 1/434/268
f 170/433/269 315/435/269 171/103/269
f 635/436/270 663/437/270 204/438/270
f 180/439/271 525/440/271 542/441/271
f 110/86/272 199/88/272 113/167/272
f 119/178/273 110/86/273 630/179/273
f 379/442/274 43/443/274 36/372/274
f 560/444/275 306/445/275 707/446/275
f 752/447/276 770/253/276 703/252/276
f 130/209/277 610/208/277 374/448/277
f 311/449/278 226/351/278 312/450/278
f 313/231/279 755/451/279 581/235/279
f 529/431/280 497/452/280 314/376/280
f 315/435/281 253/453/281 714/454/281
f 362/455/282 411/324/282 398/323/282
f 654/203/283 128/202/283 318/397/283
f 319/456/284 372/457/284 602/458/284
f 356/181/285 545/459/285 124/182/285
f 372/457/286 319/456/286 662/460/286
f 472/258/287 595/275/287 158/259/287
f 507/220/288 614/461/288 506/462/288
f 554/463/289 429/309/289 70/75/289
f 250/136/290 325/156/290 143/240/290
f 788/464/291 234/215/291 738/163/291
f 60/306/292 479/465/292 78/466/292
f 330/467/293 189/468/293 592/469/293
f 512/327/294 65/326/294 195/322/294
f 330/467/295 532/470/295 329/471/295
f 111/472/296 72/112/296 71/109/296
f 670/473/297 179/297/297 671/474/297
f 332/195/298 540/248/298 544/196/298
f 213/338/299 477/475/299 92/137/299
f 205/401/300 337/476/300 141/227/300
f 337/476/301 205/401/301 497/452/301
f 126/218/302 129/477/302 503/478/302
f 108/89/303 128/202/303 675/479/303
f 510/480/304 342/481/304 777/482/304
f 555/483/305 343/484/305 711/485/305
f 132/213/306 393/486/306 133/214/306
f 347/487/307 508/101/307 348/100/307
f 165/277/308 640/488/308 39/489/308
f 245/271/309 333/273/309 349/262/309
f 349/262/310 588/490/310 245/271/310
f 355/491/311 356/181/311 125/183/311
f 210/333/312 211/335/312 321/492/312
f 153/249/313 401/493/313 359/494/313
f 210/333/314 356/181/314 355/491/314
f 620/495/315 210/333/315 355/491/315
f 360/496/316 763/293/316 122/295/316
f 46/497/317 187/374/317 651/498/317
f 564/499/318 379/442/318 36/372/318
f 220/500/319 191/317/319 312/450/319
f 633/501/320 369/502/320 55/503/320
f 370/383/321 327/219/321 61/384/321
f 291/504/322 123/505/322 117/173/322
f 117/173/323 44/122/323 85/121/323
f 371/125/324 531/124/324 456/188/324
f 197/506/325 82/507/325 583/508/325
f 375/387/326 241/380/326 82/507/326
f 518/244/327 419/509/327 378/510/327
f 526/268/328 162/267/328 722/511/328
f 554/463/329 691/512/329 264/308/329
f 43/443/330 379/442/330 380/513/330
f 324/263/331 379/442/331 737/514/331
f 278/515/332 77/516/332 56/517/332
f 604/518/333 234/215/333 788/464/333
f 64/519/334 328/330/334 381/520/334
f 642/521/335 175/522/335 292/523/335
f 574/222/336 290/524/336 507/220/336
f 634/525/337 507/220/337 290/524/337
f 388/526/338 322/165/338 503/478/338
f 62/329/339 728/104/339 714/454/339
f 390/527/340 193/528/340 587/529/340
f 391/133/341 149/530/341 352/531/341
f 637/532/342 392/533/342 255/534/342
f 392/533/343 637/532/343 369/502/343
f 559/535/344 96/536/344 648/537/344
f 140/538/345 146/539/345 690/540/345
f 395/541/346 109/155/346 397/542/346
f 107/298/347 187/374/347 186/296/347
f 727/410/348 87/543/348 619/544/348
f 607/545/349 671/474/349 606/546/349
f 642/521/350 292/523/350 719/547/350
f 617/548/351 597/549/351 135/550/351
f 140/538/352 690/540/352 584/551/352
f 584/551/353 306/445/353 305/552/353
f 236/553/354 409/554/354 570/304/354
f 155/255/355 349/262/355 785/555/355
f 413/556/356 419/509/356 444/557/356
f 307/106/357 420/558/357 706/107/357
f 689/310/358 491/559/358 740/421/358
f 652/560/359 233/561/359 118/562/359
f 226/351/360 631/563/360 394/564/360
f 505/565/361 417/566/361 758/138/361
f 700/381/362 757/567/362 620/568/362
f 426/569/363 258/570/363 770/253/363
f 563/571/364 427/572/364 680/573/364
f 427/572/365 563/571/365 252/574/365
f 438/575/366 168/281/366 428/576/366
f 430/577/367 288/578/367 157/257/367
f 749/579/368 191/317/368 220/500/368
f 579/300/369 749/579/369 220/500/369
f 209/580/370 431/581/370 303/582/370
f 211/335/371 431/581/371 216/583/371
f 52/359/372 558/361/372 499/370/372
f 749/579/373 739/584/373 191/317/373
f 237/80/374 512/327/374 161/339/374
f 124/182/375 545/459/375 621/585/375
f 166/279/376 591/276/376 296/586/376
f 167/587/377 97/142/377 679/314/377
f 271/70/378 254/588/378 351/589/378
f 1/434/379 610/208/379 661/210/379
f 637/532/380 640/488/380 166/279/380
f 666/590/381 350/591/381 153/249/381
f 666/590/382 153/249/382 332/195/382
f 634/525/383 230/368/383 229/367/383
f 116/592/384 89/593/384 441/594/384
f 442/63/385 30/56/386 405/17/385
f 47/94/387 445/93/387 607/545/387
f 464/595/388 115/223/388 471/74/388
f 758/138/389 685/596/389 615/597/389
f 445/93/390 478/92/390 670/473/390
f 107/298/391 670/473/391 478/92/391
f 359/494/392 401/493/392 451/598/392
f 284/599/393 633/501/393 55/503/393
f 40/119/394 389/600/394 454/120/394
f 40/601/395 352/531/395 389/602/395
f 16/603/396 648/537/396 535/604/396
f 317/605/397 333/273/397 650/606/397
f 51/607/398 50/608/398 438/575/398
f 51/607/399 438/575/399 428/576/399
f 156/256/400 155/255/400 170/433/400
f 117/173/401 123/505/401 44/122/401
f 661/210/402 430/577/402 157/257/402
f 769/131/403 358/609/403 185/129/403
f 320/143/404 97/142/404 167/587/404
f 102/151/405 422/177/405 464/595/405
f 45/610/406 167/587/406 498/396/406
f 167/587/407 45/610/407 462/611/407
f 294/154/408 72/112/408 111/472/408
f 368/78/409 566/77/409 782/612/409
f 289/613/410 725/614/410 609/81/410
f 738/163/411 322/165/411 509/615/411
f 551/616/412 330/467/412 329/471/412
f 551/616/413 329/471/413 751/617/413
f 566/77/414 300/79/414 214/618/414
f 291/504/415 117/173/415 86/619/415
f 469/428/416 780/158/416 440/160/416
f 614/461/417 370/383/417 506/462/417
f 102/151/418 464/595/418 471/74/418
f 102/151/419 471/74/419 41/76/419
f 612/265/420 160/135/420 477/475/420
f 219/221/421 506/462/421 473/620/421
f 477/475/422 160/135/422 92/137/422
f 451/598/423 480/385/423 479/465/423
f 223/621/424 481/622/424 724/294/424
f 299/623/425 483/419/425 129/624/425
f 106/625/426 418/344/426 101/364/426
f 485/626/427 302/627/427 484/83/427
f 755/451/428 779/233/428 698/628/428
f 740/421/429 491/559/429 35/629/429
f 659/630/430 596/631/430 77/516/430
f 71/109/431 688/632/431 111/472/431
f 314/376/432 496/633/432 93/634/432
f 295/96/433 370/383/433 614/461/433
f 480/385/434 375/387/434 479/465/434
f 93/634/435 496/633/435 176/635/435
f 169/282/436 715/429/436 493/110/436
f 497/452/437 496/633/437 314/376/437
f 367/636/438 499/370/438 558/361/438
f 401/493/439 153/249/439 350/591/439
f 276/404/440 359/494/440 451/598/440
f 504/637/441 573/408/441 353/407/441
f 360/496/442 122/295/442 616/638/442
f 506/462/443 219/221/443 507/220/443
f 508/101/444 347/487/444 68/358/444
f 301/639/445 705/640/445 138/641/445
f 452/642/446 154/175/446 771/643/446
f 393/486/447 100/644/447 133/214/447
f 364/645/448 293/646/448 209/647/448
f 225/357/449 69/648/449 68/358/449
f 297/649/450 763/293/450 360/496/450
f 683/650/451 248/651/451 585/286/451
f 382/652/452 342/481/452 515/653/452
f 463/654/453 482/174/453 686/71/453
f 518/244/454 50/608/454 256/655/454
f 759/656/455 196/657/455 734/658/455
f 553/659/456 326/660/456 520/95/456
f 522/97/457 519/661/457 520/95/457
f 130/209/458 374/448/458 430/577/458
f 374/448/459 420/558/459 430/577/459
f 331/662/460 665/663/460 268/664/460
f 577/90/461 675/479/461 665/663/461
f 671/474/462 179/297/462 48/665/462
f 606/546/463 671/474/463 48/665/463
f 182/666/464 105/343/464 415/667/464
f 159/260/465 537/668/465 472/258/465
f 173/669/466 135/550/466 64/519/466
f 528/378/467 781/105/467 529/431/467
f 277/670/468 712/671/468 258/570/468
f 730/672/469 752/447/469 532/470/469
f 659/630/470 77/516/470 778/673/470
f 293/674/471 292/675/471 538/676/471
f 175/677/472 538/676/472 292/675/472
f 235/678/473 543/68/473 544/196/473
f 733/82/474 470/185/474 65/326/474
f 356/181/475 321/492/475 545/459/475
f 349/262/476 380/513/476 324/263/476
f 324/263/477 380/513/477 379/442/477
f 235/678/478 460/69/478 543/68/478
f 345/318/479 263/212/479 546/679/479
f 321/492/480 99/149/480 545/459/480
f 547/144/481 224/355/481 548/237/481
f 552/216/482 604/518/482 79/184/482
f 520/95/483 519/661/483 553/659/483
f 343/484/484 555/483/484 556/201/484
f 104/402/485 530/680/485 557/681/485
f 36/372/486 43/443/486 636/342/486
f 558/361/487 365/682/487 726/683/487
f 104/402/488 557/681/488 338/684/488
f 495/403/489 104/402/489 338/684/489
f 343/484/490 669/199/490 711/485/490
f 435/685/491 621/585/491 527/686/491
f 191/317/492 739/584/492 318/397/492
f 745/687/493 69/648/493 564/499/493
f 782/612/494 566/77/494 42/688/494
f 169/282/495 723/288/495 715/429/495
f 785/555/496 349/262/496 242/261/496
f 230/368/497 385/689/497 231/162/497
f 230/368/498 290/524/498 385/689/498
f 326/660/499 553/659/499 699/352/499
f 394/564/500 327/219/500 699/352/500
f 570/304/501 164/303/501 465/690/501
f 335/691/502 571/299/502 59/692/502
f 571/299/503 572/176/503 154/175/503
f 208/116/504 754/115/504 603/693/504
f 603/693/505 36/372/505 208/116/505
f 514/694/506 377/319/506 188/312/506
f 579/300/507 571/299/507 154/175/507
f 452/642/508 579/300/508 154/175/508
f 716/375/509 700/381/509 89/695/509
f 46/497/510 700/381/510 716/375/510
f 580/91/511 577/90/511 310/696/511
f 580/91/512 310/696/512 539/274/512
f 581/235/513 698/628/513 53/236/513
f 698/628/514 581/235/514 755/451/514
f 335/691/515 59/692/515 334/414/515
f 505/565/516 361/345/516 417/566/516
f 694/66/517 336/65/517 61/384/517
f 602/458/518 372/457/518 231/162/518
f 78/466/519 582/307/519 60/306/519
f 582/307/520 78/466/520 748/697/520
f 178/349/521 229/367/521 231/162/521
f 634/525/522 229/367/522 406/698/522
f 587/529/523 561/139/523 391/133/523
f 428/576/524 168/281/524 270/699/524
f 211/335/525 303/582/525 431/581/525
f 156/256/526 170/433/526 1/434/526
f 254/588/527 608/700/527 402/701/527
f 254/588/528 402/701/528 351/589/528
f 392/533/529 103/702/529 255/534/529
f 661/210/530 130/209/530 430/577/530
f 725/614/531 289/613/531 466/703/531
f 283/704/532 441/594/532 89/593/532
f 131/705/533 436/706/533 277/670/533
f 572/176/534 335/691/534 334/414/534
f 597/549/535 598/192/535 328/330/535
f 600/707/536 601/708/536 673/365/536
f 472/258/537 537/668/537 278/515/537
f 761/709/538 396/710/538 766/711/538
f 773/347/539 150/228/539 600/707/539
f 319/456/540 119/178/540 74/712/540
f 119/178/541 319/456/541 602/458/541
f 296/586/542 56/517/542 756/713/542
f 414/146/543 740/421/543 413/556/543
f 414/146/544 142/145/544 740/421/544
f 604/518/545 552/216/545 234/215/545
f 604/518/546 786/714/546 605/715/546
f 169/282/547 168/281/547 174/289/547
f 37/716/548 363/130/548 212/336/548
f 363/130/549 37/716/549 769/131/549
f 34/717/550 278/515/550 697/718/550
f 85/121/551 400/719/551 608/700/551
f 624/720/552 163/272/552 245/271/552
f 185/129/553 358/609/553 35/629/553
f 400/719/554 66/721/554 401/493/554
f 212/336/555 695/337/555 213/338/555
f 109/155/556 448/722/556 38/723/556
f 96/536/557 559/535/557 613/254/557
f 94/724/558 521/291/558 192/290/558
f 349/262/559 333/273/559 317/605/559
f 517/390/560 432/725/560 487/388/560
f 615/597/561 215/726/561 505/565/561
f 707/446/562 306/445/562 584/551/562
f 334/414/563 522/97/563 501/415/563
f 492/727/564 592/469/564 760/728/564
f 525/440/565 151/729/565 91/730/565
f 618/250/566 473/620/566 540/248/566
f 377/319/567 684/731/567 192/290/567
f 411/324/568 42/688/568 523/325/568
f 363/130/569 491/559/569 530/680/569
f 280/406/570 279/732/570 172/733/570
f 1/434/571 171/103/571 623/734/571
f 624/720/572 485/626/572 251/392/572
f 346/735/573 485/626/573 624/720/573
f 248/651/574 626/225/574 625/224/574
f 62/329/575 68/358/575 201/328/575
f 284/599/576 339/264/576 103/702/576
f 582/307/577 748/697/577 474/736/577
f 197/506/578 78/466/578 82/507/578
f 186/296/579 789/373/579 48/665/579
f 635/436/580 759/656/580 638/737/580
f 587/529/581 391/133/581 390/527/581
f 724/294/582 121/738/582 223/621/582
f 404/211/583 627/739/583 263/212/583
f 641/740/584 502/741/584 152/245/584
f 643/742/585 642/521/585 719/547/585
f 585/286/586 173/669/586 84/393/586
f 175/522/587 693/292/587 521/291/587
f 650/606/588 645/743/588 317/605/588
f 357/301/589 646/744/589 468/422/589
f 406/698/590 295/96/590 634/525/590
f 325/156/591 469/428/591 287/159/591
f 554/463/592 264/308/592 429/309/592
f 441/594/593 124/182/593 621/585/593
f 460/69/594 272/745/594 271/70/594
f 602/458/595 231/162/595 119/178/595
f 176/635/596 372/457/596 662/460/596
f 277/670/597 97/142/597 259/141/597
f 223/621/598 121/738/598 652/560/598
f 419/509/599 518/244/599 444/557/599
f 777/482/600 775/169/600 133/214/600
f 333/273/601 251/392/601 753/746/601
f 772/747/602 674/748/602 709/749/602
f 214/618/603 656/150/603 709/749/603
f 156/256/604 661/210/604 157/257/604
f 219/221/605 275/405/605 88/87/605
f 298/750/606 729/751/606 663/752/606
f 332/195/607 351/589/607 666/590/607
f 665/663/608 331/662/608 513/205/608
f 60/306/609 276/404/609 451/598/609
f 566/77/610 674/748/610 42/688/610
f 696/391/611 403/753/611 49/754/611
f 742/186/612 467/427/612 732/426/612
f 268/664/613 665/663/613 675/479/613
f 128/202/614 268/664/614 675/479/614
f 121/738/615 148/755/615 660/756/615
f 758/138/120 106/625/120 561/139/120
f 401/493/616 480/385/616 451/598/616
f 66/721/617 260/123/617 480/385/617
f 265/398/618 550/757/618 741/399/618
f 729/751/619 389/602/619 352/531/619
f 433/369/620 678/360/620 499/370/620
f 779/233/621 678/360/621 698/628/621
f 134/164/622 126/218/622 503/478/622
f 234/215/623 552/216/623 126/218/623
f 252/574/624 270/699/624 427/572/624
f 756/713/625 691/512/625 683/650/625
f 592/469/626 74/712/626 710/758/626
f 201/328/627 348/100/627 328/330/627
f 347/487/628 348/100/628 201/328/628
f 689/310/629 184/311/629 491/559/629
f 787/759/630 313/231/630 581/235/630
f 413/556/631 740/421/631 419/509/631
f 231/162/632 385/689/632 386/128/632
f 385/689/633 387/127/633 386/128/633
f 43/443/634 380/513/634 644/760/634
f 386/128/635 88/87/635 110/86/635
f 258/570/636 426/569/636 277/670/636
f 736/67/637 534/761/637 235/678/637
f 542/762/638 448/722/638 388/526/638
f 315/435/639 170/433/639 316/763/639
f 693/292/640 475/73/640 73/320/640
f 271/70/641 272/745/641 254/588/641
f 439/764/642 308/280/642 384/765/642
f 408/766/643 407/242/643 246/767/643
f 198/172/644 643/742/644 86/619/644
f 382/652/645 515/653/645 54/207/645
f 695/337/646 612/265/646 213/338/646
f 300/79/647 572/176/647 657/768/647
f 325/156/648 780/158/648 469/428/648
f 243/769/649 523/325/649 249/770/649
f 612/265/650 495/403/650 339/264/650
f 672/771/651 305/552/651 306/445/651
f 700/381/652 46/497/652 651/498/652
f 113/167/653 199/88/653 114/168/653
f 304/772/654 420/558/654 374/448/654
f 385/689/655 290/524/655 387/127/655
f 203/773/656 196/657/656 705/640/656
f 742/186/657 470/185/657 467/427/657
f 598/192/658 597/549/658 511/193/658
f 745/687/659 36/372/659 603/693/659
f 669/199/660 269/774/660 711/485/660
f 382/652/661 399/775/661 481/622/661
f 770/253/662 258/570/662 712/671/662
f 1/434/663 661/210/663 156/256/663
f 713/59/664 442/98/664 33/32/664
f 459/776/665 716/375/665 764/777/665
f 294/154/666 111/472/666 109/155/666
f 57/197/667 228/366/667 450/198/667
f 780/158/668 55/503/668 439/764/668
f 565/229/669 721/778/669 562/230/669
f 426/569/670 770/253/670 730/672/670
f 350/591/671 402/701/671 401/493/671
f 350/591/672 351/589/672 402/701/672
f 447/779/673 167/587/673 462/611/673
f 455/243/674 413/556/674 444/557/674
f 395/541/675 238/153/675 109/155/675
f 315/435/676 728/104/676 171/103/676
f 558/361/677 396/780/677 365/682/677
f 729/751/678 149/530/678 297/781/678
f 291/504/679 364/645/679 209/647/679
f 291/504/680 209/647/680 702/782/680
f 380/513/681 317/605/681 644/760/681
f 704/114/682 188/312/682 73/320/682
f 716/375/683 89/695/683 764/777/683
f 623/734/684 171/103/684 528/378/684
f 540/248/685 336/65/685 544/196/685
f 696/391/686 218/346/686 403/753/686
f 274/783/687 742/186/687 732/426/687
f 491/559/688 184/311/688 530/680/688
f 111/472/689 448/722/689 109/155/689
f 281/784/690 734/658/690 280/406/690
f 748/697/691 197/506/691 735/785/691
f 126/218/692 299/786/692 129/477/692
f 47/94/693 639/395/693 735/785/693
f 571/299/694 335/691/694 572/176/694
f 319/456/695 74/712/695 706/107/695
f 244/787/696 366/788/696 461/126/696
f 546/679/697 731/789/697 344/316/697
f 104/402/698 695/337/698 363/130/698
f 687/790/699 137/791/699 354/425/699
f 616/638/700 122/295/700 575/792/700
f 601/708/701 680/573/701 450/198/701
f 336/65/702 736/67/702 235/678/702
f 122/295/703 243/769/703 249/770/703
f 378/510/704 586/793/704 438/575/704
f 565/229/705 252/574/705 563/571/705
f 532/470/706 75/794/706 341/795/706
f 532/470/707 330/467/707 75/794/707
f 177/348/708 406/698/708 701/796/708
f 229/367/709 701/796/709 406/698/709
f 452/642/710 739/584/710 579/300/710
f 676/797/711 607/545/711 606/546/711
f 193/528/712 95/140/712 587/529/712
f 193/528/713 684/731/713 95/140/713
f 565/229/714 407/242/714 256/655/714
f 740/421/715 35/629/715 419/509/715
f 419/509/716 35/629/716 378/510/716
f 522/97/717 406/698/717 501/415/717
f 369/502/718 421/278/718 308/280/718
f 657/768/719 422/177/719 656/150/719
f 609/81/720 250/136/720 143/240/720
f 204/438/721 138/641/721 635/436/721
f 533/420/722 709/749/722 656/150/722
f 772/747/723 709/749/723 533/420/723
f 744/6/724 10/12/724 667/798/724
f 616/638/725 576/799/725 309/800/725
f 790/801/726 309/800/726 146/539/726
f 483/419/727 181/418/727 129/624/727
f 630/179/728 629/802/728 120/180/728
f 698/628/729 433/369/729 232/371/729
f 508/101/730 745/687/730 410/241/730
f 408/766/731 541/803/731 569/804/731
f 256/655/732 428/576/732 252/574/732
f 700/381/733 620/568/733 283/805/733
f 453/341/734 590/340/734 525/440/734
f 746/389/735 769/131/735 37/716/735
f 299/623/736 273/217/736 274/783/736
f 510/480/737 615/597/737 685/596/737
f 219/221/738 473/620/738 275/405/738
f 346/735/739 516/806/739 485/626/739
f 579/300/740 739/584/740 749/579/740
f 271/70/741 351/589/741 543/68/741
f 527/686/742 49/754/742 441/594/742
f 57/197/743 58/287/743 228/366/743
f 753/746/744 692/85/744 650/606/744
f 321/492/745 356/181/745 210/333/745
f 498/396/746 458/807/746 735/785/746
f 439/764/747 55/503/747 369/502/747
f 763/293/748 148/755/748 121/738/748
f 697/718/749 278/515/749 296/586/749
f 365/808/750 448/722/750 366/809/750
f 261/386/751 620/568/751 757/567/751
f 20/26/752 23/810/752 13/27/752
f 780/158/753 437/157/753 55/503/753
f 440/160/754 439/764/754 384/765/754
f 505/565/755 758/138/755 615/597/755
f 37/716/756 161/339/756 512/327/756
f 87/543/757 783/811/757 309/800/757
f 11/812/758 405/17/758 6/18/758
f 189/468/759 67/108/759 592/469/759
f 298/813/760 635/436/760 638/737/760
f 562/230/761 601/708/761 600/707/761
f 754/115/762 466/703/762 289/613/762
f 764/814/763 116/592/763 655/815/763
f 619/544/764 533/420/764 765/816/764
f 139/817/765 673/365/765 443/99/765
f 139/818/766 443/819/766 442/63/766
f 56/517/767 691/512/767 756/713/767
f 660/820/768 593/362/768 323/821/768
f 251/392/769 484/83/769 692/85/769
f 751/617/770 550/757/770 551/616/770
f 378/510/771 438/575/771 518/244/771
f 394/564/772 699/352/772 226/351/772
f 727/410/773 573/408/773 504/637/773
f 221/822/774 411/324/774 362/455/774
f 276/404/775 153/249/775 359/494/775
f 630/179/776 110/86/776 113/167/776
f 125/183/777 124/182/777 283/704/777
f 488/251/778 502/741/778 732/426/778
f 677/2/779 58/287/779 718/412/779
f 648/537/780 16/603/780 559/535/780
f 141/227/781 135/550/781 173/669/781
f 112/166/782 458/807/782 190/313/782
f 683/650/783 554/463/783 248/651/783
f 79/184/784 604/518/784 605/715/784
f 648/537/785 536/823/785 535/604/785
f 774/824/786 673/365/786 139/817/786
f 640/488/787 165/277/787 591/276/787
f 640/488/788 591/276/788 166/279/788
f 627/739/789 500/825/789 631/563/789
f 498/396/790 167/587/790 190/313/790
f 373/379/791 700/381/791 651/498/791
f 190/313/792 458/807/792 498/396/792
f 330/467/793 302/627/793 189/468/793
f 566/77/794 214/618/794 674/748/794
f 674/748/795 214/618/795 709/749/795
f 768/417/796 90/247/796 453/341/796
f 436/706/797 679/314/797 97/142/797
f 436/706/798 97/142/798 277/670/798
f 165/277/799 39/489/799 595/275/799
f 240/826/800 790/801/800 146/539/800
f 180/827/801 542/762/801 388/526/801
f 707/446/802 206/423/802 137/791/802
f 401/493/803 66/721/803 480/385/803
f 127/187/804 531/124/804 636/342/804
f 83/285/805 756/713/805 683/650/805
f 202/331/806 692/85/806 476/84/806
f 51/607/807 428/576/807 256/655/807
f 384/765/808 83/285/808 247/284/808
f 216/583/809 750/147/809 321/492/809
f 94/724/810 267/828/810 521/291/810
f 369/502/811 633/501/811 392/533/811
f 231/162/812 372/457/812 178/349/812
f 610/208/813 304/772/813 374/448/813
f 737/514/814 564/499/814 69/648/814
f 425/829/815 594/830/815 39/489/815
f 39/489/816 338/684/816 425/829/816
f 272/745/817 482/174/817 463/654/817
f 784/831/818 224/355/818 158/259/818
f 632/204/819 398/323/819 331/662/819
f 175/522/820 521/291/820 76/832/820
f 98/148/821 224/355/821 222/356/821
f 353/407/822 280/406/822 687/790/822
f 236/553/823 393/486/823 132/213/823
f 84/393/824 747/161/824 440/160/824
f 183/238/825 557/681/825 184/311/825
f 730/672/826 770/253/826 752/447/826
f 358/609/827 769/131/827 746/389/827
f 358/609/828 746/389/828 487/388/828
f 766/711/829 664/200/829 761/709/829
f 573/408/830 281/784/830 280/406/830
f 623/734/831 528/378/831 239/377/831
f 321/492/832 750/147/832 99/149/832
f 191/317/833 344/316/833 311/449/833
f 462/611/834 446/833/834 447/779/834
f 256/655/835 407/242/835 518/244/835
f 246/767/836 527/686/836 408/766/836
f 473/620/837 767/382/837 540/248/837
f 543/68/838 351/589/838 332/195/838
f 202/331/839 127/187/839 645/743/839
f 166/279/840 296/586/840 266/400/840
f 120/180/841 710/758/841 74/712/841
f 611/834/842 672/771/842 204/438/842
f 490/350/843 496/633/843 205/401/843
f 176/635/844 496/633/844 490/350/844
f 530/680/845 184/311/845 557/681/845
f 297/649/846 148/755/846 763/293/846
f 651/498/847 187/374/847 107/298/847
f 70/75/848 429/309/848 454/120/848
f 606/546/849 96/536/849 446/833/849
f 699/352/850 327/219/850 326/660/850
f 20/26/851 22/31/851 23/810/851
f 191/317/852 318/397/852 345/318/852
f 284/599/853 437/157/853 227/332/853
f 34/717/854 697/718/854 595/275/854
f 673/365/855 655/815/855 218/346/855
f 655/815/856 673/365/856 774/824/856
f 280/406/857 172/733/857 687/790/857
f 89/593/858 116/592/858 764/814/858
f 681/835/859 788/464/859 194/111/859
f 194/111/860 788/464/860 688/632/860
f 736/67/861 694/66/861 500/825/861
f 505/565/862 777/482/862 100/644/862
f 99/149/863 98/148/863 222/356/863
f 538/676/864 175/677/864 76/191/864
f 538/676/865 76/191/865 659/630/865
f 568/836/866 222/356/866 455/243/866
f 360/496/867 616/638/867 790/801/867
f 236/553/868 570/304/868 465/690/868
f 144/239/869 603/693/869 289/613/869
f 252/574/870 428/576/870 270/699/870
f 203/773/871 301/639/871 743/837/871
f 647/838/872 481/622/872 223/621/872
f 320/143/873 167/587/873 447/779/873
f 484/83/874 265/398/874 476/84/874
f 781/105/875 200/194/875 340/430/875
f 410/241/876 745/687/876 603/693/876
f 567/839/877 249/770/877 42/688/877
f 207/424/878 504/637/878 354/425/878
f 68/358/879 745/687/879 508/101/879
f 719/547/880 291/504/880 86/619/880
f 269/774/881 270/699/881 72/112/881
f 178/349/882 176/635/882 490/350/882
f 114/168/883 582/307/883 474/736/883
f 13/27/884 14/1/884 667/840/884
f 62/329/885 200/194/885 781/105/885
f 160/135/886 227/332/886 250/136/886
f 60/306/887 451/598/887 479/465/887
f 588/490/888 288/578/888 346/735/888
f 744/6/889 667/798/889 14/841/889
f 338/684/890 557/681/890 425/829/890
f 293/674/891 538/676/891 778/673/891
f 358/609/892 174/289/892 586/793/892
f 227/332/893 325/156/893 250/136/893
f 35/629/894 358/609/894 378/510/894
f 378/510/895 358/609/895 586/793/895
f 670/473/896 107/298/896 179/297/896
f 337/476/897 135/550/897 141/227/897
f 502/741/898 274/783/898 732/426/898
f 637/532/899 166/279/899 421/278/899
f 136/353/900 553/659/900 59/692/900
f 186/296/901 48/665/901 179/297/901
f 610/208/902 623/734/902 239/377/902
f 245/271/903 588/490/903 624/720/903
f 588/490/904 346/735/904 624/720/904
f 524/354/905 159/260/905 158/259/905
f 259/141/906 320/143/906 712/671/906
f 140/842/907 305/552/907 240/843/907
f 390/527/908 391/133/908 352/531/908
f 278/515/909 34/717/909 472/258/909
f 631/563/910 731/789/910 546/679/910
f 528/378/911 171/103/911 781/105/911
f 765/816/912 533/420/912 416/844/912
f 459/776/913 764/777/913 774/845/913
f 436/706/914 131/705/914 549/315/914
f 254/588/915 272/745/915 463/654/915
f 242/261/916 737/514/916 225/357/916
f 537/668/917 77/516/917 278/515/917
f 745/687/918 564/499/918 36/372/918
f 405/17/919 535/604/919 536/823/919
f 80/118/920 454/120/920 429/309/920
f 384/765/921 247/284/921 84/393/921
f 37/716/922 432/725/922 517/390/922
f 149/530/923 729/751/923 352/531/923
f 274/783/924 273/217/924 742/186/924
f 414/146/925 413/556/925 455/243/925
f 407/242/926 696/391/926 246/767/926
f 617/548/927 337/476/927 340/430/927
f 244/787/928 461/126/928 371/125/928
f 463/654/929 643/742/929 198/172/929
f 209/580/930 537/668/930 159/260/930
f 725/614/931 467/427/931 733/82/931
f 676/797/932 606/546/932 446/833/932
f 704/114/933 475/73/933 649/72/933
f 282/411/934 664/200/934 766/711/934
f 432/725/935 512/327/935 195/322/935
f 412/302/936 622/846/936 164/303/936
f 96/536/937 613/254/937 770/253/937
f 168/281/938 494/283/938 270/699/938
f 70/75/939 454/120/939 41/76/939
f 91/730/940 461/126/940 366/788/940
f 71/109/941 194/111/941 688/632/941
f 728/104/942 62/329/942 781/105/942
f 584/551/943 206/423/943 707/446/943
f 687/790/944 172/733/944 376/847/944
f 569/804/945 568/836/945 455/243/945
f 729/751/946 298/750/946 389/602/946
f 387/127/947 574/222/947 88/87/947
f 448/722/948 509/615/948 388/526/948
f 351/589/949 350/591/949 666/590/949
f 301/639/950 672/771/950 743/837/950
f 682/848/951 337/476/951 497/452/951
f 216/583/952 431/581/952 750/147/952
f 416/844/953 638/737/953 765/816/953
f 539/274/954 404/211/954 580/91/954
f 331/662/955 717/206/955 513/205/955
f 631/563/956 500/825/956 394/564/956
f 467/427/957 470/185/957 733/82/957
f 739/584/958 362/455/958 318/397/958
f 310/696/959 577/90/959 188/312/959
f 737/514/960 379/442/960 564/499/960
f 404/211/961 500/825/961 627/739/961
f 442/63/962 405/17/962 536/823/962
f 523/325/963 42/688/963 249/770/963
f 460/69/964 482/174/964 272/745/964
f 497/452/965 205/401/965 496/633/965
f 103/702/966 633/501/966 284/599/966
f 343/484/967 57/197/967 669/199/967
f 183/238/968 548/237/968 425/829/968
f 784/831/969 158/259/969 594/830/969
f 53/236/970 698/628/970 232/371/970
f 672/771/971 301/639/971 204/438/971
f 753/746/972 251/392/972 692/85/972
f 518/244/973 438/575/973 50/608/973
f 559/535/974 11/812/974 6/18/974
f 510/480/975 685/596/975 515/653/975
f 208/116/976 636/342/976 578/117/976
f 196/657/977 203/773/977 376/847/977
f 672/771/978 306/445/978 743/837/978
f 788/464/979 786/714/979 604/518/979
f 500/825/980 404/211/980 736/67/980
f 368/78/981 154/175/981 300/79/981
f 199/88/982 776/305/982 114/168/982
f 772/747/983 257/849/983 575/792/983
f 645/743/984 644/760/984 317/605/984
f 783/811/985 690/540/985 146/539/985
f 590/340/986 461/126/986 151/729/986
f 531/124/987 461/126/987 590/340/987
f 342/481/988 668/850/988 777/482/988
f 257/849/989 772/747/989 619/544/989
f 487/388/990 723/288/990 174/289/990
f 65/326/991 605/715/991 786/714/991
f 261/386/992 241/380/992 375/387/992
f 771/643/993 42/688/993 411/324/993
f 242/261/994 225/357/994 253/453/994
f 525/440/995 590/340/995 151/729/995
f 364/645/996 292/523/996 293/646/996
f 128/202/997 108/89/997 262/152/997
f 694/66/998 394/564/998 500/825/998
f 352/531/999 40/601/999 390/527/999
f 317/605/1000 380/513/1000 349/262/1000
f 407/242/1001 569/804/1001 455/243/1001
f 83/285/1002 683/650/1002 585/286/1002
f 658/134/1003 106/625/1003 101/364/1003
f 549/315/1004 679/314/1004 436/706/1004
f 81/394/1005 47/94/1005 735/785/1005
f 719/547/1006 292/523/1006 364/645/1006
f 515/653/1007 342/481/1007 510/480/1007
f 700/381/1008 283/805/1008 89/695/1008
f 291/504/1009 702/782/1009 123/505/1009
f 336/65/1010 235/678/1010 544/196/1010
f 83/285/1011 308/280/1011 266/400/1011
f 545/459/1012 408/766/1012 621/585/1012
f 437/157/1013 284/599/1013 55/503/1013
f 168/281/1014 586/793/1014 174/289/1014
f 407/242/1015 150/228/1015 696/391/1015
f 462/611/1016 45/610/1016 676/797/1016
f 676/797/1017 45/610/1017 47/94/1017
f 575/792/1018 122/295/1018 567/839/1018
f 30/48/1019 713/59/1020 20/26/1020
f 23/810/1021 14/1/1021 13/27/1021
f 210/851/1022 123/505/1022 702/782/1022
f 546/679/1023 627/739/1023 631/563/1023
f 273/217/1024 299/623/1024 126/218/1024
f 266/400/1025 756/713/1025 83/285/1025
f 597/549/1026 328/330/1026 64/519/1026
f 182/666/1027 526/268/1027 105/343/1027
f 367/636/1028 558/361/1028 726/683/1028
f 119/178/1029 231/162/1029 110/86/1029
f 549/315/1030 112/166/1030 190/313/1030
f 606/546/1031 648/537/1031 96/536/1031
f 122/295/1032 724/294/1032 243/769/1032
f 131/705/1033 760/728/1033 549/315/1033
f 345/318/1034 318/397/1034 263/212/1034
f 788/464/1035 738/163/1035 688/632/1035
f 688/632/1036 738/163/1036 509/615/1036
f 115/223/1037 626/225/1037 471/74/1037
f 494/283/1038 72/112/1038 270/699/1038
f 164/270/1039 162/267/1039 434/266/1039
f 67/108/1040 516/806/1040 307/106/1040
f 205/401/1041 141/227/1041 489/226/1041
f 685/596/1042 758/138/1042 95/140/1042
f 406/698/1043 522/97/1043 295/96/1043
f 506/462/1044 370/383/1044 767/382/1044
f 14/841/1045 5/852/1045 744/6/1045
f 100/644/1046 361/345/1046 505/565/1046
f 314/376/1047 528/378/1047 529/431/1047
f 295/96/1048 614/461/1048 634/525/1048
f 607/545/1049 445/93/1049 671/474/1049
f 710/758/1050 629/802/1050 760/728/1050
f 592/469/1051 710/758/1051 760/728/1051
f 550/757/1052 751/617/1052 741/399/1052
f 560/444/1053 137/791/1053 376/847/1053
f 293/674/1054 537/668/1054 209/580/1054
f 474/736/1055 735/785/1055 458/807/1055
f 246/767/1056 696/391/1056 49/754/1056
f 751/617/1057 329/471/1057 752/447/1057
f 620/495/1058 355/491/1058 125/183/1058
f 488/251/1059 152/245/1059 502/741/1059
f 698/628/1060 678/360/1060 433/369/1060
f 251/392/1061 163/272/1061 624/720/1061
f 787/759/1062 3/853/1062 677/854/1062
f 169/282/1063 493/110/1063 494/283/1063
f 596/631/1064 267/190/1064 80/118/1064
f 47/94/1065 607/545/1065 676/797/1065
f 340/430/1066 682/848/1066 529/431/1066
f 328/330/1067 348/100/1067 747/161/1067
f 416/844/1068 298/813/1068 638/737/1068
f 323/821/1069 162/267/1069 622/855/1069
f 238/153/1070 395/541/1070 761/709/1070
f 702/334/1071 303/582/1071 211/335/1071
f 209/580/1072 303/582/1072 702/334/1072
f 222/356/1073 414/146/1073 455/243/1073
f 599/856/1074 100/644/1074 393/486/1074
f 643/742/1075 693/292/1075 642/521/1075
f 693/292/1076 643/742/1076 475/73/1076
f 684/731/1077 515/653/1077 685/596/1077
f 227/332/1078 339/264/1078 284/599/1078
f 290/524/1079 574/222/1079 387/127/1079
f 783/811/1080 87/543/1080 207/424/1080
f 516/806/1081 302/627/1081 485/626/1081
f 180/827/1082 388/526/1082 181/857/1082
f 383/409/1083 281/784/1083 573/408/1083
f 681/835/1084 195/322/1084 786/714/1084
f 194/111/1085 195/322/1085 681/835/1085
f 259/141/1086 712/671/1086 277/670/1086
f 182/666/1087 434/266/1087 526/268/1087
f 457/858/1088 244/787/1088 371/125/1088
f 748/697/1089 78/466/1089 197/506/1089
f 402/701/1090 400/719/1090 401/493/1090
f 210/851/1091 620/568/1091 123/505/1091
f 691/512/1092 554/463/1092 683/650/1092
f 323/821/1093 593/362/1093 708/132/1093
f 304/772/1094 239/377/1094 93/634/1094
f 286/859/1095 285/860/1095 560/444/1095
f 560/444/1096 285/860/1096 306/445/1096
f 118/562/1097 223/621/1097 652/560/1097
f 42/688/1098 674/748/1098 567/839/1098
f 762/861/1099 499/370/1099 367/636/1099
f 105/343/1100 526/268/1100 722/511/1100
f 599/856/1101 105/343/1101 361/345/1101
f 511/193/1102 340/430/1102 200/194/1102
f 257/849/1103 576/799/1103 575/792/1103
f 244/787/1104 457/858/1104 741/399/1104
f 655/815/1105 116/592/1105 403/753/1105
f 173/669/1106 64/519/1106 84/393/1106
f 353/407/1107 687/790/1107 354/425/1107
f 417/566/1108 361/345/1108 418/344/1108
f 101/364/1109 708/132/1109 658/134/1109
f 162/267/1110 323/821/1110 708/132/1110
f 735/785/1111 197/506/1111 583/508/1111
f 248/651/1112 554/463/1112 626/225/1112
f 65/326/1113 470/185/1113 605/715/1113
f 75/794/1114 492/727/1114 341/795/1114
f 499/370/1115 762/861/1115 232/371/1115
f 647/838/1116 342/481/1116 481/622/1116
f 787/759/1117 677/854/1117 313/231/1117
f 353/407/1118 354/425/1118 504/637/1118
f 613/254/1119 6/18/1119 2/234/1119
f 653/113/1120 147/862/1120 539/274/1120
f 485/626/1121 484/83/1121 251/392/1121
f 330/467/1122 492/727/1122 75/794/1122
f 193/528/1123 94/724/1123 192/290/1123
f 38/723/1124 397/542/1124 109/155/1124
f 711/485/1125 269/774/1125 294/154/1125
f 552/216/1126 79/184/1126 742/186/1126
f 423/416/1127 501/415/1127 422/177/1127
f 236/553/1128 182/666/1128 393/486/1128
f 636/342/1129 590/340/1129 578/117/1129
f 664/200/1130 294/154/1130 238/153/1130
f 399/775/1131 628/863/1131 331/662/1131
f 765/816/1132 383/409/1132 727/410/1132
f 366/809/1133 448/722/1133 542/762/1133
f 570/304/1134 409/554/1134 233/561/1134
f 555/483/1135 711/485/1135 294/154/1135
f 626/225/1136 70/75/1136 471/74/1136
f 778/673/1137 537/668/1137 293/674/1137
f 260/123/1138 620/568/1138 261/386/1138
f 474/736/1139 748/697/1139 735/785/1139
f 752/447/1140 329/471/1140 532/470/1140
f 73/320/1141 192/290/1141 693/292/1141
f 61/384/1142 336/65/1142 540/248/1142
f 562/230/1143 600/707/1143 150/228/1143
f 634/525/1144 290/524/1144 230/368/1144
f 224/355/1145 524/354/1145 158/259/1145
f 710/758/1146 120/180/1146 629/802/1146
f 396/710/1147 395/541/1147 397/542/1147
f 357/301/1148 579/300/1148 220/500/1148
f 220/500/1149 646/744/1149 357/301/1149
f 591/276/1150 595/275/1150 697/718/1150
f 99/149/1151 541/803/1151 545/459/1151
f 221/822/1152 452/642/1152 771/643/1152
f 344/316/1153 731/789/1153 311/449/1153
f 588/490/1154 155/255/1154 157/257/1154
f 149/530/1155 148/864/1155 297/781/1155
f 632/204/1156 331/662/1156 268/664/1156
f 362/455/1157 398/323/1157 654/203/1157
f 462/611/1158 676/797/1158 446/833/1158
f 2/234/1159 6/18/1159 787/759/1159
f 400/719/1160 85/121/1160 260/123/1160
f 127/187/1161 636/342/1161 43/443/1161
f 498/396/1162 47/94/1162 45/610/1162
f 621/585/1163 408/766/1163 527/686/1163
f 187/374/1164 789/373/1164 186/296/1164
f 82/507/1165 241/380/1165 373/379/1165
f 593/362/1166 149/530/1166 391/133/1166
f 593/362/1167 660/820/1167 149/530/1167
f 659/630/1168 778/673/1168 538/676/1168
f 782/612/1169 42/688/1169 771/643/1169
f 430/577/1170 420/558/1170 307/106/1170
f 480/385/1171 260/123/1171 261/386/1171
f 779/233/1172 282/232/1172 52/359/1172
f 409/554/1173 236/553/1173 132/213/1173
f 789/373/1174 536/823/1174 648/537/1174
f 751/617/1175 752/447/1175 703/252/1175
f 457/858/1176 371/125/1176 456/188/1176
f 431/581/1177 159/260/1177 750/147/1177
f 741/399/1178 457/858/1178 456/188/1178
f 93/634/1179 239/377/1179 314/376/1179
f 632/204/1180 268/664/1180 128/202/1180
f 346/735/1181 288/578/1181 516/806/1181
f 586/793/1182 168/281/1182 438/575/1182
f 233/561/1183 412/302/1183 570/304/1183
f 622/855/1184 162/267/1184 164/270/1184
f 285/860/1185 286/859/1185 743/837/1185
f 519/661/1186 522/97/1186 334/414/1186
f 790/801/1187 616/638/1187 309/800/1187
f 257/849/1188 87/543/1188 576/799/1188
f 592/469/1189 492/727/1189 330/467/1189
f 243/769/1190 481/622/1190 399/775/1190
f 724/294/1191 481/622/1191 243/769/1191
f 472/258/1192 34/717/1192 595/275/1192
f 730/672/1193 532/470/1193 341/795/1193
f 417/566/1194 418/344/1194 106/625/1194
f 513/205/1195 514/694/1195 665/663/1195
f 235/678/1196 534/761/1196 460/69/1196
f 296/586/1197 756/713/1197 266/400/1197
f 620/568/1198 125/865/1198 283/805/1198
f 609/81/1199 144/239/1199 289/613/1199
f 296/586/1200 278/515/1200 56/517/1200
f 406/698/1201 490/350/1201 115/223/1201
f 618/250/1202 275/405/1202 473/620/1202
f 707/446/1203 137/791/1203 560/444/1203
f 139/818/1204 459/776/1204 774/845/1204
f 77/516/1205 537/668/1205 778/673/1205
f 565/229/1206 256/655/1206 252/574/1206
f 198/172/1207 608/700/1207 254/588/1207
f 646/744/1208 312/450/1208 468/422/1208
f 768/417/1209 180/439/1209 181/418/1209
f 734/658/1210 279/732/1210 280/406/1210
f 309/800/1211 576/799/1211 87/543/1211
f 453/341/1212 180/439/1212 768/417/1212
f 614/461/1213 507/220/1213 634/525/1213
f 121/738/1214 323/866/1214 652/560/1214
f 759/656/1215 383/409/1215 638/737/1215
f 729/751/1216 145/867/1216 663/752/1216
f 399/775/1217 398/323/1217 243/769/1217
f 766/711/1218 396/710/1218 558/868/1218
f 221/822/1219 771/643/1219 411/324/1219
f 638/737/1220 383/409/1220 765/816/1220
f 716/375/1221 459/776/1221 789/373/1221
f 337/476/1222 682/848/1222 340/430/1222
f 525/440/1223 180/439/1223 453/341/1223
f 177/348/1224 701/796/1224 178/349/1224
f 332/195/1225 153/249/1225 540/248/1225
f 610/208/1226 239/377/1226 304/772/1226
f 663/437/1227 611/834/1227 204/438/1227
f 502/741/1228 641/740/1228 299/623/1228
f 417/566/1229 106/625/1229 758/138/1229
f 277/670/1230 760/728/1230 131/705/1230
f 719/547/1231 364/645/1231 291/504/1231
f 771/643/1232 154/175/1232 368/78/1232
f 768/417/1233 641/740/1233 152/245/1233
f 548/237/1234 224/355/1234 784/831/1234
f 780/158/1235 439/764/1235 440/160/1235
f 162/267/1236 708/132/1236 101/364/1236
f 334/414/1237 59/692/1237 519/661/1237
f 232/371/1238 244/787/1238 703/252/1238
f 427/572/1239 270/699/1239 269/774/1239
f 534/761/1240 482/174/1240 460/69/1240
f 77/516/1241 596/631/1241 691/512/1241
f 580/91/1242 404/211/1242 262/152/1242
f 62/329/1243 714/454/1243 225/357/1243
f 375/387/1244 82/507/1244 78/466/1244
f 323/866/1245 622/846/1245 652/560/1245
f 565/229/1246 563/571/1246 721/778/1246
f 170/433/1247 155/255/1247 316/763/1247
f 398/323/1248 399/775/1248 331/662/1248
f 150/228/1249 407/242/1249 565/229/1249
f 657/768/1250 423/416/1250 422/177/1250
f 369/502/1251 637/532/1251 421/278/1251
f 139/818/1252 442/63/1252 536/823/1252
f 358/609/1253 487/388/1253 174/289/1253
f 63/102/1254 325/156/1254 287/159/1254
f 376/847/1255 172/733/1255 196/657/1255
f 377/319/1256 514/694/1256 513/205/1256
f 524/354/1257 98/148/1257 750/147/1257
f 376/847/1258 286/859/1258 560/444/1258
f 334/414/1259 423/416/1259 572/176/1259
f 328/330/1260 747/161/1260 381/520/1260
f 316/763/1261 785/555/1261 242/261/1261
f 140/842/1262 584/551/1262 305/552/1262
f 672/771/1263 240/843/1263 305/552/1263
f 96/536/1264 770/253/1264 712/671/1264
f 448/722/1265 365/808/1265 38/723/1265
f 373/379/1266 81/394/1266 583/508/1266
f 583/508/1267 82/507/1267 373/379/1267
f 242/261/1268 253/453/1268 316/763/1268
f 382/652/1269 628/863/1269 399/775/1269
f 185/129/1270 491/559/1270 363/130/1270
f 397/542/1271 365/808/1271 396/710/1271
f 790/801/1272 145/869/1272 297/649/1272
f 724/294/1273 763/293/1273 121/738/1273
f 10/12/1274 7/5/1274 4/4/1274
f 718/412/1275 556/201/1275 664/200/1275
f 20/26/1276 713/59/1276 22/31/1276
f 143/240/1277 144/239/1277 609/81/1277
f 87/543/1278 727/410/1278 504/637/1278
f 54/207/1279 628/863/1279 382/652/1279
f 717/206/1280 628/863/1280 54/207/1280
f 86/619/1281 643/742/1281 719/547/1281
f 694/66/1282 327/219/1282 394/564/1282
f 58/287/1283 343/484/1283 718/412/1283
f 665/663/1284 514/694/1284 577/90/1284
f 567/839/1285 674/748/1285 772/747/1285
f 301/639/1286 138/641/1286 204/438/1286
f 690/540/1287 783/811/1287 207/424/1287
f 297/781/1288 145/867/1288 729/751/1288
f 39/489/1289 255/534/1289 338/684/1289
f 495/403/1290 338/684/1290 255/534/1290
f 628/863/1291 717/206/1291 331/662/1291
f 22/31/1292 14/1/1292 23/810/1292
f 16/603/1293 11/812/1293 559/535/1293
f 73/320/1294 377/319/1294 192/290/1294
f 397/542/1295 38/723/1295 365/808/1295
f 133/214/1296 100/644/1296 777/482/1296
f 209/580/1297 159/260/1297 431/581/1297
f 546/679/1298 263/212/1298 627/739/1298
f 321/492/1299 211/335/1299 216/583/1299
f 680/573/1300 427/572/1300 269/774/1300
f 302/627/1301 516/806/1301 189/468/1301
f 492/727/1302 760/728/1302 341/795/1302
f 503/478/1303 322/165/1303 134/164/1303
f 487/388/1304 432/725/1304 486/321/1304
f 771/643/1305 368/78/1305 782/612/1305
f 722/511/1306 720/363/1306 105/343/1306
f 37/716/1307 212/336/1307 161/339/1307
f 609/81/1308 725/614/1308 733/82/1308
f 103/702/1309 392/533/1309 633/501/1309
f 495/403/1310 103/702/1310 339/264/1310
f 137/791/1311 687/790/1311 376/847/1311
f 255/534/1312 103/702/1312 495/403/1312
f 342/481/1313 382/652/1313 481/622/1313
f 784/831/1314 594/830/1314 425/829/1314
f 390/527/1315 40/601/1315 94/724/1315
f 761/709/1316 395/541/1316 396/710/1316
f 484/83/1317 302/627/1317 551/616/1317
f 308/280/1318 83/285/1318 384/765/1318
f 176/635/1319 178/349/1319 372/457/1319
f 599/856/1320 393/486/1320 415/667/1320
f 466/703/1321 488/251/1321 467/427/1321
f 289/613/1322 603/693/1322 754/115/1322
f 149/530/1323 660/820/1323 148/864/1323
f 221/822/1324 739/584/1324 452/642/1324
f 178/349/1325 701/796/1325 229/367/1325
f 10/12/1326 4/4/1326 6/18/1326
f 737/514/1327 69/648/1327 225/357/1327
f 388/526/1328 503/478/1328 181/857/1328
f 182/666/1329 415/667/1329 393/486/1329
f 59/692/1330 357/301/1330 468/422/1330
f 88/87/1331 275/405/1331 589/432/1331
f 529/431/1332 682/848/1332 497/452/1332
f 508/101/1333 410/241/1333 63/102/1333
f 514/694/1334 188/312/1334 577/90/1334
f 776/305/1335 589/432/1335 60/306/1335
f 629/802/1336 549/315/1336 760/728/1336
f 539/274/1337 147/862/1337 534/761/1337
f 644/760/1338 127/187/1338 43/443/1338
f 704/114/1339 73/320/1339 475/73/1339
f 461/126/1340 91/730/1340 151/729/1340
f 562/230/1341 680/573/1341 601/708/1341
f 4/4/1342 3/853/1342 787/759/1342
f 651/498/1343 81/394/1343 373/379/1343
f 260/123/1344 44/122/1344 620/568/1344
f 726/683/1345 244/787/1345 762/861/1345
f 487/388/1346 486/321/1346 723/288/1346
f 459/776/1347 139/818/1347 789/373/1347
f 253/453/1348 315/435/1348 316/763/1348
f 139/818/1349 536/823/1349 789/373/1349
f 556/201/1350 555/483/1350 294/154/1350
f 143/240/1351 325/156/1351 63/102/1351
f 465/690/1352 182/666/1352 236/553/1352
f 629/802/1353 112/166/1353 549/315/1353
f 375/387/1354 78/466/1354 479/465/1354
f 767/382/1355 473/620/1355 506/462/1355
f 194/111/1356 715/429/1356 486/321/1356
f 449/171/1357 424/170/1357 409/554/1357
f 706/107/1358 662/460/1358 319/456/1358
f 201/328/1359 598/192/1359 200/194/1359
f 366/788/1360 542/441/1360 91/730/1360
f 760/728/1361 277/670/1361 426/569/1361
f 601/708/1362 450/198/1362 228/366/1362
f 673/365/1363 601/708/1363 228/366/1363
f 123/505/1364 620/568/1364 44/122/1364
f 511/193/1365 597/549/1365 617/548/1365
f 81/394/1366 107/298/1366 478/92/1366
f 595/275/1367 594/830/1367 158/259/1367
f 48/665/1368 648/537/1368 606/546/1368
f 441/594/1369 621/585/1369 435/685/1369
f 213/338/1370 237/80/1370 161/339/1370
f 516/806/1371 430/577/1371 307/106/1371
f 599/856/1372 361/345/1372 100/644/1372
f 735/785/1373 583/508/1373 81/394/1373
f 743/837/1374 286/859/1374 203/773/1374
f 111/472/1375 509/615/1375 448/722/1375
f 501/415/1376 464/595/1376 422/177/1376
f 787/759/1377 581/235/1377 2/234/1377
f 762/861/1378 244/787/1378 232/371/1378
f 327/219/1379 370/383/1379 295/96/1379
f 365/682/1380 366/788/1380 726/683/1380
f 726/683/1381 366/788/1381 244/787/1381
f 559/535/1382 6/18/1382 613/254/1382
f 381/520/1383 747/161/1383 84/393/1383
f 502/741/1384 299/623/1384 274/783/1384
f 348/100/1385 287/159/1385 747/161/1385
f 759/656/1386 734/658/1386 383/409/1386
f 347/487/1387 201/328/1387 68/358/1387
f 446/833/1388 96/536/1388 320/143/1388
f 96/536/1389 712/671/1389 320/143/1389
f 267/828/1390 94/724/1390 80/870/1390
f 80/870/1391 94/724/1391 40/601/1391
f 718/412/1392 343/484/1392 556/201/1392
f 215/726/1393 615/597/1393 510/480/1393
f 389/600/1394 416/844/1394 454/120/1394
f 425/829/1395 548/237/1395 784/831/1395
f 11/871/1396 15/20/1397 13/872/1397
f 349/262/1398 155/255/1398 588/490/1398
f 434/266/1399 182/666/1399 465/269/1399
f 768/417/1400 483/419/1400 641/740/1400
f 248/651/1401 625/224/1401 585/286/1401
f 59/692/1402 468/422/1402 136/353/1402
f 703/252/1403 53/236/1403 232/371/1403
f 684/731/1404 685/596/1404 95/140/1404
f 730/672/1405 341/795/1405 426/569/1405
f 764/814/1406 655/815/1406 774/824/1406
f 790/801/1407 240/826/1407 145/869/1407
f 640/488/1408 637/532/1408 255/534/1408
f 490/350/1409 489/226/1409 115/223/1409
f 196/657/1410 279/732/1410 734/658/1410
f 612/265/1411 477/475/1411 213/338/1411
f 377/319/1412 515/653/1412 684/731/1412
f 87/543/1413 504/637/1413 207/424/1413
f 196/657/1414 138/641/1414 705/640/1414
f 595/275/1415 39/489/1415 594/830/1415
f 326/660/1416 327/219/1416 520/95/1416
f 727/410/1417 619/544/1417 765/816/1417
f 722/511/1418 162/267/1418 101/364/1418
f 21/29/1419 17/22/1420 405/17/1419
f 650/606/1421 692/85/1421 202/331/1421
f 202/331/1422 645/743/1422 650/606/1422
f 304/772/1423 93/634/1423 662/460/1423
f 294/154/1424 269/774/1424 72/112/1424
f 667/798/1425 10/12/1425 15/20/1425
f 56/517/1426 77/516/1426 691/512/1426
f 66/721/1427 400/719/1427 260/123/1427
f 474/736/1428 112/166/1428 114/168/1428
f 309/800/1429 783/811/1429 146/539/1429
f 409/554/1430 424/170/1430 233/561/1430
f 312/450/1431 191/317/1431 311/449/1431
f 558/361/1432 282/232/1432 766/873/1432
f 757/567/1433 241/380/1433 261/386/1433
f 527/686/1434 246/767/1434 49/754/1434
f 677/854/1435 282/232/1435 313/231/1435
f 99/149/1436 222/356/1436 568/836/1436
f 584/551/1437 690/540/1437 206/423/1437
f 362/455/1438 654/203/1438 318/397/1438
f 54/207/1439 515/653/1439 377/319/1439
f 772/747/1440 575/792/1440 567/839/1440
f 297/649/1441 360/496/1441 790/801/1441
f 585/286/1442 625/224/1442 173/669/1442
f 192/290/1443 684/731/1443 193/528/1443
f 244/787/1444 741/399/1444 703/252/1444
f 657/768/1445 656/150/1445 214/618/1445
f 668/850/1446 775/169/1446 777/482/1446
f 641/740/1447 483/419/1447 299/623/1447
f 706/107/1448 420/558/1448 662/460/1448
f 498/396/1449 735/785/1449 639/395/1449
f 35/629/1450 491/559/1450 185/129/1450
f 147/862/1451 653/113/1451 649/72/1451
f 348/100/1452 63/102/1452 287/159/1452
f 463/654/1453 686/71/1453 643/742/1453
f 5/3/1454 677/2/1454 3/874/1454
f 654/203/1455 398/323/1455 632/204/1455
f 198/172/1456 85/121/1456 608/700/1456
f 458/807/1457 112/166/1457 474/736/1457
f 409/554/1458 132/213/1458 449/171/1458
f 39/489/1459 640/488/1459 255/534/1459
f 697/718/1460 296/586/1460 591/276/1460
f 534/761/1461 147/862/1461 649/72/1461
f 456/188/1462 127/187/1462 202/331/1462
f 737/514/1463 242/261/1463 324/263/1463
f 93/634/1464 176/635/1464 662/460/1464
f 76/191/1465 267/190/1465 596/631/1465
f 357/301/1466 59/692/1466 571/299/1466
f 440/160/1467 384/765/1467 84/393/1467
f 408/766/1468 569/804/1468 407/242/1468
f 612/265/1469 695/337/1469 495/403/1469
f 647/838/1470 668/850/1470 342/481/1470
f 736/67/1471 539/274/1471 534/761/1471
f 129/477/1472 181/857/1472 503/478/1472
f 650/606/1473 333/273/1473 753/746/1473
f 787/759/1474 6/18/1474 4/4/1474
f 786/714/1475 788/464/1475 681/835/1475
f 218/346/1476 655/815/1476 403/753/1476
f 369/502/1477 308/280/1477 439/764/1477
f 651/498/1478 107/298/1478 81/394/1478
f 57/197/1479 343/484/1479 58/287/1479
f 152/245/1480 90/247/1480 768/417/1480
f 561/139/1481 106/625/1481 658/134/1481
f 226/351/1482 311/449/1482 731/789/1482
f 138/641/1483 196/657/1483 759/656/1483
f 760/728/1484 426/569/1484 341/795/1484
f 688/632/1485 509/615/1485 111/472/1485
f 731/789/1486 631/563/1486 226/351/1486
f 611/834/1487 240/843/1487 672/771/1487
f 18/23/1488 10/12/1488 405/17/1488
f 383/409/1489 734/658/1489 281/784/1489
f 510/480/1490 777/482/1490 215/726/1490
f 241/380/1491 757/567/1491 700/381/1491
f 767/382/1492 61/384/1492 540/248/1492
f 776/305/1493 582/307/1493 114/168/1493
f 263/212/1494 318/397/1494 262/152/1494
f 642/521/1495 693/292/1495 175/522/1495
f 416/844/1496 533/420/1496 454/120/1496
f 195/322/1497 65/326/1497 786/714/1497
f 74/712/1498 119/178/1498 120/180/1498
f 660/756/1499 323/866/1499 121/738/1499
f 4/4/1500 744/6/1500 5/852/1500
f 145/867/1501 240/875/1501 611/876/1501
f 509/615/1502 322/165/1502 388/526/1502
f 320/143/1503 447/779/1503 446/833/1503
f 553/659/1504 136/353/1504 699/352/1504
f 432/725/1505 37/716/1505 512/327/1505
f 773/347/1506 600/707/1506 673/365/1506
f 557/681/1507 183/238/1507 425/829/1507
f 647/838/1508 118/562/1508 424/170/1508
f 675/479/1509 577/90/1509 108/89/1509
f 616/638/1510 575/792/1510 576/799/1510
f 629/802/1511 630/179/1511 112/166/1511
f 113/167/1512 112/166/1512 630/179/1512
f 391/133/1513 561/139/1513 658/134/1513
f 705/640/1514 301/639/1514 203/773/1514
f 64/519/1515 381/520/1515 84/393/1515
f 663/437/1516 635/436/1516 298/813/1516
f 706/107/1517 74/712/1517 67/108/1517
f 146/539/1518 140/538/1518 240/826/1518
f 68/358/1519 69/648/1519 745/687/1519
f 213/338/1520 92/137/1520 237/80/1520
f 725/614/1521 466/703/1521 467/427/1521
f 214/618/1522 300/79/1522 657/768/1522
f 441/594/1523 435/685/1523 527/686/1523
f 117/173/1524 198/172/1524 86/619/1524
f 743/837/1525 306/445/1525 285/860/1525
f 663/752/1526 145/867/1526 611/876/1526
f 157/257/1527 288/578/1527 588/490/1527
f 95/140/1528 561/139/1528 587/529/1528
f 122/295/1529 249/770/1529 567/839/1529
f 635/436/1530 138/641/1530 759/656/1530
f 659/630/1531 76/191/1531 596/631/1531
f 203/773/1532 286/859/1532 376/847/1532
f 206/423/1533 354/425/1533 137/791/1533
f 691/512/1534 596/631/1534 264/308/1534
f 337/476/1535 617/548/1535 135/550/1535
f 283/704/1536 124/182/1536 441/594/1536
f 50/608/1537 51/607/1537 256/655/1537
f 312/450/1538 646/744/1538 220/500/1538
f 554/463/1539 70/75/1539 626/225/1539
f 686/71/1540 475/73/1540 643/742/1540
f 777/482/1541 505/565/1541 215/726/1541
f 59/692/1542 553/659/1542 519/661/1542
f 645/743/1543 127/187/1543 644/760/1543
f 746/389/1544 37/716/1544 517/390/1544
f 410/241/1545 603/693/1545 144/239/1545
f 499/370/1546 678/360/1546 52/359/1546
f 254/588/1547 463/654/1547 198/172/1547
f 16/603/1548 535/604/1548 405/17/1548
f 233/561/1549 424/170/1549 118/562/1549
f 58/287/1550 33/32/1550 228/366/1550
f 647/838/1551 223/621/1551 118/562/1551
f 172/733/1552 279/732/1552 196/657/1552
f 610/208/1553 1/434/1553 623/734/1553
f 574/222/1554 219/221/1554 88/87/1554
f 649/72/1555 482/174/1555 534/761/1555
f 177/348/1556 490/350/1556 406/698/1556
f 189/468/1557 516/806/1557 67/108/1557
f 432/725/1558 195/322/1558 486/321/1558
f 546/679/1559 344/316/1559 345/318/1559
f 288/578/1560 430/577/1560 516/806/1560
f 449/171/1561 132/213/1561 775/169/1561
f 653/113/1562 310/696/1562 188/312/1562
f 680/573/1563 269/774/1563 450/198/1563
f 779/233/1564 755/451/1564 313/231/1564
f 721/778/1565 563/571/1565 680/573/1565
f 523/325/1566 243/769/1566 398/323/1566
f 450/198/1567 269/774/1567 669/199/1567
f 754/115/1568 488/251/1568 466/703/1568
f 412/302/1569 233/561/1569 652/560/1569
f 545/459/1570 541/803/1570 408/766/1570
f 597/549/1571 64/519/1571 135/550/1571
f 316/763/1572 155/255/1572 785/555/1572
f 74/712/1573 592/469/1573 67/108/1573
f 596/631/1574 80/118/1574 264/308/1574
f 617/548/1575 340/430/1575 511/193/1575
f 589/432/1576 276/404/1576 60/306/1576
f 568/836/1577 541/803/1577 99/149/1577
f 568/836/1578 569/804/1578 541/803/1578
f 253/453/1579 225/357/1579 714/454/1579
f 652/560/1580 622/846/1580 412/302/1580
f 716/375/1581 187/374/1581 46/497/1581
f 54/207/1582 377/319/1582 513/205/1582
f 726/683/1583 762/861/1583 367/636/1583
f 442/98/1584 713/59/1584 32/58/1584
f 221/822/1585 362/455/1585 739/584/1585
f 656/150/1586 41/76/1586 533/420/1586
f 525/440/1587 91/730/1587 542/441/1587
f 304/772/1588 662/460/1588 420/558/1588
f 772/747/1589 533/420/1589 619/544/1589
f 173/669/1590 625/224/1590 141/227/1590
f 547/144/1591 414/146/1591 222/356/1591
f 363/130/1592 530/680/1592 104/402/1592
f 265/398/1593 456/188/1593 476/84/1593
f 501/415/1594 406/698/1594 464/595/1594
f 315/435/1595 714/454/1595 728/104/1595
f 562/230/1596 721/778/1596 680/573/1596
f 105/343/1597 720/363/1597 418/344/1597
f 578/117/1598 590/340/1598 217/246/1598
f 619/544/1599 87/543/1599 257/849/1599
f 273/217/1600 552/216/1600 742/186/1600
f 789/373/1601 648/537/1601 48/665/1601
f 455/243/1602 444/557/1602 518/244/1602
f 49/754/1603 116/592/1603 441/594/1603
f 49/754/1604 403/753/1604 116/592/1604
f 11/812/1605 16/603/1605 405/17/1605
f 415/667/1606 105/343/1606 599/856/1606
f 551/616/1607 550/757/1607 484/83/1607
f 572/176/1608 423/416/1608 657/768/1608
f 310/696/1609 653/113/1609 539/274/1609
f 88/87/1610 589/432/1610 776/305/1610
f 776/305/1611 199/88/1611 88/87/1611
f 402/701/1612 608/700/1612 400/719/1612
f 750/147/1613 159/260/1613 524/354/1613
f 190/313/1614 167/587/1614 679/314/1614
f 733/82/1615 65/326/1615 237/80/1615
f 550/757/1616 265/398/1616 484/83/1616
f 238/153/1617 761/709/1617 664/200/1617
f 668/850/1618 647/838/1618 775/169/1618
f 424/170/1619 775/169/1619 647/838/1619
f 79/184/1620 605/715/1620 470/185/1620
f 218/346/1621 773/347/1621 673/365/1621
f 193/528/1622 390/527/1622 94/724/1622
f 389/600/1623 298/813/1623 416/844/1623
f 207/424/1624 206/423/1624 690/540/1624
f 468/422/1625 312/450/1625 226/351/1625
f 722/511/1626 101/364/1626 720/363/1626
f 464/595/1627 406/698/1627 115/223/1627
f 578/117/1628 217/246/1628 754/115/1628
f 488/251/1629 754/115/1629 217/246/1629
f 330/467/1630 551/616/1630 302/627/1630
f 741/399/1631 751/617/1631 703/252/1631
f 445/93/1632 670/473/1632 671/474/1632
