# Blender v3.1.2 OBJ File: 'bunny.blend'
# www.blender.org
mtllib bunny_lowpoly.mtl
o Bunny.001
v 0.149093 -1.165335 -0.033875
v -0.067775 -1.132406 -0.130352
v 0.011019 -1.162577 -0.221594
v 0.012011 -1.191612 -0.183353
v 0.039977 -1.206894 -0.106030
v 0.052795 -1.180516 -0.154657
v 0.043911 -1.208429 -0.093201
v 0.041723 -1.208310 -0.094113
v 0.078665 -1.215060 -0.030068
v 0.047662 -1.209842 -0.083003
v 0.121051 -1.216827 -0.024663
v 0.099527 -1.213644 -0.304770
v 0.170535 -1.185052 -0.013764
v 0.152464 -1.190031 -0.053335
v 0.130233 -1.215933 0.043339
v 0.118494 -1.216751 0.034188
v 0.131478 -1.216834 0.051360
v 0.254787 -1.203908 0.112479
v 0.147849 -1.218050 0.067074
v 0.258767 -1.184909 0.093711
v 0.161851 -1.121414 0.394403
v 0.164120 -1.217394 0.080856
v 0.173546 -1.217570 0.086126
v 0.180910 -1.217902 0.098666
v 0.191253 -1.218036 0.115571
v 0.186506 -1.218342 0.114752
v 0.205605 -1.217340 0.132318
v 0.188266 -1.218432 0.119142
v 0.193938 -1.218132 0.124430
v 0.211082 -1.216402 0.147433
v 0.248174 -1.202691 0.207997
v 0.270758 -1.212059 0.248007
v 1.194391 0.123064 -0.343455
v 1.104634 0.300448 -0.385510
v 1.179259 0.324830 -0.169681
v 1.244817 -0.074373 -0.072849
v 1.222406 0.102895 0.042487
v 1.215011 -0.123359 0.090883
v 0.957847 0.159064 0.424900
v 1.089971 0.371393 0.181971
v 0.926608 0.434924 0.321660
v 0.287382 0.703947 -0.195576
v 0.298990 0.755164 -0.028915
v 0.384010 0.886124 -0.141058
v 0.635096 1.123697 -0.566041
v 0.723513 1.024487 -0.626766
v 0.693118 0.910724 -0.569539
v -1.500095 -0.264495 0.245838
v -1.541037 -0.052560 0.051388
v -1.547621 -0.387535 0.093073
v -0.327033 -0.929119 -0.811443
v -0.747629 -1.017500 -0.756441
v -0.733744 -0.944825 -0.836139
v 0.369041 -0.397365 -0.682648
v 0.632542 -0.391714 -0.666364
v 0.461399 -0.562113 -0.552583
v 1.326046 0.762094 -0.251639
v 1.276323 0.811338 0.025907
v 1.354821 0.618867 -0.276006
v 0.786654 -1.000537 0.015737
v 0.788488 -1.155853 -0.109783
v 0.610952 -1.081360 -0.225603
v 0.743223 0.335729 -0.600124
v 0.643113 0.213277 -0.685861
v 0.532313 0.435376 -0.541701
v 0.229202 -1.211616 0.471098
v -1.193177 0.435527 -0.476066
v -1.311679 0.154253 -0.538173
v -1.381621 0.303409 -0.335681
v -0.615119 0.084719 -0.916861
v -0.745989 0.119763 -0.816244
v -0.619390 0.180020 -0.731494
v -0.144673 -0.405049 -0.888990
v 0.028985 -0.274747 -0.684281
v -0.036909 -0.575013 -0.611021
v -1.063733 -1.043024 0.394911
v -1.061851 -0.985716 0.542843
v -1.209186 -0.946052 0.331651
v -0.940815 -1.188321 0.513132
v 1.283060 0.480035 0.027584
v 1.188272 0.589667 0.220161
v -1.489095 -0.472714 -0.360629
v -1.403126 -0.531597 -0.512975
v -1.418156 -0.642250 -0.455384
v 0.424353 0.733657 0.247048
v 0.583021 0.907496 0.287440
v 0.431181 0.907502 0.133508
v 0.904610 -0.380014 0.397317
v 0.653657 -0.476728 0.474776
v 0.743673 -0.622033 0.240689
v -1.173109 -0.948182 -0.569326
v -1.049810 -1.097567 -0.652915
v -1.137187 -1.091439 -0.472264
v 0.539082 -0.241266 -0.741157
v 0.420536 -0.341205 -0.708636
v -0.807712 -0.427132 0.848804
v -1.100842 -0.204570 0.693612
v -1.026505 -0.499662 0.758475
v 0.664664 1.336366 0.702549
v 0.704145 1.063372 0.363362
v 0.684813 1.244329 0.814667
v -1.391377 0.045132 0.379536
v -1.456204 0.182237 0.169549
v -1.516112 -0.081271 0.211999
v 0.825115 1.109951 0.740457
v 0.735642 1.104804 0.610200
v 0.839016 1.012553 0.378586
v 0.635095 -1.150638 -0.759361
v 0.673524 -1.042419 -0.693668
v 0.725983 -1.184059 -0.663873
v -0.286256 -0.162953 0.991889
v -0.542228 -0.175596 0.946557
v -0.207248 -0.269040 0.986928
v 0.086109 -0.161168 0.717875
v -0.012753 -0.105594 0.876779
v 0.061197 -0.326856 0.827567
v 0.507352 0.953728 -0.394201
v 0.362763 0.798440 -0.275498
v 1.298920 0.695691 -0.475505
v -0.765245 -1.198989 0.108569
v -0.824942 -1.203445 0.351093
v -0.977852 -1.202578 0.145616
v -1.422684 0.290709 0.075987
v -1.263266 0.391462 0.323024
v -1.245125 0.485761 0.204397
v -1.260721 0.491674 -0.310936
v -1.088628 0.665802 -0.064989
v -1.074731 0.621300 -0.371457
v 0.264932 -0.149324 -0.694508
v -1.535532 -0.923650 0.269045
v -1.694200 -0.850971 0.187036
v -1.609913 -0.992786 0.108311
v 0.408716 -0.821916 -0.552672
v 0.369135 -0.590206 -0.598176
v 0.476085 -0.656248 -0.446263
v 1.026958 1.517772 0.915108
v 1.011441 1.618129 0.972516
v 1.031204 1.568088 0.966623
v 0.948948 -0.167910 0.483122
v 0.760036 -0.361637 0.522372
v 1.126235 0.160387 0.252470
v 0.831475 0.792555 -0.832056
v 0.664596 0.680893 -0.692343
v 0.415923 0.751025 -0.446997
v 0.216543 -0.299686 -0.701875
v 0.276355 -0.515965 -0.670533
v 0.192104 -0.608104 -0.676483
v 0.183485 -0.436809 0.535057
v 0.105058 -0.725231 0.412738
v 0.298282 -0.614236 0.458853
v -1.672887 -0.508509 0.156816
v -1.571241 -0.437827 0.081574
v -1.723777 -0.408666 -0.007870
v -1.006036 -0.918083 -0.678798
v -0.965137 -1.038853 -0.722056
v 0.639666 0.579312 0.368894
v 0.481882 0.703087 0.290870
v 0.408717 0.584669 0.437704
v -0.853407 0.433245 -0.605362
v -0.661999 0.400382 -0.680597
v -0.863851 0.357116 -0.630036
v 1.181548 -0.184196 -0.218840
v 1.243181 -0.057494 -0.229971
v -0.174994 -1.131702 0.539745
v -0.148470 -1.211766 0.609659
v -0.626612 -1.200114 0.524153
v -0.639361 -1.208360 0.070337
v -0.711368 -1.117733 0.328800
v 1.234619 0.909136 -0.366437
v 1.244616 1.009294 -0.477958
v 1.283960 1.071450 -0.330513
v 1.144400 1.049782 0.077146
v 1.257262 1.130976 -0.059591
v 1.119826 1.155577 0.101930
v -0.293114 -0.033855 -0.976988
v -0.292505 -0.276569 -0.989882
v -0.439261 -0.301130 -1.011391
v 1.291746 0.512220 -0.403734
v 1.327223 0.586429 -0.633190
v 1.001855 1.712003 1.208173
v 0.935248 1.524177 1.037085
v -1.678805 -0.704595 0.260672
v -1.779183 -0.511128 0.110924
v -1.818512 -0.478699 -0.021071
v -1.838269 -0.646091 0.050927
v 0.947225 0.249161 -0.564428
v 0.644083 -0.022472 -0.758457
v 0.759702 -0.208729 -0.717203
v 0.658129 -0.281420 -0.699299
v 0.173273 0.600428 -0.395592
v -0.038049 0.659445 -0.171138
v 0.133430 0.697088 -0.183370
v 0.003353 0.544986 -0.414804
v -0.248932 0.593462 -0.498435
v 0.099575 -1.062016 0.801129
v -0.252604 -1.000445 0.753154
v -0.009014 -1.189797 0.794895
v -0.042474 -1.125321 -0.428344
v -0.532168 -1.123873 -0.206839
v -0.390261 -1.107879 -0.584803
v 0.042443 -1.148997 -0.437937
v -0.148911 -1.158028 -0.586503
v -0.079109 -1.195266 -0.705944
v -0.346576 -0.013790 0.923739
v -0.556665 -0.009840 0.891625
v -1.492484 0.036987 -0.302288
v -1.500901 0.119734 -0.026222
v -1.379302 -0.018284 -0.547061
v -0.153029 -0.953266 0.750868
v -0.140197 -0.428051 0.973633
v -0.286939 -0.736115 0.898117
v -1.621633 -0.585385 -0.417397
v -1.427191 -0.696837 -0.453107
v -1.547513 -0.710725 -0.475928
v 1.159342 -0.109174 -0.382070
v 1.103483 -0.333669 -0.235387
v 1.111525 -0.256913 -0.391287
v -1.526461 -0.494418 -0.330788
v -0.073295 -1.191291 -0.886527
v 0.222783 -1.197034 -0.651579
v 0.140633 -1.200406 -0.517824
v -0.658265 -0.337232 -0.981329
v -0.601463 -0.248272 -1.001681
v -0.528129 -0.386862 -1.033951
v -0.047457 0.247596 0.655678
v -0.191296 0.102169 0.692420
v -0.024684 0.072497 0.682066
v -0.930027 -0.296061 -0.922014
v -0.801695 -0.558351 -0.943369
v -1.041434 -0.421419 -0.839590
v -1.131356 0.199987 0.546329
v -1.318754 -0.061461 0.528818
v 0.675269 1.732643 1.424977
v 0.695219 1.533324 1.118286
v 0.663845 1.613214 1.454315
v 0.714645 1.783655 1.398907
v 0.769678 1.638747 1.106334
v -0.650820 -0.634710 -0.985419
v -0.609481 -0.719570 -0.944655
v -0.789379 -0.700878 -0.907597
v 1.307757 0.444974 -0.171670
v -0.314830 0.215128 0.664484
v -0.344838 0.436379 0.541723
v -0.467712 0.358903 0.634811
v -0.741156 0.599262 0.437731
v -0.526101 0.523291 0.484414
v -0.710169 0.720358 0.274729
v -0.860192 -0.932719 0.721803
v -1.016473 -0.938389 0.624889
v -0.997323 -1.032109 0.623018
v -0.702300 0.801925 -0.089083
v -0.536798 0.767714 0.167907
v -0.428791 0.776274 -0.159630
v 0.012520 -1.119184 0.525843
v -1.022797 -0.833039 0.712238
v -0.937983 -0.787039 0.763901
v 0.879033 0.749494 0.364101
v 0.830845 0.469593 0.359720
v 0.728519 1.263997 0.131672
v 0.876979 1.288345 0.102864
v 0.673025 1.303797 -0.173630
v 0.813392 -1.208299 0.296169
v 0.891350 -1.186598 0.163027
v 0.811395 -1.015153 0.145259
v 0.823874 0.638469 -0.903513
v 0.964755 0.708694 -0.912045
v 0.875321 0.555531 -0.922436
v 0.849309 1.677619 1.066882
v 0.874557 1.812815 1.261899
v 0.528082 -0.585291 -0.517561
v 0.790572 -0.637587 -0.245347
v 0.493405 -0.728303 -0.256081
v 0.179672 0.705575 0.198169
v 0.348007 0.755061 0.119885
v -0.647794 -0.238692 0.902303
v -0.715446 -0.066437 0.860287
v 1.165424 0.695598 0.241500
v 0.492503 -0.887931 -0.463175
v 0.642252 -0.946252 -0.619718
v 0.432003 -0.892069 -0.587635
v 1.222300 0.533821 -0.790389
v 1.179023 0.645220 -0.818232
v 1.300876 0.593638 -0.704785
v 1.067937 0.868669 0.255365
v 1.016804 0.644279 0.325547
v -1.243824 -0.761208 0.495408
v -1.380982 -0.730869 0.320812
v 1.204646 1.187843 -0.379281
v 1.004529 1.119913 -0.673242
v 0.985834 1.230066 -0.503505
v -1.460764 -0.592569 0.242569
v -1.418534 -0.492412 0.396840
v -1.047379 0.301193 -0.631857
v -0.865152 0.201703 -0.784776
v -1.003322 0.538897 -0.519807
v -0.901334 -0.947042 -0.726757
v -1.325302 0.207210 0.410473
v 0.336502 -0.295834 0.577259
v 0.528101 -0.238599 0.621822
v 0.241008 -0.187279 0.616663
v -1.268630 -0.290089 0.574667
v -1.176991 -0.043464 0.618304
v -1.376081 -0.182739 0.505297
v -1.372298 -0.339702 0.425337
v -1.325705 -0.844456 -0.474661
v -1.507990 -0.844463 -0.490586
v -1.299834 -0.665404 -0.622972
v 0.767062 1.390470 1.361418
v 0.777847 1.254930 1.208981
v 0.834564 1.284778 1.219496
v 0.287730 -1.162309 0.730776
v 0.232392 -1.208106 0.773801
v 0.308336 0.259632 -0.661886
v 0.232776 0.146137 -0.672576
v 0.166378 0.391059 -0.547331
v 1.022463 0.357378 -0.729228
v 0.946444 0.318473 -0.609169
v 0.847399 0.398942 -0.800798
v -0.019533 0.009760 0.719719
v -0.113493 -0.018627 0.896818
v -0.055650 -0.183842 0.948600
v -1.086464 0.038855 -0.778963
v -1.174745 0.220379 -0.618659
v -0.752349 -1.108224 -0.450179
v -0.638136 -1.109764 -0.520510
v -0.801423 -1.188833 -0.381129
v 0.688958 1.183883 0.367206
v 0.723052 1.365818 1.324372
v 0.695045 1.401183 1.132853
v 0.314179 -1.216786 0.660187
v 0.099040 -1.210148 0.605131
v 0.416086 0.075197 -0.731443
v 0.407254 -0.021732 -0.728631
v -0.591953 -1.169046 -0.588097
v -0.746460 -1.167111 -0.475122
v -0.573633 -1.197305 -0.666138
v -1.333995 -0.400793 -0.606407
v 0.646676 -1.220471 0.375759
v 0.775784 -1.088733 0.301283
v 0.392644 -1.006964 0.402229
v -0.150079 0.081978 -0.751429
v -0.228139 0.051755 -0.886530
v -0.411706 0.171070 -0.748436
v 0.595795 -0.888454 0.141585
v 0.576070 -0.742745 0.167252
v 0.497504 -0.825375 0.315783
v 0.980100 -0.090624 -0.612405
v 0.895855 0.046768 -0.665517
v 1.091051 0.061021 -0.486242
v 0.840661 -0.644645 -0.020125
v 0.595054 -0.676087 0.226000
v 0.606615 -0.717648 0.028848
v -1.065286 -0.756317 0.718133
v -1.062702 -0.587009 0.709535
v -1.183625 -0.565880 0.605277
v 0.140162 -0.988774 0.731963
v -0.569149 -0.831984 -0.933170
v -0.790185 0.778770 -0.259832
v 0.616565 -0.919820 0.034158
v 0.497983 -1.000780 -0.213060
v 0.515777 -0.932520 -0.354149
v 1.256843 0.785125 -0.658453
v -0.538476 -0.993377 -0.783815
v -0.625695 -1.172360 -0.771272
v -0.468278 0.685680 0.341470
v -0.039162 0.312557 -0.636587
v -1.016201 -0.029870 0.681129
v -0.969664 0.178322 0.638525
v 0.961284 -0.454739 -0.380103
v 0.887180 -0.402495 -0.542628
v -0.217583 1.401853 0.310809
v 0.072305 1.457763 0.263982
v 0.062383 1.363279 0.139240
v 0.031015 1.258470 0.228022
v 0.318589 1.240633 0.018490
v -0.530695 -1.121197 0.049892
v 0.658893 0.568072 -0.685074
v 0.404699 0.524146 -0.459537
v 0.550301 0.636186 -0.625938
v -1.700778 -0.731300 -0.406735
v -1.773713 -0.846879 -0.237767
v -1.803339 -0.640795 -0.292500
v 0.422932 1.035302 -0.022235
v -0.478464 -0.329082 0.950552
v 0.920482 0.434740 -0.863489
v -0.158524 1.882970 0.448321
v 0.146609 1.592787 0.169446
v 0.052490 1.556522 0.309408
v -1.688663 -0.402840 -0.191309
v -1.594493 -0.396007 -0.127821
v -1.251326 0.525007 -0.030938
v -1.166023 -0.884322 0.572442
v -0.489370 0.307198 -0.722066
v -0.294356 0.191260 -0.712350
v 0.756319 -0.521033 -0.500297
v -0.742291 -0.140734 -0.983915
v -0.451373 -0.043795 -0.985466
v -0.882216 -0.023950 -0.891302
v 0.355127 1.126651 0.244147
v 0.466956 1.219066 0.261522
v 0.163729 1.414006 0.458338
v -1.609414 -0.954663 -0.328914
v -1.441037 -0.959420 -0.460338
v -1.379095 -1.099158 -0.285984
v -1.136554 -0.475575 -0.719333
v -1.134820 -0.682443 -0.725906
v -0.348367 1.859460 0.739611
v -0.285083 1.890605 0.726413
v -0.257602 1.934888 0.624772
v 0.008694 -1.170490 -0.899229
v -0.210598 -0.206019 -1.003660
v 1.149665 0.487941 -0.813192
v 1.060353 0.492491 -0.822163
v -0.172036 -1.113505 -0.572163
v -0.098655 0.169445 -0.725761
v -0.984634 -0.081062 -0.825155
v -0.914157 0.079470 -0.809363
v 1.196671 0.983941 -0.652064
v 0.071427 -0.169778 -0.685818
v 0.195972 -0.038344 -0.712091
v 0.173936 -0.190742 -0.721402
v 0.121088 -0.380851 0.594984
v 0.010161 -0.086597 -0.731928
v 0.743852 0.066425 -0.697522
v 0.805559 -0.116328 -0.711284
v 0.053165 0.694763 0.010675
v -1.470361 -0.860443 0.322166
v 0.844779 -0.646605 -0.133812
v 0.499621 -0.761389 -0.098626
v -0.065008 -0.914508 -0.832468
v -0.122915 -0.840860 -0.706528
v -0.009514 -0.805240 -0.566924
v 0.082781 -1.086865 -0.856421
v -0.028954 -1.079688 -0.923490
v -1.020740 -1.187459 0.204410
v 0.868410 -1.082940 0.030404
v 0.890779 -1.179389 0.021544
v -1.454152 -0.058762 0.362069
v -0.370896 0.513006 -0.608165
v -1.845457 -0.704659 -0.102474
v -1.769253 -0.870370 0.009607
v 1.275778 0.864675 -0.204815
v 0.969752 1.134197 0.367011
v 0.983465 1.243741 0.322896
v 0.953167 1.246551 0.540371
v -0.732428 -1.126368 0.404829
v -0.617100 -1.106663 0.439788
v -0.793490 -1.198151 0.454984
v 0.883733 1.701066 1.285354
v -1.156316 0.323505 -0.584617
v -0.568234 0.393022 0.591476
v -0.663631 0.147794 0.649482
v -0.560176 -0.509110 -0.984035
v 0.292441 -0.446342 0.544687
v 0.144301 -0.300103 0.587467
v 1.070142 -0.415658 0.053951
v 1.049467 -0.454805 -0.126686
v 0.440358 -0.524299 0.452795
v 0.653293 1.278249 0.115684
v 0.534943 -0.956449 0.306411
v 0.601950 -0.935231 0.213722
v -1.182754 -0.314078 -0.747258
v 1.013848 0.630852 -0.889225
v -1.038528 0.458594 0.443633
v -0.834076 0.568518 0.459235
v -1.048707 0.563395 0.326211
v 0.609736 -0.197618 0.608667
v 0.573757 -0.368574 0.561135
v 0.448571 -0.859049 -0.121303
v 0.564809 -0.781309 0.044510
v 0.571527 -0.885353 0.016186
v -0.373276 -0.603620 0.925032
v -0.623177 -0.609827 0.883045
v 0.678214 1.481020 1.409886
v 0.018595 0.601702 0.307114
v -1.025017 -0.572118 -0.798970
v -1.112837 -0.290129 -0.813995
v -0.100072 0.457189 0.503381
v 0.144834 0.453759 0.512634
v -0.027211 0.517991 0.446844
v -1.621227 -0.651368 0.263832
v -0.833020 0.685122 -0.443475
v -0.910656 0.705450 -0.350441
v 0.698330 0.202339 0.551380
v 0.546239 0.393047 0.539691
v 0.531628 0.246155 0.574303
v 0.536019 -0.074505 -0.743578
v 0.515391 0.100945 -0.708248
v -1.614311 -1.022124 -0.122695
v 0.708007 0.980808 0.328425
v 0.805527 0.957317 0.347086
v 0.754938 1.015530 0.378674
v 0.668910 1.114742 0.261187
v 0.626877 1.037369 0.251194
v -0.655627 0.446698 0.584883
v -0.833163 0.387839 0.565407
v -0.814475 0.233439 0.602036
v 0.181397 -1.205003 -0.383062
v 0.622898 -1.207604 -0.370657
v 0.498449 -1.220739 -0.275629
v -0.025293 1.812414 0.452251
v 0.306233 1.612296 0.262415
v -0.050659 1.836487 0.383255
v -0.936908 -1.177373 0.092014
v -1.052699 -1.168127 -0.137600
v 0.334860 1.422158 0.048060
v 0.443290 1.158106 -0.079856
v 0.683515 -1.175800 -0.221022
v 0.671681 -1.201507 -0.218004
v 0.672617 0.078835 0.565261
v -0.578845 0.525028 -0.624960
v -0.781799 0.596919 -0.542664
v -0.520425 0.656198 -0.504273
v -0.205673 1.936637 0.581984
v -0.078069 1.798527 0.547827
v 0.873744 1.812864 1.337233
v 1.000742 1.745024 1.193049
v -0.750796 -0.380136 -0.980097
v -0.312510 -0.434357 0.975791
v -0.291316 -0.608546 0.945564
v -0.094655 -0.247709 -0.936133
v -0.751128 -0.343096 0.881760
v 0.846108 1.537364 0.635933
v 0.924023 1.663522 0.983632
v 0.926033 1.560923 0.705950
v 1.204515 0.381983 -0.593673
v 1.024380 0.321633 -0.541170
v 0.909086 1.174139 0.940559
v 0.869675 1.172213 1.035324
v 0.538365 -0.626473 0.337606
v 0.227225 -1.154148 -0.706210
v 0.423891 -1.180781 -0.751862
v -0.390914 -1.161238 0.711355
v -0.670459 -1.165542 0.678834
v -0.308765 -1.214929 0.676055
v -0.457521 -1.032456 0.716619
v -0.704599 -0.877231 0.778991
v -0.676849 -1.021376 0.689183
v -0.269108 -0.388134 -0.961329
v -0.346722 -0.510158 -0.939198
v 1.072458 0.683974 -0.896016
v 0.352748 0.049839 0.633480
v 0.137032 -0.098934 0.677476
v 0.312235 -0.057417 0.639150
v 0.144591 -0.246101 0.634952
v 1.122309 0.767850 -0.872135
v 0.071366 -0.700985 0.457369
v -0.345376 0.521205 0.482269
v 0.712685 -0.982964 -0.533603
v 1.118971 -0.190506 0.258806
v 1.187844 -0.189975 0.016193
v 1.168034 -0.274369 -0.173841
v 1.171314 -0.267474 -0.007234
v 0.274699 -0.951680 0.453500
v 0.260991 -0.895184 0.413899
v 0.090032 -0.852243 0.398096
v 0.326471 0.626922 -0.323235
v 0.900923 1.028943 0.365694
v 0.883942 1.103136 0.624347
v 0.945750 -0.536062 -0.176301
v -1.146245 0.390161 0.414009
v 0.523876 1.007941 0.213343
v 0.238303 -1.181438 -0.023561
v 0.355537 -1.204884 0.012234
v -0.914027 -0.665855 -0.845018
v -0.829286 -0.786426 -0.888383
v -0.630634 -0.910825 0.798577
v -0.433491 -0.836163 0.852534
v -0.915332 -0.650881 0.777398
v 0.710770 -1.032153 -0.396977
v 0.777264 -1.146874 -0.450201
v 0.749432 1.124302 -0.623252
v -1.530559 -0.203071 -0.277240
v -1.559348 -0.362540 -0.078697
v -1.379768 -1.107677 0.164775
v -0.144412 -0.983667 -0.912675
v -0.120213 -1.151643 -0.930700
v 0.609983 0.992582 -0.497161
v 0.773929 -0.188729 0.562733
v 1.031372 -0.226539 -0.529370
v 0.891940 1.336453 0.252446
v 0.965192 1.268881 0.143730
v -1.836369 -0.519968 -0.195555
v 0.781444 1.198497 1.031185
v -0.271728 -0.808029 -0.848620
v -0.199687 -0.877284 -0.783210
v -0.390488 -1.166273 -0.633854
v -0.698009 -0.502763 0.860416
v 0.260161 0.495194 0.490379
v 0.233715 0.651119 0.371321
v -1.100363 -1.091628 0.277642
v 0.002495 0.164866 -0.703964
v -0.055845 0.016714 -0.742338
v 0.061867 0.073427 -0.740137
v -0.777976 -1.138956 -0.488549
v 0.225986 1.381619 0.129780
v 0.643557 1.297021 0.032986
v -0.173330 1.631899 0.618077
v -0.264099 1.505697 0.580914
v -0.157706 1.428811 0.495986
v 0.972971 0.827650 -0.892572
v 0.838998 1.033811 -0.740321
v 0.899945 1.363711 0.915961
v 0.552102 0.005823 0.638187
v 0.478571 0.131417 0.635359
v -1.168773 -0.003499 -0.734257
v 0.643356 1.220261 0.179798
v -0.036209 0.667175 0.085514
v -0.018505 0.672223 -0.066015
v 1.005312 1.226763 0.194114
v 1.009581 1.109358 0.254256
v 0.989722 0.020735 0.443157
v -0.404889 -0.960996 0.789503
v -0.015497 1.293560 0.350861
v -0.370342 1.480696 0.560776
v -0.177298 1.341759 0.321528
v 0.755988 0.377260 -0.613011
v 0.908953 0.285708 -0.585820
v 0.676959 0.423557 -0.583153
v 1.284889 1.140993 -0.145294
v 1.244682 0.920357 -0.088710
v 1.283921 0.980682 -0.199749
v 0.846934 -1.218370 0.095055
v 0.784305 1.779998 1.408831
v 0.773054 1.606762 1.381625
v 0.129080 0.248829 0.611747
v -0.443649 0.729719 -0.384801
v 0.547355 -1.089930 -0.792065
v 0.573819 -1.188448 -0.760502
v 0.193108 -1.169711 -0.708374
v 0.183951 0.338906 0.582317
v 0.367321 0.325224 0.566615
v 1.243630 0.161461 -0.147727
v 1.290361 0.470312 -0.643587
v -0.872923 -0.095284 0.805259
v -0.772297 0.015878 0.804739
v -1.059277 -1.193942 -0.239980
v -0.860470 -1.192836 -0.479093
v -0.859630 0.084858 0.673844
v 0.038163 -0.808628 0.484045
v 0.012789 -0.867068 0.608231
v -1.282524 -0.073963 -0.676481
v 0.721315 1.227226 -0.540785
v 0.406217 -0.127229 -0.756427
v 0.743029 0.561402 -0.848848
v 0.781983 0.488088 -0.866974
v -1.454987 -0.175752 -0.452592
v 1.177134 0.934513 0.121600
v 1.321474 0.564564 -0.027677
v 0.433270 -0.799683 -0.145992
v 0.428560 0.357485 -0.595141
v -0.853882 -1.150208 0.641100
v 1.013208 -0.396849 0.279432
v 1.102465 -0.326927 0.151664
v -0.982810 0.280994 0.540207
v -1.549985 -0.398175 -0.217661
v 0.308821 -0.772128 0.416002
v 0.508278 -0.991150 -0.729191
v 0.601861 -0.964066 -0.691638
v 0.145162 -1.209422 0.811959
v -0.006106 -1.219843 0.761001
v -0.716066 -1.213628 -0.074121
v -0.735939 -1.202170 -0.241091
v -0.619436 -1.198540 -0.177736
v 0.049895 -0.383253 -0.656691
v -0.270096 0.667223 0.257061
v -1.396384 -0.753202 0.304998
v -1.515239 -0.554594 0.189457
v -1.206885 -0.451178 0.622039
v -0.166860 0.325532 0.623738
v -0.229545 0.463483 0.527969
v 0.916021 -0.486679 0.233207
v -0.499903 -0.726065 -0.931406
v 0.891292 -0.573617 0.122549
v -1.278104 -1.187101 -0.028064
v -1.119690 -1.201878 -0.053284
v 0.698436 0.745309 0.356322
v -1.243252 -0.640754 0.561434
v 0.954628 1.187854 0.652963
v 0.097097 -0.877962 -0.615461
v 0.268355 -0.936244 -0.644079
v -1.266180 -1.017055 -0.421427
v -1.218188 -1.109164 -0.354958
v 0.937208 1.000274 0.321000
v -0.310065 1.418939 0.425194
v -0.374983 1.512267 0.520678
v -0.415036 0.069553 -0.925385
v -0.408933 -0.647660 -0.967709
v 0.481073 -0.749523 -0.342665
v 0.399081 1.056771 0.141972
v 0.814962 1.286194 0.180942
v 1.280720 0.453414 -0.504680
v -1.735497 -0.555596 -0.358207
v -1.685174 -0.457466 -0.305573
v 0.820919 0.144057 0.501437
v -0.917067 -0.803890 -0.810322
v 0.969604 0.510122 -0.892567
v 1.138638 -0.052120 0.273008
v -0.697853 -0.847105 -0.907739
v 0.517944 1.211620 -0.351422
v 0.593970 1.206187 -0.488259
v 0.536785 1.084065 -0.429416
v 0.480731 1.074297 0.199945
v 0.579438 1.137397 0.213621
v 0.242479 -0.979345 0.612065
v 0.031015 -0.902160 0.640106
v 0.698796 1.209769 0.210608
v 0.718454 1.228277 0.286274
v -0.351872 -1.020287 -0.851579
v 0.149137 -0.784395 -0.617620
v -0.001314 -1.148321 -0.368836
v -1.019848 -0.758128 -0.804458
v 1.178953 0.329156 -0.011695
v -0.828998 -0.238885 -0.936064
v -0.955909 0.710060 0.154847
v -0.819109 0.780118 0.049306
v -0.048080 -0.761019 0.744245
v -0.039116 -0.911414 0.702669
v 0.549877 0.909018 -0.481256
v 1.019915 1.294597 -0.244592
v 0.845094 1.295034 -0.374115
v -0.118568 1.726970 0.604242
v -0.114323 -0.085321 -0.915714
v -0.398760 1.587342 0.712717
v -0.853836 -1.205495 0.573122
v 1.221632 1.227717 -0.145543
v 0.452701 -1.199947 0.441676
v 0.378701 -1.077219 0.430725
v -0.223955 -1.184088 0.737757
v 0.768543 -1.164178 -0.583541
v -1.774542 -0.425706 -0.154382
v -0.088841 1.357429 0.216354
v 0.449857 -0.944419 -0.174388
v -0.938514 -1.191654 -0.648159
v -1.056115 -1.186807 -0.312082
v 1.215619 0.418707 -0.712271
v -0.318432 1.661861 0.590303
v -0.271647 1.844179 0.598741
v 0.552299 1.288835 -0.075198
v -0.680303 -0.714068 0.827594
v 0.099181 -0.965731 -0.736409
v 0.205935 -1.035358 -0.680257
v 0.363892 0.164077 -0.685800
v 0.735847 -1.164571 -0.332482
v 0.146082 -1.180684 -0.058534
v 0.567434 1.311761 -0.021389
v 0.347505 1.540058 0.139630
v 0.549031 1.387711 0.154578
v 0.285257 -0.866869 -0.625872
v 0.024779 -0.527275 0.748712
v -0.091815 -0.600763 0.867070
v -0.248243 -0.605855 -0.903528
v 0.482298 -0.840796 -0.364869
v 0.216195 -1.181176 0.016446
v 0.109802 1.677999 0.222874
v 0.152193 -1.179915 -0.077386
v 0.327447 -1.124020 0.635462
v 0.373379 1.094441 0.036718
v 0.377522 -1.219994 0.433294
v 0.702468 1.414853 0.619547
v 1.030323 0.965290 -0.810274
v 0.476607 -1.221103 0.044373
v 0.389658 -1.208602 0.475806
v 1.122936 0.370460 -0.401238
v 0.291610 1.590641 0.344289
v -0.540330 0.072620 0.826495
v -0.412403 0.144617 0.691209
v -0.254722 0.050150 0.852936
v 0.752672 -1.196836 -0.459388
v 0.282402 1.466427 0.399854
v -1.307522 -0.852389 0.324767
v -0.019930 -0.397464 0.904404
v -0.346827 1.745581 0.784919
v 0.957776 1.306497 0.272307
v 0.574363 1.257724 -0.383849
v 0.434384 1.010196 0.125163
v 0.791869 1.571813 0.803051
v -0.413979 1.587940 0.647312
v -0.245194 0.303821 -0.683679
v 0.485960 1.240075 -0.078060
v 1.005435 1.344031 0.596960
v -0.002422 -1.175536 -0.188157
v 0.858903 1.497060 1.164925
v -0.907137 -1.166056 -0.714215
v -0.414810 1.696168 0.759340
v -0.372784 1.795613 0.786004
v -0.724759 -1.196726 -0.598300
v 1.170795 0.363347 0.066012
v 1.214806 1.197319 -0.050083
v 0.572500 1.260644 0.199187
vt 0.875203 1.040045
vt 0.856762 1.114475
vt 0.823245 1.094373
vt 1.721547 1.863964
vt 1.710630 1.839779
vt 1.724556 1.848161
vt 1.708656 1.835925
vt 0.861988 1.076557
vt 0.861821 1.077303
vt 0.858138 1.078528
vt 0.880084 1.061970
vt 1.707232 1.832721
vt 1.708355 1.836627
vt 0.865013 1.074791
vt 0.879437 1.048194
vt 0.791650 1.070634
vt 1.702510 1.813500
vt 1.018092 0.017102
vt 1.090150 0.025521
vt 1.085529 0.079333
vt 1.038984 0.098464
vt 0.900538 1.041497
vt 0.898278 1.045732
vt 0.303995 1.830823
vt 0.305222 1.833137
vt 0.285124 1.872728
vt 0.282518 1.823828
vt 0.303159 1.801895
vt 0.305265 1.826192
vt 0.907090 1.034569
vt 0.903013 1.040650
vt 0.909551 0.998005
vt 1.010787 1.012372
vt 0.304024 1.840359
vt 0.302477 1.847061
vt 0.301057 1.850243
vt 0.911718 1.025347
vt 0.910568 1.028635
vt 0.301574 1.854905
vt 0.915291 1.022307
vt 0.302162 1.861272
vt 0.920087 1.018080
vt 0.920089 1.019632
vt 0.301683 1.868370
vt 0.604969 0.851973
vt 0.603905 0.854237
vt 0.603646 0.851262
vt 0.604969 0.850448
vt 0.924614 1.012591
vt 0.922752 1.016733
vt 0.921386 1.018828
vt 0.303183 1.873334
vt 0.305265 1.896144
vt 0.303178 1.864080
vt 0.603646 0.893283
vt 0.602791 0.855565
vt 0.603646 0.850448
vt 1.899908 0.750865
vt 1.912093 0.680752
vt 1.912093 0.782998
vt 1.853458 1.294116
vt 1.810042 1.222113
vt 1.869514 1.170593
vt 1.910566 1.269272
vt 0.412496 0.689411
vt 0.372220 0.633871
vt 0.445999 0.644742
vt 0.639350 1.728908
vt 0.612009 1.752538
vt 0.605285 1.713315
vt 0.630698 1.692654
vt 1.504452 1.707107
vt 1.546865 1.671134
vt 1.551978 1.705163
vt 1.509223 1.730000
vt 1.627414 0.494650
vt 1.583276 0.524004
vt 1.569320 0.472441
vt 1.595562 0.443506
vt 0.549813 1.032851
vt 0.484154 1.070760
vt 0.447015 1.055161
vt 0.481250 0.991187
vt 1.916885 1.747733
vt 1.916885 1.884011
vt 1.892193 1.876733
vt 0.660059 1.762131
vt 0.661324 1.710631
vt 0.690002 1.707794
vt 0.715627 1.749075
vt 1.048371 0.186799
vt 1.059846 0.255781
vt 1.021575 0.269453
vt 0.972083 0.193303
vt 0.600737 1.849680
vt 0.556345 1.825159
vt 0.600737 1.773400
vt 0.808527 1.876253
vt 0.812071 1.827715
vt 0.875964 1.841627
vt 0.866200 1.887167
vt 1.624364 1.804950
vt 1.624364 1.870076
vt 1.594107 1.807480
vt 1.734270 1.271888
vt 1.830538 1.348090
vt 1.738000 1.370766
vt 1.685808 1.311976
vt 0.597480 1.732331
vt 0.563650 1.773400
vt 0.537770 1.731612
vt 0.236783 1.680095
vt 0.210287 1.674570
vt 0.206599 1.641301
vt 0.234694 1.639855
vt 0.895657 0.491583
vt 0.875833 0.527784
vt 0.821886 0.514468
vt 0.839656 0.467072
vt 1.912517 0.834685
vt 1.915189 0.898607
vt 1.864602 0.870469
vt 1.875010 0.828718
vt 0.518156 0.642231
vt 0.582057 0.623611
vt 0.597315 0.664333
vt 0.535629 0.678828
vt 1.901815 1.084429
vt 1.870419 1.033850
vt 1.907420 1.018317
vt 0.219443 1.034741
vt 0.259912 1.055733
vt 0.256672 1.100081
vt 0.190288 1.069718
vt 1.229647 1.624526
vt 1.261380 1.540434
vt 1.308995 1.545581
vt 1.304788 1.609325
vt 1.961017 0.877478
vt 1.935407 1.673779
vt 1.904986 1.662771
vt 1.893980 1.562060
vt 1.924525 1.550025
vt 0.955750 0.438783
vt 0.882249 0.334500
vt 0.978068 0.364389
vt 1.293592 0.706911
vt 1.288609 0.652717
vt 1.354017 0.676889
vt 1.356337 0.778136
vt 0.050401 1.739259
vt 0.036952 1.673928
vt 0.088174 1.684075
vt 0.086222 1.752843
vt 1.919544 0.146723
vt 1.888647 0.106174
vt 1.918708 0.029503
vt 0.029226 1.366554
vt 0.064920 1.381332
vt 0.020214 1.402157
vt 1.736989 0.217803
vt 1.743488 0.251588
vt 1.700823 0.264392
vt 1.706703 0.222549
vt 1.366031 0.710119
vt 1.424962 0.726955
vt 1.433192 0.748447
vt 1.388514 0.756132
vt 1.817372 0.267448
vt 1.814077 0.312569
vt 1.570544 1.842331
vt 1.577837 1.877991
vt 1.533320 1.869729
vt 1.526462 1.835409
vt 0.299579 0.946036
vt 0.285084 0.997345
vt 0.255981 0.969213
vt 0.270086 0.930947
vt 0.716764 0.135064
vt 0.686622 0.224622
vt 0.655211 0.206948
vt 1.064732 0.641085
vt 1.049311 0.588157
vt 1.090123 0.580653
vt 1.104333 0.627565
vt 0.286788 1.289272
vt 0.274011 1.359733
vt 0.216781 1.316221
vt 0.267966 1.275704
vt 1.109885 0.135693
vt 1.130691 0.084973
vt 0.132241 1.303818
vt 0.206117 1.284537
vt 0.187038 1.329525
vt 0.046212 0.203559
vt 0.022667 0.174245
vt 0.036407 0.182992
vt 0.443039 1.116273
vt 0.413959 1.099758
vt 1.683408 0.080262
vt 1.751436 0.111922
vt 1.708349 0.180235
vt 1.967653 1.558281
vt 1.921521 1.443683
vt 1.961711 1.457139
vt 1.835367 0.724637
vt 1.825222 0.771112
vt 1.772834 0.789218
vt 1.746612 0.744336
vt 0.957465 0.633860
vt 1.014173 0.647640
vt 1.873554 1.634883
vt 1.895952 1.736686
vt 1.864394 1.691621
vt 0.197795 1.580352
vt 0.238453 1.563226
vt 0.243516 1.591622
vt 0.213192 1.608872
vt 0.257370 1.612849
vt 0.261866 1.564451
vt 0.272997 1.575841
vt 0.516488 0.882299
vt 0.508679 0.938078
vt 0.491713 0.878580
vt 0.432289 0.740494
vt 0.390562 0.733626
vt 1.719818 1.011637
vt 1.747822 1.024431
vt 1.726156 1.106362
vt 1.685048 1.102697
vt 0.070174 1.107928
vt 0.055296 1.047264
vt 0.085196 1.056317
vt 0.104006 1.097503
vt 0.084404 0.663758
vt 0.041804 0.685917
vt 0.037443 0.638172
vt 1.376371 1.792910
vt 1.410341 1.777381
vt 1.443698 1.801022
vt 1.395140 1.830945
vt 0.627519 0.679543
vt 0.656632 0.650831
vt 0.712245 0.692173
vt 0.690377 0.733567
vt 1.020616 1.697327
vt 0.975117 1.706088
vt 0.951592 1.682453
vt 0.983730 1.663841
vt 0.020032 0.093614
vt 0.060796 0.160686
vt 0.274979 1.448466
vt 0.234858 1.411999
vt 0.334810 1.393419
vt 0.975167 0.044800
vt 0.963516 0.009321
vt 0.794224 0.611750
vt 0.849680 0.651530
vt 0.801609 0.699625
vt 0.736956 0.638936
vt 1.307094 0.484212
vt 1.360653 0.436253
vt 1.409906 0.509429
vt 1.359162 0.546858
vt 0.545489 1.664845
vt 0.602396 1.667927
vt 1.548973 0.177700
vt 1.586989 0.254529
vt 1.473073 0.201687
vt 0.490387 1.138704
vt 0.578031 1.077363
vt 0.566684 1.163265
vt 0.519229 1.208203
vt 1.535064 0.437923
vt 1.559491 0.321679
vt 1.601019 0.340950
vt 0.687236 1.798045
vt 0.700348 1.768708
vt 0.736203 1.771370
vt 0.738059 1.809897
vt 0.416351 0.437127
vt 0.310151 0.472304
vt 0.285099 0.444148
vt 0.363158 0.408605
vt 0.443237 1.149685
vt 0.394454 1.131117
vt 0.033879 1.555052
vt 0.017615 1.737779
vt 0.000000 1.637462
vt 0.414596 1.167436
vt 0.380801 1.213386
vt 0.362247 1.154285
vt 0.883031 1.673720
vt 0.931401 1.725762
vt 0.909760 1.783292
vt 0.860475 1.733885
vt 1.796903 0.212271
vt 1.573633 0.651307
vt 1.581942 0.604253
vt 1.616493 0.620479
vt 1.611050 0.663845
vt 0.737500 0.601863
vt 0.784525 0.570936
vt 1.099607 1.682438
vt 1.133297 1.663841
vt 1.133297 1.735194
vt 1.111730 1.754586
vt 1.818377 1.876731
vt 1.792358 1.839093
vt 1.846436 1.833449
vt 1.849567 1.877665
vt 1.715907 1.403621
vt 1.683417 1.509882
vt 1.676255 1.406688
vt 0.032172 0.536682
vt 0.049604 0.549886
vt 0.036338 0.575856
vt 0.012475 0.561798
vt 0.762266 1.049020
vt 0.752826 1.096492
vt 0.721736 1.069493
vt 0.333997 1.491944
vt 0.325939 1.526982
vt 0.259861 1.483596
vt 0.201410 1.801895
vt 0.242352 1.802492
vt 0.221616 1.847798
vt 1.090049 0.163183
vt 1.055415 0.179626
vt 1.021923 0.114268
vt 1.117620 0.397514
vt 1.118404 0.338397
vt 1.148635 0.342393
vt 1.476612 0.417438
vt 1.387092 0.376054
vt 1.486929 0.326931
vt 1.664647 1.180100
vt 1.629300 1.185922
vt 1.594107 1.116200
vt 1.656454 1.097369
vt 0.296959 1.224781
vt 0.346194 1.238091
vt 0.504771 0.803564
vt 0.478522 0.756964
vt 0.528782 0.735008
vt 0.551816 0.751738
vt 1.402422 1.087247
vt 1.366625 1.054067
vt 1.469558 1.012951
vt 0.085560 0.120931
vt 0.156412 0.127248
vt 0.157048 0.226940
vt 0.097515 0.212092
vt 0.776209 1.742432
vt 0.757435 1.718204
vt 0.308000 1.110124
vt 0.319372 1.068375
vt 1.338895 1.650757
vt 1.340890 1.701424
vt 1.245563 1.697213
vt 1.228167 1.661200
vt 1.861365 0.970813
vt 1.822127 0.932353
vt 0.254524 0.599692
vt 0.216818 0.504315
vt 0.245654 0.524146
vt 0.169676 0.473993
vt 0.224344 0.442609
vt 0.246855 0.475260
vt 0.305093 1.713828
vt 0.359423 1.724159
vt 0.371645 1.781715
vt 0.283660 1.756949
vt 1.118082 0.231891
vt 0.231715 1.709352
vt 0.309842 1.363795
vt 0.374427 1.318994
vt 0.392852 1.351201
vt 1.622216 0.726130
vt 1.623395 0.785371
vt 1.573633 0.785371
vt 0.843012 1.787317
vt 0.276540 1.833124
vt 0.268756 1.884283
vt 0.242352 1.823076
vt 0.945678 1.605948
vt 0.997067 1.648546
vt 0.918831 1.663841
vt 0.880213 1.616192
vt 0.605285 0.710908
vt 0.908576 0.267653
vt 0.873216 0.227173
vt 0.923145 0.211703
vt 1.410949 0.180620
vt 1.412688 0.100258
vt 1.466407 0.096583
vt 1.469367 0.146320
vt 1.933284 0.955937
vt 0.112254 0.970268
vt 0.105430 0.931672
vt 0.151094 0.900478
vt 0.147796 0.954970
vt 0.721298 1.857322
vt 0.659760 1.872671
vt 0.631860 1.812014
vt 0.478750 1.247349
vt 0.440952 1.224657
vt 0.120287 0.313125
vt 0.145401 0.326319
vt 0.139347 0.411993
vt 0.105167 0.404381
vt 0.605285 0.621951
vt 0.620381 0.553701
vt 0.670034 0.625112
vt 0.086632 1.826596
vt 0.143902 1.847519
vt 0.081092 1.856519
vt 0.198093 0.723567
vt 0.205396 0.759180
vt 0.149697 0.785108
vt 0.134724 0.724404
vt 1.046272 1.827977
vt 1.020616 1.762943
vt 1.046124 1.735464
vt 1.093562 1.790794
vt 0.730409 1.242342
vt 0.793304 1.349892
vt 0.764603 1.317510
vt 0.591889 1.607260
vt 0.549214 1.580595
vt 0.547243 1.550165
vt 0.602396 1.570989
vt 1.947875 1.745078
vt 1.595392 1.526809
vt 1.615795 1.476219
vt 1.641853 1.519880
vt 1.086304 0.948725
vt 1.080799 1.020175
vt 1.030972 0.986271
vt 0.935463 0.101885
vt 1.002990 0.151938
vt 0.897171 0.144469
vt 0.420801 1.279601
vt 0.389442 1.278575
vt 0.740272 1.306312
vt 0.784764 1.349126
vt 0.714320 1.304698
vt 1.814815 1.042785
vt 0.750475 0.300664
vt 0.746714 0.224374
vt 0.798625 0.200324
vt 0.834386 0.247277
vt 0.228328 1.249234
vt 0.115560 1.260719
vt 0.197288 1.223778
vt 1.187065 0.382174
vt 1.146170 0.437971
vt 1.794580 1.569053
vt 1.748598 1.524479
vt 1.812790 1.520721
vt 1.830677 1.563048
vt 1.060432 0.344973
vt 1.070904 0.386490
vt 1.027143 0.395797
vt 1.005764 0.345034
vt 1.127926 0.527944
vt 1.125432 0.585524
vt 1.056504 0.580801
vt 1.088179 0.533534
vt 1.781246 0.985128
vt 1.345413 0.148554
vt 1.362961 0.091234
vt 0.913782 0.634739
vt 0.912571 0.682397
vt 0.877780 0.666051
vt 0.302546 1.796158
vt 0.374284 1.801895
vt 0.480568 0.686954
vt 0.430746 1.312035
vt 0.689137 1.663841
vt 0.825917 0.355023
vt 0.758473 0.360094
vt 0.829544 0.301286
vt 0.438285 0.794700
vt 1.330182 1.785157
vt 1.256948 1.779034
vt 1.460923 1.824786
vt 1.509230 1.906333
vt 1.476310 1.929539
vt 0.141850 0.430865
vt 0.162501 0.419075
vt 0.298040 0.593941
vt 0.311078 0.553396
vt 1.819719 0.391575
vt 1.813677 0.408538
vt 1.789311 0.394341
vt 1.790446 0.363503
vt 0.939812 1.251580
vt 0.858309 1.266320
vt 1.315654 1.086745
vt 1.337074 1.092461
vt 1.284377 1.205112
vt 1.250556 1.210678
vt 0.099062 0.443090
vt 0.925447 0.544055
vt 0.419994 1.757107
vt 0.447320 1.811824
vt 0.416512 1.811404
vt 1.701155 0.702999
vt 1.702375 0.546561
vt 1.743633 0.583638
vt 0.336571 1.178037
vt 0.331320 1.208281
vt 0.267548 1.176665
vt 0.438186 0.951642
vt 1.215351 1.792048
vt 1.191359 1.739733
vt 1.085178 0.354319
vt 1.100317 0.289993
vt 0.752509 0.143832
vt 1.874741 0.324250
vt 1.848257 0.374557
vt 0.416486 0.907025
vt 0.441105 0.870271
vt 1.809993 1.785102
vt 1.848415 1.785201
vt 1.594107 1.436287
vt 1.579001 1.421865
vt 1.588751 1.389273
vt 0.608029 1.132780
vt 0.674688 1.050851
vt 0.616519 1.158022
vt 0.295392 1.044635
vt 0.373624 1.041386
vt 0.548440 0.839112
vt 0.598501 0.895543
vt 0.570564 0.906434
vt 1.926676 1.877751
vt 1.920249 1.816682
vt 1.934568 1.819317
vt 0.423276 1.385299
vt 0.469034 1.351967
vt 0.196701 0.891886
vt 0.174347 0.937829
vt 1.203860 1.287001
vt 1.210176 1.322510
vt 1.170065 1.371495
vt 1.147198 1.331247
vt 1.364619 1.835783
vt 1.379759 1.878530
vt 1.360023 1.892138
vt 0.179137 1.626754
vt 0.184366 1.606888
vt 0.365325 1.406771
vt 1.259991 0.698361
vt 1.208959 0.652306
vt 1.229422 0.604253
vt 1.288609 0.623208
vt 1.877134 1.341418
vt 1.335497 1.050289
vt 1.314416 0.927433
vt 1.386546 0.934508
vt 1.577546 1.636658
vt 1.582736 1.694788
vt 1.554039 1.727998
vt 1.551978 1.650244
vt 0.511492 0.516220
vt 0.532823 0.483217
vt 0.581192 0.513724
vt 0.567933 0.562463
vt 1.195078 0.254408
vt 1.198133 0.334746
vt 1.150093 0.281062
vt 0.012450 1.160095
vt 0.004493 1.135453
vt 0.016377 1.117056
vt 0.041029 1.145132
vt 0.392908 0.778520
vt 0.831894 0.180094
vt 0.837772 0.134934
vt 1.658332 1.637891
vt 1.642899 1.747534
vt 1.607401 1.763467
vt 1.621559 1.620395
vt 0.931401 1.849371
vt 0.794753 0.506601
vt 0.812556 0.442169
vt 0.066846 0.405895
vt 0.090512 0.339513
vt 0.487888 0.596381
vt 0.459081 0.672412
vt 0.339380 1.834269
vt 0.371256 1.801895
vt 0.371256 1.884576
vt 0.700871 0.490056
vt 0.689361 0.455942
vt 0.768816 0.441008
vt 0.972994 1.750899
vt 1.009870 1.765738
vt 1.014115 1.822163
vt 0.962580 1.794310
vt 0.960766 0.663785
vt 1.100427 0.449080
vt 1.048264 0.465772
vt 1.712931 0.035586
vt 1.749796 0.043576
vt 1.874741 0.766965
vt 1.883922 0.680752
vt 1.899908 0.727658
vt 1.425759 1.095642
vt 1.864394 1.727587
vt 1.789279 1.747072
vt 1.835486 1.704616
vt 0.776481 1.792656
vt 0.666315 0.306374
vt 0.631272 0.362847
vt 0.631489 0.281689
vt 0.550339 0.966006
vt 1.257911 1.448520
vt 1.291519 1.464468
vt 1.211022 1.488742
vt 1.765535 0.894096
vt 1.770033 0.936156
vt 1.732379 0.967678
vt 1.708267 0.892323
vt 1.398952 1.443253
vt 1.430289 1.477492
vt 1.392635 1.464798
vt 1.893842 1.457982
vt 1.866661 1.442661
vt 1.392457 0.604253
vt 1.422291 0.606814
vt 1.420474 0.645908
vt 1.379250 0.666404
vt 0.906758 0.621465
vt 0.872486 0.602696
vt 1.206540 1.542086
vt 1.260152 0.251776
vt 1.246270 0.173945
vt 1.275021 0.225918
vt 1.658814 0.228214
vt 1.666372 0.184694
vt 0.752177 0.773891
vt 0.738026 0.735573
vt 0.741660 0.908043
vt 0.778705 0.942232
vt 0.400865 0.855153
vt 0.242761 0.663981
vt 0.177302 0.678205
vt 0.221640 0.609002
vt 0.402536 1.066560
vt 0.360076 1.102675
vt 0.671879 0.432447
vt 0.690456 0.382490
vt 0.740588 0.393434
vt 0.707726 0.647969
vt 0.775484 0.732972
vt 0.137753 0.652857
vt 1.816755 1.138180
vt 1.653791 0.266795
vt 1.753431 0.424308
vt 1.709115 0.463383
vt 1.747014 0.370793
vt 0.564178 1.784795
vt 0.535156 1.861207
vt 0.557590 1.778644
vt 0.792091 0.769167
vt 0.593927 0.990412
vt 1.554436 1.302629
vt 1.573122 1.288000
vt 1.581795 1.368710
vt 1.015204 0.491893
vt 1.013896 0.564552
vt 1.157473 1.392283
vt 0.254803 0.902569
vt 0.959833 0.591111
vt 1.015771 0.589646
vt 1.140534 0.559971
vt 1.199659 0.563240
vt 1.202279 0.629732
vt 1.161270 0.659762
vt 0.446913 0.577874
vt 0.381013 0.559012
vt 0.406197 0.496940
vt 0.448737 0.509402
vt 1.949477 0.210113
vt 1.938320 0.241268
vt 0.657293 1.052686
vt 0.631729 0.992613
vt 1.191841 0.515184
vt 1.192579 0.436717
vt 1.208958 0.529223
vt 1.150270 0.499816
vt 1.750390 1.449259
vt 1.756691 1.423415
vt 1.818433 1.440870
vt 1.810477 1.484795
vt 0.836192 0.689595
vt 0.016255 1.231031
vt 0.040708 1.184967
vt 0.080395 1.196251
vt 0.059839 1.234792
vt 1.624364 1.832846
vt 1.648043 1.804950
vt 1.644080 1.839185
vt 1.456496 0.928741
vt 1.356337 0.732233
vt 1.754630 1.152942
vt 1.258881 0.432917
vt 1.252829 0.405340
vt 1.285273 0.386981
vt 0.416305 1.893768
vt 0.430359 1.841858
vt 0.430359 1.918789
vt 0.464850 0.736539
vt 1.681871 0.308802
vt 1.122912 0.638410
vt 0.599611 1.036322
vt 0.598538 1.004984
vt 0.599611 0.962295
vt 1.485968 1.219419
vt 1.495883 1.194462
vt 1.938355 0.024425
vt 1.936658 0.108342
vt 0.566604 1.865767
vt 1.764551 1.701655
vt 1.736910 1.670997
vt 1.760940 1.659258
vt 1.648043 1.859632
vt 1.669605 1.804950
vt 1.669605 1.889480
vt 0.687984 0.272415
vt 0.275003 1.653155
vt 0.873444 1.011049
vt 0.878188 0.971697
vt 0.465817 1.656351
vt 0.459435 1.711198
vt 0.405091 1.685473
vt 0.406155 1.647733
vt 1.111528 0.471749
vt 1.784981 0.132797
vt 0.933876 0.780682
vt 0.936202 0.740058
vt 0.970437 0.743300
vt 0.779616 1.870885
vt 0.523896 1.389782
vt 0.507983 1.451001
vt 0.496911 1.441289
vt 0.510356 1.387299
vt 0.367889 0.991111
vt 0.078910 0.609966
vt 0.113685 0.624036
vt 0.374284 1.679276
vt 0.377337 1.711807
vt 1.638294 0.201161
vt 1.948577 1.170072
vt 1.066250 1.559595
vt 1.018975 1.591838
vt 1.023565 1.515021
vt 1.482272 0.595701
vt 1.406772 0.604253
vt 1.486021 0.542070
vt 0.419455 1.435664
vt 0.956256 1.493068
vt 0.064642 0.490199
vt 0.093002 0.511146
vt 0.593496 0.744867
vt 1.535307 0.124217
vt 1.505380 0.078473
vt 1.455468 1.531008
vt 1.402688 1.534042
vt 1.394175 1.508804
vt 1.594107 1.581026
vt 0.124961 1.069283
vt 1.416767 0.686226
vt 0.216253 0.964451
vt 1.079440 1.402115
vt 1.043978 1.420045
vt 1.015816 1.398360
vt 0.674200 1.149802
vt 1.132895 0.310520
vt 0.782387 1.360022
vt 0.817577 1.361253
vt 0.675244 0.504247
vt 0.747694 0.534355
vt 0.711934 0.565354
vt 0.666537 0.531513
vt 1.507779 1.972037
vt 1.442492 1.074606
vt 1.712642 1.191164
vt 1.648475 1.210261
vt 1.874102 1.592700
vt 0.299701 0.621236
vt 0.333295 0.684663
vt 0.284002 0.668238
vt 0.036010 0.064087
vt 0.816107 0.751713
vt 0.789063 0.394741
vt 0.848274 0.415603
vt 0.872041 1.292068
vt 1.364749 1.485677
vt 1.582736 1.490318
vt 1.552644 1.493595
vt 1.909214 0.513141
vt 1.910046 0.647388
vt 1.874741 0.553754
vt 0.985306 0.683700
vt 0.894753 0.740825
vt 0.539318 1.323165
vt 0.537661 1.366142
vt 0.312976 0.493958
vt 0.154583 0.562216
vt 0.110517 0.581444
vt 0.851526 0.801244
vt 0.896413 0.793155
vt 0.877129 0.810896
vt 0.787482 0.884079
vt 0.029147 0.012035
vt 0.142273 0.068915
vt 0.078933 0.038888
vt 0.535156 1.626601
vt 0.047287 1.335726
vt 0.016070 1.347782
vt 0.016196 1.300999
vt 0.733614 1.682385
vt 0.723850 1.708450
vt 0.951550 0.093250
vt 0.172706 1.690006
vt 0.166880 1.737560
vt 0.155267 1.713643
vt 0.140796 0.803564
vt 0.184997 0.798801
vt 0.598501 1.269910
vt 0.512402 1.288138
vt 0.587300 1.217200
vt 0.302964 1.590095
vt 0.346441 1.631664
vt 1.390999 0.212539
vt 1.317696 0.204973
vt 1.367686 0.756132
vt 1.367686 0.787829
vt 1.356337 0.765267
vt 1.068568 1.257407
vt 1.063773 1.295899
vt 1.038488 1.293480
vt 0.089607 0.765247
vt 0.876729 1.435301
vt 0.789712 1.385446
vt 0.141885 1.572309
vt 0.162518 1.602602
vt 0.097325 1.566244
vt 0.668525 0.560134
vt 0.509360 1.785918
vt 0.535156 1.795606
vt 0.449614 1.841858
vt 1.498153 0.787736
vt 1.471447 0.765105
vt 1.498153 0.734974
vt 0.355343 1.278084
vt 0.510461 1.480082
vt 0.485813 1.455379
vt 0.376699 1.468004
vt 0.427733 1.508999
vt 0.374326 1.540279
vt 1.657391 0.925140
vt 1.674983 0.973350
vt 0.332856 0.785250
vt 0.325657 0.743252
vt 1.665296 1.768844
vt 1.665192 1.788279
vt 1.630023 1.780404
vt 1.472604 1.072631
vt 1.524525 1.131084
vt 1.505466 1.153880
vt 0.716212 1.165513
vt 0.714551 1.244862
vt 1.762269 0.020828
vt 1.782694 0.093051
vt 0.169282 0.196584
vt 1.360023 1.666275
vt 1.891608 0.030894
vt 1.874741 0.026981
vt 1.219668 0.046962
vt 1.270238 0.009321
vt 1.302315 0.056136
vt 1.258559 0.086172
vt 0.556313 0.606463
vt 0.176164 1.590528
vt 1.924846 1.134846
vt 0.078704 1.326047
vt 0.089036 1.357622
vt 0.809523 1.765065
vt 0.810631 1.729504
vt 0.320755 1.322819
vt 1.485909 1.060486
vt 1.532366 0.972171
vt 1.542322 0.990715
vt 1.504587 1.071048
vt 0.910259 1.316931
vt 0.858367 1.332591
vt 1.523250 1.742369
vt 0.974860 0.081128
vt 1.720943 1.512719
vt 1.736051 1.410925
vt 0.990212 0.127842
vt 1.224559 0.278605
vt 1.258077 0.294232
vt 1.175754 1.526692
vt 0.147482 0.990492
vt 0.994678 1.387932
vt 0.939367 1.444068
vt 1.743712 0.862323
vt 0.109043 1.202313
vt 0.130947 1.170812
vt 0.092880 1.255291
vt 0.965320 1.837947
vt 1.007313 1.881781
vt 1.010442 1.917252
vt 1.627414 0.243095
vt 0.980384 0.468871
vt 1.810605 0.587653
vt 1.833607 0.628647
vt 1.830921 0.676267
vt 0.406931 0.942056
vt 0.405183 1.004770
vt 0.174062 1.015445
vt 1.438627 0.200120
vt 0.117211 1.126263
vt 0.204543 1.155489
vt 1.519650 0.677121
vt 1.511971 0.722031
vt 1.503484 0.655305
vt 0.942943 0.810411
vt 0.977437 0.858893
vt 1.939708 0.391428
vt 1.918360 0.362087
vt 0.217716 1.695494
vt 1.370343 1.086020
vt 0.861135 1.041411
vt 0.424031 0.466780
vt 0.456078 0.445272
vt 0.167456 1.550165
vt 1.895595 0.793155
vt 1.918979 0.801831
vt 1.309544 0.604253
vt 1.356337 0.615112
vt 1.572118 0.586247
vt 1.806432 0.888444
vt 1.892193 1.909228
vt 1.864394 1.788402
vt 1.892193 1.747733
vt 0.158316 1.808136
vt 0.136490 1.793350
vt 0.157781 1.758667
vt 0.176164 1.773923
vt 1.966475 1.670257
vt 1.989991 1.711944
vt 0.909019 1.427638
vt 0.975495 1.378028
vt 0.724495 0.338325
vt 1.848935 1.570825
vt 1.815291 1.650103
vt 1.214191 0.702895
vt 1.551978 1.483071
vt 1.501248 1.546759
vt 1.497775 1.482019
vt 1.949477 0.009321
vt 1.907709 0.019657
vt 1.909689 0.241464
vt 1.213891 1.578157
vt 0.061238 0.992593
vt 0.002233 0.968851
vt 0.823715 0.574878
vt 1.648043 1.886293
vt 1.626884 1.863559
vt 0.279560 1.810113
vt 1.346623 0.294915
vt 0.140006 1.217052
vt 0.825350 0.629798
vt 0.802605 0.585289
vt 1.801742 0.866443
vt 1.847166 0.844740
vt 1.935092 1.899580
vt 0.367777 0.861376
vt 0.332057 0.901120
vt 0.021817 1.241674
vt 1.460923 1.933652
vt 1.409593 1.926646
vt 1.407728 1.889873
vt 1.437670 1.868757
vt 0.880348 1.539930
vt 1.437587 0.460950
vt 0.061964 1.612450
vt 0.060950 1.562057
vt 1.036091 1.688856
vt 1.095770 1.663841
vt 1.099607 1.719756
vt 0.057310 0.447204
vt 0.000000 0.633938
vt 1.795901 1.403621
vt 0.881532 0.759607
vt 1.425340 1.560675
vt 1.947807 0.680752
vt 1.932962 0.621250
vt 0.881592 0.931364
vt 1.010677 0.941209
vt 0.957777 0.985479
vt 1.095445 1.255284
vt 1.123605 1.324728
vt 1.082751 1.312163
vt 1.315936 1.057330
vt 0.620614 0.945421
vt 0.454545 1.908600
vt 0.442443 1.900054
vt 0.454545 1.841858
vt 1.415801 1.653014
vt 1.447114 1.599555
vt 1.441196 1.623667
vt 0.131367 0.513347
vt 0.505424 1.516185
vt 0.449833 1.550165
vt 0.658425 1.063571
vt 0.958008 0.635206
vt 1.464879 0.729350
vt 1.442612 0.721009
vt 1.446520 0.670632
vt 1.473454 0.659366
vt 1.277896 0.329147
vt 1.479150 1.580467
vt 1.328510 0.361980
vt 1.309848 0.453537
vt 0.054522 1.809722
vt 1.794451 0.541727
vt 1.824148 0.573924
vt 1.496703 0.734974
vt 0.270912 0.729425
vt 0.302084 1.166466
vt 1.136120 1.044862
vt 1.143956 0.994016
vt 1.797517 0.713723
vt 1.125973 1.145774
vt 1.095985 1.098554
vt 0.023442 1.788880
vt 1.552147 1.436287
vt 1.575616 1.451712
vt 1.691786 1.657360
vt 0.448763 1.264789
vt 1.862347 0.277351
vt 1.430588 0.604516
vt 0.566172 1.287049
vt 1.792358 1.822371
vt 1.736051 1.873034
vt 1.740775 1.747072
vt 1.397150 1.114010
vt 1.378889 1.131382
vt 1.852899 0.116700
vt 1.855350 0.167991
vt 1.724556 1.804950
vt 0.727645 1.906802
vt 1.447706 1.123896
vt 0.463737 1.744280
vt 1.196166 1.674336
vt 0.085896 1.558191
vt 0.073616 0.926762
vt 0.122964 0.890581
vt 0.997888 0.293790
vt 1.726579 0.009321
vt 0.853679 1.438342
vt 1.457040 1.470493
vt 0.276540 1.840448
vt 1.352172 1.796449
vt 1.339314 1.897206
vt 1.318829 1.817370
vt 0.430360 1.860777
vt 0.442443 1.841858
vt 0.442443 1.927963
vt 1.358835 0.866305
vt 1.439937 0.869419
vt 1.947807 0.348901
vt 1.147198 1.044045
vt 1.653401 1.261444
vt 1.599048 1.261459
vt 1.129171 1.802079
vt 1.129171 1.884837
vt 1.099607 1.842890
vt 0.093980 1.137225
vt 0.490426 0.423862
vt 0.546529 0.459512
vt 1.458737 0.608031
vt 1.447744 0.635449
vt 1.634354 0.146072
vt 1.023566 0.935043
vt 0.242352 1.876367
vt 0.000000 0.883911
vt 0.040039 0.863051
vt 0.931401 1.735967
vt 0.095655 1.374900
vt 1.988745 1.540393
vt 1.725711 0.765754
vt 0.411764 0.414055
vt 0.454932 0.405461
vt 1.802263 0.809643
vt 1.836071 0.807498
vt 1.318909 0.072533
vt 1.287633 0.139061
vt 0.598501 0.836243
vt 0.604787 0.803564
vt 0.604787 0.850448
vt 0.345929 1.656987
vt 1.520495 0.829737
vt 1.518785 0.904198
vt 1.463700 0.819856
vt 0.777217 1.106553
vt 0.835199 1.091790
vt 0.834553 1.096720
vt 1.099607 1.872724
vt 1.909350 0.348901
vt 1.894707 0.337568
vt 1.911095 0.299041
vt 1.929375 0.301645
vt 0.878485 0.793155
vt 1.509230 1.742369
vt 0.008212 0.035481
vt 0.008111 1.244645
vt 1.485982 1.677124
vt 1.513173 1.640423
vt 0.951921 1.284547
vt 1.765755 0.506560
vt 1.433192 0.686344
vt 1.616493 0.724121
vt 1.574570 0.726130
vt 0.971110 1.322461
vt 1.051463 1.327912
vt 0.176164 1.857998
vt 0.201410 1.801895
vt 0.201410 1.930366
vt 0.374284 1.550165
vt 0.357905 1.588247
vt 0.706308 0.871800
vt 0.603884 0.962295
vt 0.598538 0.958163
vt 0.603884 0.932738
vt 0.961014 0.291746
vt 1.474662 1.706242
vt 1.109462 1.355783
vt 1.477208 1.601629
vt 1.087689 0.205765
vt 1.164703 0.248622
vt 0.247408 0.727374
vt 1.945349 1.420878
vt 1.964535 1.403621
vt 1.190597 1.436287
vt 1.254260 1.800381
vt 1.289627 1.796449
vt 1.289627 1.875544
vt 1.246312 1.847665
vt 0.050247 0.928925
vt 1.743516 0.487936
vt 0.425442 1.621011
vt 0.470655 1.561428
vt 0.501324 1.588299
vt 0.621294 0.382862
vt 1.204305 0.368691
vt 1.519650 0.614656
vt 0.603884 0.915329
vt 0.598501 0.905300
vt 0.603884 0.900274
vt 0.827090 0.097614
vt 0.299221 0.878608
vt 0.279248 0.848645
vt 0.602791 0.900274
vt 0.598501 0.857276
vt 0.602791 0.850448
vt 1.858080 0.228477
vt 1.049366 1.614921
vt 0.814788 0.619971
vt 1.989992 1.645238
vt 1.208959 0.241954
vt 0.470784 0.821535
vt 0.782226 1.836576
vt 0.779616 1.779096
vt 1.426063 1.665160
vt 1.782516 1.403621
vt 1.360023 1.472026
vt 0.647374 0.493139
vt 0.646481 0.446922
vt 1.861421 1.863902
vt 1.856666 1.787492
vt 1.861421 1.747072
vt 1.949278 1.156008
vt 1.989189 1.194290
vt 1.736051 1.482170
vt 1.270813 1.260100
vt 1.225299 1.346919
vt 0.849442 1.492596
vt 0.807755 1.473473
vt 1.591614 1.324122
vt 1.770406 0.848299
vt 2.000000 1.181878
vt 1.060860 1.052514
vt 1.580587 1.850976
vt 1.577837 1.810911
vt 1.592510 1.818661
vt 0.109891 1.309937
vt 1.351777 1.796449
vt 1.346644 1.762508
vt 1.669605 1.817642
vt 1.702510 1.804950
vt 1.702510 1.847678
vt 1.556442 1.216951
vt 0.065236 0.315387
vt 1.721701 0.381463
vt 0.385154 0.803564
vt 0.347976 0.834480
vt 0.250747 0.767362
vt 1.571197 0.685042
vt 1.519650 0.639752
vt 1.573633 0.604253
vt 1.509230 1.780016
vt 1.541206 1.760036
vt 0.779616 1.692857
vt 0.600819 0.932738
vt 1.407450 0.793155
vt 0.088849 0.009321
vt 1.433192 0.604253
vt 1.864394 1.409118
vt 1.168533 0.154577
vt 1.592144 1.556188
vt 1.592145 1.628168
vt 1.586615 1.604327
vt 1.417586 1.114981
vt 0.438533 1.016084
vt 1.267169 0.727829
vt 1.899908 0.788447
vt 0.929010 0.460287
vt 0.745471 1.455734
vt 0.740337 1.419655
vt 1.935092 1.747733
vt 1.916885 1.758004
vt 1.318829 1.796449
vt 1.318829 1.897717
vt 1.290047 1.913454
vt 1.289627 1.811230
vt 1.728626 1.604428
vt 1.352172 1.871626
vt 1.810582 0.511227
vt 0.393069 1.900700
vt 0.375884 1.876647
vt 0.393069 1.841858
vt 1.199557 1.861344
vt 1.190142 1.835930
vt 1.219342 1.857161
vt 1.799415 0.790921
vt 1.367686 0.774940
vt 1.377207 0.756132
vt 1.377207 0.789298
vt 1.736051 1.660768
vt 1.697878 1.804950
vt 1.544759 0.940283
vt 0.744275 1.348942
vt 1.129171 1.871463
vt 1.146572 1.802078
vt 1.146168 1.844724
vt 1.659078 0.303106
vt 0.717730 1.413485
vt 0.683930 1.327209
vt 1.760215 0.552089
vt 0.008478 0.094250
vt 1.085967 1.935021
vt 1.046400 1.903176
vt 1.246312 1.863562
vt 1.233449 1.810447
vt 1.573966 1.781071
vt 1.577837 1.742369
vt 0.760709 1.123052
vt 0.040662 0.454527
vt 0.043412 0.411926
vt 1.288609 0.761538
vt 1.212318 0.728792
vt 0.209465 1.715554
vt 1.622934 1.315796
vt 1.208959 0.672702
vt 1.435033 0.734974
vt 1.471447 0.778769
vt 1.433192 0.778769
vt 0.032506 0.736754
vt 1.849567 1.747073
vt 0.176164 1.655844
vt 0.160657 1.863397
vt 1.592510 1.742369
vt 1.590685 1.778190
vt 1.578981 1.753150
vt 0.583597 1.351254
vt 0.305265 1.863701
vt 0.339380 1.801895
vt 0.339380 1.879269
vt 1.009260 0.916954
vt 1.129611 1.802079
vt 0.879152 0.653711
vt 1.147198 1.868316
vt 1.165070 1.796449
vt 1.190142 1.797258
vt 1.190142 1.888083
vt 1.882549 0.479962
vt 1.886845 1.424101
vt 1.884884 0.352376
vt 1.384737 1.635082
vt 0.918121 1.663841
vt 1.835229 0.087278
vt 1.147198 1.260775
vt 1.145477 1.321226
vt 1.364305 1.436287
vt 1.326555 1.225211
vt 1.947894 1.289293
vt 1.845212 0.679058
vt 0.467674 1.883063
vt 0.454544 1.850338
vt 0.467674 1.841858
vt 1.300054 0.954799
vt 1.918103 1.427174
vt 1.904928 0.778450
vt 0.272980 0.777152
vt 1.792358 1.910702
vt 1.590031 1.556189
vt 1.582736 1.469936
vt 1.590031 1.436287
vt 0.178728 1.588450
vt 0.887386 1.015849
vt 1.146572 1.881632
vt 0.642882 0.891720
vt 1.917358 1.087984
vt 1.972769 0.917281
vt 2.000000 0.902128
vt 0.829075 1.569986
vt 1.360023 1.495389
vt 1.169815 1.427164
vt 1.318003 1.436287
vt 0.770534 0.513901
vt 1.200097 1.806692
vt 1.246312 1.796449
vt 0.393069 1.863865
vt 0.416305 1.841858
vt 0.416305 1.889013
vt 1.460923 1.765726
vt 1.426150 1.742368
vt 0.603884 1.030858
vt 0.601048 1.025788
vt 0.603884 1.013705
vt 0.374284 1.894064
vt 1.882054 0.608121
vt 1.926575 0.577279
vt 0.603884 0.997181
vt 0.603884 1.013705
vt 0.599870 0.997367
vt 1.181795 1.269143
vt 1.270664 0.693185
vt 1.640733 1.434634
vt 1.384233 0.756132
vt 1.384233 0.791954
vt 1.377207 0.766183
vt 1.624500 0.673247
vt 1.616493 0.649185
vt 1.624500 0.604253
vt 0.276540 1.801895
vt 0.535156 1.550165
vt 1.075636 1.111258
vt 0.843500 1.693253
vt 1.551018 0.732078
vt 1.582736 1.620339
vt 0.666138 0.873823
vt 1.126991 0.968430
vt 1.573633 0.784656
vt 1.510546 0.734974
vt 1.510546 0.779866
vt 1.498153 0.749994
vt 1.907561 1.747733
vt 1.849567 1.826975
vt 0.722271 1.172277
vt 1.141016 1.115543
vt 1.142017 1.170169
vt 1.624889 0.422801
vt 0.603884 0.997181
vt 0.600312 0.983717
vt 0.603884 0.962295
vt 0.604816 0.900274
vt 0.604816 1.039044
vt 0.603884 0.968156
vt 1.874741 0.102241
vt 1.020616 1.751529
vt 1.627414 0.288677
vt 0.210485 1.339963
vt 1.147198 1.567512
vt 1.147198 1.663841
vt 1.147198 1.785341
vt 1.133920 1.754890
vt 1.920255 1.006010
vt 0.605285 1.175578
vn -0.2090 -0.9679 0.1395
vn -0.2082 -0.9686 0.1361
vn -0.4432 0.8134 0.3767
vn -0.4561 0.8271 0.3284
vn -0.5737 0.7738 0.2685
vn -0.1908 0.1397 0.9716
vn -0.9446 -0.0189 0.3276
vn 0.9941 0.0000 -0.1082
vn -0.9599 -0.0151 0.2800
vn -0.7830 -0.5553 0.2804
vn 0.0593 -0.9889 -0.1365
vn 0.0522 -0.9891 -0.1375
vn -0.5009 0.8130 0.2969
vn -0.9925 -0.0614 0.1054
vn -0.9394 -0.0586 0.3377
vn 0.1699 -0.9650 -0.1996
vn 0.1769 -0.9640 -0.1986
vn -0.3002 -0.3544 -0.8856
vn -0.0412 -0.9991 -0.0077
vn -0.0447 -0.9989 -0.0141
vn -0.0156 -0.9996 0.0239
vn -0.4006 0.8597 0.3167
vn -0.4047 0.8561 0.3214
vn -0.8337 -0.2974 0.4653
vn -0.8042 -0.3199 0.5009
vn -0.7833 -0.2669 0.5614
vn -0.8405 -0.2142 0.4976
vn -0.7293 0.0076 -0.6842
vn 0.0663 -0.9978 0.0042
vn 0.0670 -0.9977 0.0045
vn 0.7661 0.2539 0.5905
vn -0.1131 0.9890 0.0950
vn -0.1697 0.9761 0.1360
vn 0.5913 0.5767 -0.5638
vn -0.2606 0.9142 0.3105
vn -0.2752 0.9043 0.3262
vn -0.3911 0.6530 -0.6486
vn -0.1876 0.0307 0.9818
vn -0.1812 0.9729 0.1437
vn -0.5471 0.6138 -0.5692
vn -0.1571 0.9792 0.1282
vn -0.1546 0.9805 0.1216
vn 0.0391 -0.9923 -0.1176
vn 0.1018 -0.9835 -0.1498
vn 0.5432 -0.0188 0.8394
vn -0.1990 -0.5553 -0.8075
vn 0.1744 -0.9751 -0.1366
vn -0.1390 -0.1026 0.9850
vn -0.2931 -0.9502 0.1062
vn -0.3003 -0.9483 0.1030
vn -0.2663 0.8993 0.3469
vn -0.2075 0.8984 0.3870
vn -0.3165 0.7422 0.5908
vn -0.1631 -0.4801 0.8619
vn 0.8858 -0.3485 0.3064
vn -0.1294 -0.9714 0.1990
vn 0.8100 -0.2681 0.5215
vn 0.0364 -0.9990 -0.0240
vn 0.0372 -0.9990 -0.0239
vn -0.2144 0.9544 0.2077
vn -0.9302 0.0645 -0.3614
vn -0.5702 -0.0287 0.8210
vn -0.2109 0.9660 0.1495
vn -0.5346 -0.0770 0.8416
vn -0.5896 -0.1566 0.7924
vn -0.8505 -0.1151 0.5132
vn -0.1709 -0.9824 0.0754
vn 0.4255 -0.2436 0.8716
vn -0.7938 -0.1061 0.5988
vn -0.8479 0.1119 -0.5181
vn -0.4378 -0.0494 0.8977
vn -0.2088 0.9685 0.1354
vn -0.7874 -0.0929 0.6094
vn 0.7289 0.0234 0.6842
vn -0.8505 -0.1151 0.5133
vn 0.5249 -0.1994 0.8275
vn -0.8503 -0.2422 0.4672
vn 0.0066 -0.9999 -0.0110
vn -0.9439 0.0144 -0.3299
vn -0.2113 -0.0541 0.9759
vn -0.2086 0.9682 0.1385
vn -0.0865 0.9956 0.0363
vn -0.0906 0.9954 0.0320
vn -0.2873 -0.0695 0.9553
vn -0.0732 0.9961 0.0484
vn -0.9640 -0.0913 0.2496
vn -0.0659 0.9965 0.0508
vn -0.8500 -0.0779 0.5210
vn -0.5556 -0.0155 -0.8313
vn -0.7874 -0.0929 0.6093
vn 0.6130 -0.1738 0.7707
vn -0.7619 -0.3461 0.5474
vn 0.1398 -0.9871 -0.0781
vn 0.1098 -0.9914 -0.0706
vn 0.1150 -0.9912 -0.0653
vn 0.1166 -0.9914 -0.0596
vn 0.0670 -0.9971 -0.0374
vn 0.0740 -0.9969 -0.0264
vn -0.2031 -0.9734 0.1058
vn -0.1916 -0.9758 0.1055
vn -0.1951 -0.9751 0.1058
vn -0.5067 -0.0279 -0.8617
vn -0.5433 0.8268 0.1456
vn -0.5557 -0.0155 -0.8313
vn -0.9235 -0.0760 0.3760
vn -0.8500 -0.0778 0.5210
vn -0.0877 -0.9921 0.0901
vn -0.0811 -0.9925 0.0910
vn -0.4595 -0.2389 -0.8554
vn -0.8368 -0.5239 -0.1591
vn -0.8393 -0.5182 -0.1642
vn -0.9799 0.1701 -0.1041
vn -0.9833 0.1537 -0.0977
vn -0.9827 0.1627 -0.0885
vn -0.9798 0.1827 -0.0812
vn 0.9781 0.0374 0.2047
vn 0.9761 0.0253 0.2157
vn 0.9894 0.0190 0.1436
vn 0.7852 -0.3513 -0.5100
vn 0.7803 -0.3628 -0.5094
vn 0.7622 -0.3760 -0.5269
vn 0.7422 -0.3957 -0.5409
vn 0.4754 0.3951 0.7860
vn 0.4691 0.3851 0.7947
vn 0.5085 0.3189 0.7998
vn 0.5146 0.3546 0.7806
vn -0.4336 0.7217 -0.5395
vn -0.3566 0.7905 -0.4980
vn -0.3436 0.7663 -0.5429
vn -0.4014 0.7234 -0.5617
vn 0.1945 0.3457 -0.9180
vn 0.1043 0.3026 -0.9474
vn 0.1230 0.3170 -0.9404
vn 0.1566 0.3634 -0.9184
vn 0.0408 -0.7611 -0.6474
vn 0.0691 -0.7431 -0.6656
vn 0.0735 -0.7418 -0.6666
vn 0.3135 -0.2430 -0.9180
vn 0.2107 -0.1969 -0.9575
vn 0.2248 -0.2444 -0.9433
vn 0.3281 -0.1955 -0.9242
vn -0.7751 -0.3000 0.5561
vn -0.7751 -0.2998 0.5562
vn -0.7847 -0.2851 0.5504
vn -0.7729 -0.3189 0.5486
vn 0.6340 0.4907 -0.5977
vn 0.6103 0.5015 -0.6132
vn 0.5731 0.5227 -0.6312
vn -0.9922 0.1246 -0.0046
vn -0.9986 0.0535 -0.0040
vn -0.9934 0.0892 0.0725
vn -0.9902 0.1327 0.0426
vn -0.7354 -0.6623 -0.1435
vn -0.7328 -0.6678 -0.1305
vn -0.7396 -0.6580 -0.1418
vn -0.8360 0.5470 -0.0436
vn -0.8180 0.5733 -0.0465
vn -0.8155 0.5751 -0.0649
vn -0.8370 0.5400 -0.0889
vn -0.1684 0.8690 -0.4652
vn -0.1218 0.9079 -0.4011
vn -0.1043 0.8770 -0.4690
vn -0.7720 0.0509 0.6336
vn -0.8487 0.0859 0.5218
vn -0.8525 0.1169 0.5095
vn -0.7790 0.0085 0.6269
vn -0.3605 0.0901 0.9284
vn -0.2886 0.2170 0.9325
vn -0.4056 0.1885 0.8944
vn -0.3166 0.1064 0.9426
vn -0.6454 -0.0110 -0.7637
vn -0.5440 0.0248 -0.8387
vn -0.5581 0.0584 -0.8277
vn -0.6043 -0.0319 -0.7961
vn 0.6805 -0.6441 0.3493
vn 0.6774 -0.6482 0.3477
vn 0.6989 -0.6374 0.3244
vn 0.7204 -0.6165 0.3179
vn -0.8773 -0.1126 -0.4666
vn -0.8843 -0.1329 -0.4476
vn -0.8836 -0.1161 -0.4537
vn 0.1900 -0.1911 -0.9630
vn 0.3968 -0.2001 -0.8958
vn 0.3967 -0.1950 -0.8970
vn 0.3158 -0.1852 -0.9306
vn 0.3235 -0.9196 0.2228
vn 0.2954 -0.9289 0.2232
vn 0.3186 -0.9284 0.1913
vn 0.3290 -0.9219 0.2049
vn -0.7794 -0.4940 -0.3855
vn -0.7714 -0.5326 -0.3482
vn -0.8358 -0.4205 -0.3530
vn 0.3709 0.0393 0.9279
vn 0.4142 -0.0958 0.9051
vn 0.4637 -0.0293 0.8855
vn 0.4411 0.0224 0.8972
vn -0.4035 0.1220 0.9068
vn -0.4131 0.0782 0.9073
vn -0.3878 0.0994 0.9164
vn 0.7722 -0.3547 -0.5272
vn 0.8375 -0.3453 -0.4235
vn 0.8229 -0.3410 -0.4545
vn 0.8059 -0.3284 -0.4926
vn 0.7469 -0.3916 0.5374
vn 0.7765 -0.3581 0.5185
vn 0.7779 -0.3600 0.5151
vn 0.7505 -0.3383 0.5678
vn -0.2944 -0.9256 0.2380
vn -0.2932 -0.9260 0.2380
vn -0.2496 -0.9358 0.2488
vn 0.7381 0.1554 -0.6566
vn 0.7506 0.1044 -0.6524
vn 0.7240 0.1424 -0.6749
vn -0.7847 0.1871 -0.5910
vn -0.6835 0.2504 -0.6856
vn -0.6618 0.0473 -0.7482
vn -0.6388 0.1831 -0.7473
vn 0.8938 0.2880 -0.3437
vn 0.8351 0.2928 -0.4657
vn 0.8529 0.3352 -0.4003
vn 0.8732 0.3230 -0.3648
vn -0.8654 0.4706 -0.1721
vn -0.8212 0.5178 -0.2400
vn -0.7168 0.6399 -0.2770
vn 0.0232 0.7489 -0.6622
vn -0.0981 0.8398 -0.5340
vn 0.0356 0.8534 -0.5200
vn 0.0430 0.8479 -0.5284
vn -0.1009 0.2480 -0.9635
vn -0.1185 0.0715 -0.9904
vn -0.2949 0.2420 -0.9244
vn -0.1745 0.2124 -0.9615
vn -0.7947 0.5202 0.3129
vn -0.7890 0.5562 0.2608
vn -0.8130 0.5207 0.2608
vn -0.0631 -0.0156 0.9979
vn -0.0766 -0.1020 0.9918
vn -0.0506 -0.0780 0.9957
vn -0.0478 -0.0218 0.9986
vn 0.1621 -0.4912 -0.8558
vn 0.0538 -0.5878 -0.8072
vn 0.0571 -0.5649 -0.8232
vn 0.0490 -0.5121 -0.8575
vn -0.5771 -0.6246 0.5262
vn -0.6166 -0.6408 0.4574
vn -0.5309 -0.6418 0.5534
vn 0.7841 0.0174 -0.6203
vn 0.8233 0.0293 -0.5669
vn 0.8155 0.0134 -0.5785
vn 0.8195 0.3747 -0.4335
vn 0.8366 0.3463 -0.4245
vn 0.8210 0.3247 -0.4696
vn -0.0585 0.3067 -0.9500
vn -0.0056 0.2312 -0.9729
vn -0.0216 0.2587 -0.9657
vn -0.0713 0.2554 -0.9642
vn -0.7452 0.2846 -0.6031
vn -0.7313 0.4006 -0.5521
vn -0.6881 0.4377 -0.5788
vn 0.6624 0.3181 0.6783
vn 0.6979 0.2316 0.6777
vn 0.6918 0.3140 0.6503
vn 0.6859 0.3082 0.6593
vn -0.8387 0.3588 -0.4096
vn -0.8296 0.3692 -0.4189
vn -0.8304 0.3463 -0.4365
vn -0.8390 0.3372 -0.4270
vn -0.0011 -0.4104 0.9119
vn 0.0531 -0.3728 0.9264
vn 0.0054 -0.3917 0.9201
vn 0.4221 -0.4985 0.7572
vn 0.4291 -0.4559 0.7797
vn 0.3879 -0.5197 0.7612
vn 0.4197 -0.5032 0.7554
vn 0.0924 -0.3488 0.9326
vn 0.1730 -0.3924 0.9034
vn 0.1983 -0.4452 0.8732
vn 0.1179 -0.3598 0.9256
vn -0.6175 -0.3299 0.7140
vn -0.5999 -0.3330 0.7275
vn -0.5519 -0.4535 0.6998
vn -0.5426 -0.4525 0.7077
vn -0.2630 0.4030 -0.8766
vn -0.3066 0.3054 -0.9015
vn -0.3104 0.3516 -0.8832
vn 0.8829 -0.4613 -0.0876
vn 0.9129 -0.4000 -0.0814
vn 0.9063 -0.4210 -0.0376
vn -0.5899 0.0024 -0.8074
vn -0.6143 0.0809 -0.7849
vn -0.5621 0.0731 -0.8238
vn -0.5670 0.1021 -0.8173
vn -0.3239 0.5128 -0.7951
vn -0.2462 0.6391 -0.7287
vn -0.2059 0.6384 -0.7416
vn -0.1945 0.5904 -0.7833
vn 0.9289 -0.3479 -0.1266
vn 0.9626 -0.2463 -0.1125
vn 0.9471 -0.2840 -0.1494
vn -0.1969 0.7988 0.5685
vn -0.1601 0.8042 0.5723
vn -0.2104 0.8166 0.5375
vn -0.2691 0.7788 0.5666
vn -0.0129 0.4729 0.8810
vn 0.0445 0.3623 0.9310
vn 0.0168 0.4332 0.9012
vn -0.0158 0.4716 0.8817
vn -0.0731 0.6062 -0.7919
vn -0.1877 0.5774 -0.7946
vn -0.1505 0.6747 -0.7226
vn -0.0442 0.6527 -0.7563
vn 0.5724 -0.6763 0.4635
vn 0.5927 -0.6471 0.4796
vn 0.3524 -0.5703 -0.7420
vn 0.3215 -0.5275 -0.7864
vn 0.3592 -0.5150 -0.7783
vn 0.3818 -0.5289 -0.7579
vn -0.9087 0.2670 0.3207
vn -0.9277 0.2014 0.3145
vn -0.8965 0.2685 0.3524
vn 0.1453 0.1751 0.9738
vn 0.2014 0.1430 0.9690
vn 0.1312 0.2249 0.9655
vn 0.0849 0.2293 0.9696
vn -0.2634 0.8290 0.4933
vn -0.2882 0.8392 0.4612
vn -0.3176 0.7978 0.5125
vn -0.3005 0.7868 0.5391
vn -0.0193 0.8966 -0.4424
vn 0.0372 0.8818 -0.4702
vn 0.0335 0.8654 -0.4999
vn 0.0071 0.8487 -0.5288
vn 0.3041 0.8606 -0.4086
vn 0.2617 0.9175 -0.2996
vn 0.3108 0.8757 -0.3696
vn 0.2117 0.6955 -0.6866
vn 0.2747 0.6934 -0.6662
vn 0.2695 0.6602 -0.7011
vn 0.1924 0.6365 -0.7469
vn -0.0173 0.9036 -0.4280
vn -0.0044 0.8832 -0.4689
vn 0.0189 0.8607 -0.5088
vn -0.0508 0.8767 -0.4784
vn 0.2025 0.1217 -0.9717
vn 0.1848 0.1552 -0.9704
vn 0.1570 0.1609 -0.9744
vn 0.2526 0.1015 -0.9622
vn 0.3986 0.4598 0.7935
vn 0.4309 0.4777 0.7656
vn 0.3373 0.4449 0.8296
vn 0.4124 0.4218 0.8075
vn -0.9227 0.3536 -0.1539
vn -0.9228 0.3635 -0.1281
vn -0.9158 0.3778 -0.1366
vn 0.2235 0.1837 -0.9572
vn 0.2107 0.1615 -0.9641
vn 0.1916 0.1700 -0.9666
vn 0.1850 0.1978 -0.9626
vn 0.3478 -0.3688 0.8620
vn 0.3308 -0.3919 0.8585
vn 0.3456 -0.3908 0.8531
vn 0.1155 -0.0699 -0.9908
vn 0.1057 -0.0869 -0.9906
vn 0.1050 -0.1744 -0.9791
vn 0.0715 -0.0035 -0.9974
vn -0.5927 -0.4883 -0.6405
vn -0.6510 -0.4888 -0.5807
vn -0.6290 -0.4305 -0.6473
vn -0.5370 -0.4738 -0.6979
vn -0.8133 0.3885 -0.4332
vn -0.7757 0.4793 -0.4106
vn -0.7877 0.4620 -0.4076
vn -0.7185 0.4055 -0.5651
vn -0.4451 0.2241 -0.8670
vn -0.3660 0.2677 -0.8913
vn -0.3300 0.2541 -0.9091
vn -0.5226 0.2107 -0.8261
vn 0.0523 0.1168 0.9918
vn 0.1040 0.1461 0.9838
vn 0.0898 0.1739 0.9807
vn -0.1224 -0.6694 0.7328
vn -0.1130 -0.6982 0.7069
vn -0.1215 -0.6662 0.7358
vn -0.1259 -0.6627 0.7382
vn 0.9174 0.3726 0.1398
vn 0.9168 0.3552 0.1824
vn 0.9270 0.3721 0.0478
vn 0.9168 0.3843 0.1091
vn -0.9900 0.0726 -0.1208
vn -0.9933 0.0702 -0.0913
vn -0.9918 0.0740 -0.1041
vn 0.8246 0.4699 0.3150
vn 0.8507 0.4765 0.2219
vn 0.7847 0.5647 0.2557
vn 0.7857 0.5513 0.2806
vn -0.2700 -0.9624 -0.0312
vn -0.3638 -0.9198 -0.1467
vn -0.3764 -0.9081 -0.1834
vn -0.2872 -0.9340 -0.2126
vn 0.6851 -0.5051 -0.5248
vn 0.6939 -0.5252 -0.4926
vn 0.6587 -0.5631 -0.4990
vn 0.6539 -0.5505 -0.5191
vn 0.3192 0.5045 0.8023
vn 0.2859 0.4851 0.8264
vn 0.3059 0.4933 0.8143
vn -0.1029 0.1973 0.9749
vn -0.1269 0.1901 0.9735
vn -0.1667 0.1904 0.9675
vn -0.1570 0.1365 0.9781
vn -0.5752 -0.0738 0.8147
vn -0.5292 -0.1421 0.8365
vn -0.4706 -0.1552 0.8686
vn 0.0897 0.9925 0.0836
vn 0.1210 0.9913 0.0522
vn 0.0797 0.9955 0.0513
vn -0.3874 0.4960 -0.7771
vn -0.3330 0.4880 -0.8069
vn -0.3929 0.4891 -0.7787
vn -0.3933 0.5213 -0.7573
vn -0.0661 0.0403 -0.9970
vn 0.0035 -0.0650 -0.9979
vn 0.0005 -0.2083 -0.9781
vn -0.1005 -0.0893 -0.9909
vn 0.7498 -0.6077 -0.2615
vn 0.7561 -0.6147 -0.2246
vn 0.6769 -0.6751 -0.2934
vn 0.6987 -0.6571 -0.2829
vn -0.0648 0.9854 0.1577
vn -0.1154 0.9845 0.1319
vn -0.1349 0.9773 0.1633
vn 0.9730 -0.0129 0.2306
vn 0.9670 -0.1388 0.2137
vn 0.9774 0.0153 0.2111
vn 0.9763 0.0180 0.2156
vn -0.1113 0.1753 -0.9782
vn -0.1001 0.1330 -0.9860
vn -0.1588 0.1010 -0.9821
vn -0.5141 -0.2800 0.8107
vn -0.5556 -0.2759 0.7844
vn -0.4914 -0.3815 0.7829
vn -0.4928 -0.2886 0.8209
vn 0.3789 -0.4055 -0.8319
vn 0.4209 -0.4090 -0.8097
vn 0.4042 -0.2965 -0.8653
vn 0.4262 -0.3361 -0.8399
vn 0.2692 -0.9281 -0.2574
vn 0.2914 -0.9330 -0.2110
vn 0.3044 -0.9320 -0.1965
vn 0.2841 -0.9353 -0.2111
vn -0.4807 -0.3800 -0.7903
vn -0.4646 -0.4235 -0.7777
vn -0.4518 -0.4225 -0.7857
vn -0.4927 -0.3457 -0.7985
vn 0.9139 0.1413 0.3806
vn 0.9080 0.0928 0.4086
vn 0.9238 0.0928 0.3714
vn 0.3568 0.2259 0.9065
vn 0.3681 0.1434 0.9187
vn 0.4539 0.1666 0.8753
vn 0.4264 0.2186 0.8777
vn 0.6948 0.1033 -0.7117
vn 0.7252 0.1093 -0.6798
vn 0.6968 0.0874 -0.7119
vn -0.0125 0.0271 0.9996
vn 0.0221 -0.0432 0.9988
vn 0.0532 -0.0243 0.9983
vn 0.0212 0.0863 0.9960
vn -0.7048 -0.5394 0.4607
vn -0.7052 -0.5396 0.4600
vn -0.7049 -0.5398 0.4600
vn -0.0468 0.2108 0.9764
vn -0.1854 0.0468 0.9816
vn -0.0951 0.0639 0.9934
vn -0.0210 0.0940 0.9953
vn -0.0463 -0.2193 -0.9746
vn -0.0048 -0.2122 -0.9772
vn -0.0035 -0.2570 -0.9664
vn -0.0164 -0.2577 -0.9661
vn -0.1558 0.7243 -0.6716
vn -0.1855 0.6787 -0.7106
vn -0.2098 0.6935 -0.6892
vn -0.9336 -0.2111 -0.2896
vn -0.9609 -0.1689 -0.2196
vn -0.9602 -0.1183 -0.2530
vn -0.9398 -0.1221 -0.3191
vn -0.1343 0.0476 -0.9898
vn -0.1618 0.0620 -0.9849
vn -0.1710 0.1211 -0.9778
vn -0.6771 -0.7320 -0.0754
vn -0.7235 -0.6710 -0.1621
vn -0.6729 -0.7136 -0.1948
vn -0.6366 -0.7622 -0.1180
vn 0.7154 -0.6949 0.0733
vn 0.6847 -0.7278 0.0387
vn 0.7062 -0.7076 0.0227
vn 0.7304 -0.6825 0.0272
vn -0.7279 -0.3105 0.6113
vn -0.7310 -0.3528 0.5841
vn -0.6865 -0.3681 0.6271
vn -0.1747 0.9802 -0.0929
vn -0.1520 0.9560 -0.2510
vn -0.2659 0.9444 -0.1935
vn -0.2210 0.9625 -0.1571
vn -0.6998 -0.3865 -0.6008
vn -0.6669 -0.3970 -0.6306
vn -0.6557 -0.4192 -0.6279
vn -0.2128 -0.1713 -0.9620
vn -0.2007 -0.1346 -0.9704
vn -0.1912 -0.0779 -0.9784
vn -0.1790 -0.1971 -0.9639
vn 0.6658 0.5131 -0.5417
vn 0.7802 0.3390 -0.5257
vn 0.6448 0.3853 -0.6601
vn 0.6760 0.3927 -0.6236
vn -0.3831 0.3361 -0.8604
vn -0.3550 0.3118 -0.8813
vn 0.7659 -0.6168 0.1816
vn 0.7671 -0.6156 0.1806
vn 0.8360 -0.5199 0.1756
vn 0.8059 -0.5467 0.2270
vn -0.2931 0.6478 0.7031
vn -0.3083 0.6298 0.7129
vn -0.1941 0.6654 0.7209
vn -0.2673 0.7006 0.6616
vn 0.6368 0.6474 0.4188
vn 0.6282 0.6380 0.4454
vn 0.6577 0.5861 0.4732
vn 0.9642 -0.2160 0.1540
vn 0.9908 -0.1254 0.0516
vn 0.9872 -0.0734 0.1417
vn 0.9695 -0.1896 0.1556
vn 0.0257 0.7903 0.6122
vn 0.0500 0.7969 0.6021
vn 0.0699 0.8627 0.5009
vn -0.0029 0.8248 0.5655
vn 0.0210 -0.9959 0.0875
vn 0.0246 -0.9981 0.0563
vn 0.0311 -0.9980 0.0556
vn 0.4848 0.7127 -0.5070
vn 0.5908 0.6411 -0.4899
vn 0.5667 0.6222 -0.5401
vn 0.5262 0.6407 -0.5591
vn 0.6877 -0.0146 0.7259
vn 0.5791 -0.0819 0.8111
vn 0.6246 -0.0973 0.7749
vn 0.6528 -0.0624 0.7550
vn -0.8886 -0.4377 0.1371
vn -0.8985 -0.4390 -0.0009
vn -0.8716 -0.4877 0.0487
vn -0.0503 -0.9987 0.0017
vn -0.0500 -0.9986 -0.0190
vn -0.0237 -0.9997 -0.0059
vn -0.9234 -0.1231 0.3635
vn -0.9264 -0.1150 0.3585
vn -0.9336 -0.0974 0.3448
vn -0.9296 -0.0440 0.3659
vn -0.2317 -0.0462 -0.9717
vn -0.2226 -0.0773 -0.9718
vn -0.2495 0.0407 -0.9675
vn 0.2646 -0.8817 0.3907
vn 0.2691 -0.8836 0.3831
vn -0.7459 -0.0582 -0.6635
vn -0.7701 -0.0643 -0.6346
vn -0.7562 -0.0431 -0.6529
vn -0.6491 0.3606 0.6698
vn -0.6902 0.2470 0.6801
vn -0.6680 0.3351 0.6645
vn -0.6148 0.3371 0.7130
vn 0.4907 -0.1306 -0.8615
vn 0.4152 -0.1671 -0.8942
vn 0.3390 -0.0512 -0.9394
vn 0.4094 -0.0203 -0.9121
vn -0.2629 -0.3566 0.8965
vn -0.1828 -0.3986 0.8987
vn -0.1537 -0.3335 0.9301
vn -0.1666 -0.3143 0.9346
vn 0.5347 0.6940 0.4821
vn 0.4498 0.7532 0.4800
vn 0.4826 0.7508 0.4511
vn 0.5458 0.7151 0.4368
vn -0.3713 0.0041 0.9285
vn -0.3067 0.0460 0.9507
vn -0.3911 0.0278 0.9199
vn -0.3784 -0.0061 0.9256
vn 0.1201 -0.4854 0.8660
vn 0.1176 -0.4734 0.8729
vn 0.0959 -0.4865 0.8684
vn 0.1062 -0.5007 0.8591
vn -0.5437 0.0032 -0.8393
vn -0.5220 0.0100 -0.8529
vn -0.5002 0.0248 -0.8655
vn -0.5245 -0.0292 -0.8509
vn 0.1839 0.8850 -0.4278
vn 0.2687 0.8670 -0.4196
vn 0.2685 0.8496 -0.4540
vn 0.2391 0.8125 -0.5317
vn -0.2923 0.9465 0.1365
vn -0.1921 0.9783 0.0772
vn -0.2247 0.9717 0.0730
vn -0.3111 0.9481 0.0658
vn 0.0592 -0.3457 0.9365
vn 0.0735 -0.3089 0.9483
vn 0.0581 -0.2778 0.9589
vn 0.0087 -0.3728 0.9279
vn 0.2546 -0.0458 0.9660
vn 0.2031 -0.0597 0.9773
vn 0.2208 -0.1396 0.9653
vn 0.2750 -0.0529 0.9600
vn 0.8696 -0.4875 -0.0779
vn 0.8436 -0.5349 -0.0467
vn 0.8326 -0.5530 -0.0321
vn 0.8818 -0.4644 -0.0820
vn 0.1077 0.1262 -0.9861
vn 0.0305 0.1238 -0.9918
vn -0.0015 0.1583 -0.9874
vn 0.0925 0.1248 -0.9879
vn 0.2317 -0.7160 -0.6586
vn 0.2311 -0.6885 -0.6874
vn 0.1429 -0.6379 -0.7568
vn 0.1961 -0.5934 -0.7807
vn -0.3605 0.2886 0.8870
vn -0.3993 0.2281 0.8880
vn -0.3639 0.2558 0.8956
vn 0.7685 -0.5725 -0.2858
vn 0.7593 -0.6119 -0.2213
vn 0.7583 -0.6174 -0.2092
vn 0.2763 -0.8588 -0.4314
vn 0.2943 -0.8679 -0.4000
vn 0.2587 -0.8672 -0.4254
vn 0.2767 -0.8583 -0.4322
vn -0.2435 0.7824 -0.5732
vn -0.2534 0.7848 -0.5656
vn 0.2140 0.0774 0.9738
vn 0.2433 0.0790 0.9667
vn 0.3739 0.0077 0.9275
vn 0.3725 0.1417 0.9171
vn 0.7119 -0.4319 0.5537
vn 0.7007 -0.4208 0.5761
vn 0.6767 -0.4538 0.5797
vn 0.6767 -0.4689 0.5676
vn -0.7949 -0.6065 0.0143
vn -0.8015 -0.5942 -0.0676
vn -0.7908 -0.6100 -0.0497
vn -0.7518 -0.6594 0.0037
vn -0.0224 -0.9997 0.0134
vn -0.0254 -0.9996 0.0086
vn -0.0115 -0.9999 0.0024
vn 0.2549 0.8427 -0.4742
vn 0.2731 0.8778 -0.3935
vn 0.3181 0.8563 -0.4068
vn 0.3266 0.8174 -0.4744
vn -0.8076 -0.3336 -0.4863
vn -0.8387 -0.2353 -0.4911
vn -0.7787 -0.2353 -0.5816
vn 0.8668 -0.2887 0.4066
vn 0.8079 -0.2993 0.5077
vn 0.7314 -0.3920 0.5580
vn 0.8082 -0.4015 0.4308
vn -0.3265 -0.0682 0.9427
vn -0.3707 -0.0663 0.9264
vn -0.4146 -0.1334 0.9002
vn -0.0411 -0.8915 -0.4512
vn 0.0259 -0.8559 -0.5165
vn 0.0236 -0.8757 -0.4822
vn -0.7721 -0.2505 -0.5841
vn -0.2930 -0.0235 -0.9558
vn -0.2611 -0.2913 -0.9203
vn -0.2992 -0.2371 -0.9243
vn -0.2463 -0.1309 -0.9603
vn 0.0852 0.0069 -0.9963
vn 0.0522 -0.0237 -0.9984
vn 0.0609 0.0314 -0.9977
vn 0.5227 -0.7000 -0.4866
vn 0.5413 -0.7107 -0.4493
vn 0.4808 -0.7520 -0.4509
vn -0.7343 0.0142 0.6787
vn -0.6994 0.0050 0.7147
vn -0.6987 0.0051 0.7154
vn -0.8111 0.4668 0.3523
vn -0.7809 0.4970 0.3783
vn -0.7612 0.5419 0.3563
vn -0.8273 0.4647 0.3156
vn -0.5697 0.0651 0.8193
vn -0.5474 0.0277 0.8364
vn -0.5453 0.0595 0.8361
vn -0.5602 0.0824 0.8243
vn -0.8798 0.4249 0.2130
vn -0.8787 0.4542 0.1469
vn -0.9203 0.3889 0.0424
vn -0.9456 0.3017 0.1218
vn 0.1581 0.6597 -0.7347
vn 0.2127 0.6720 -0.7094
vn 0.2409 0.6643 -0.7076
vn 0.2082 0.6550 -0.7264
vn 0.5537 -0.3250 -0.7667
vn 0.4932 -0.3526 -0.7953
vn 0.4983 -0.3477 -0.7942
vn 0.1413 -0.1278 -0.9817
vn 0.0632 -0.1931 -0.9791
vn -0.0361 -0.0926 -0.9951
vn 0.7900 0.4014 0.4633
vn 0.8549 0.2831 0.4348
vn 0.8404 0.3332 0.4274
vn 0.7929 0.4172 0.4441
vn -0.3648 0.8875 0.2816
vn -0.3401 0.9059 0.2525
vn -0.3753 0.8826 0.2831
vn 0.2530 -0.9410 -0.2247
vn 0.1964 -0.9421 -0.2718
vn 0.1615 -0.9304 -0.3290
vn -0.2176 0.0615 -0.9741
vn -0.1378 0.0247 -0.9902
vn -0.2074 0.0243 -0.9780
vn -0.2643 0.5957 -0.7585
vn -0.2065 0.5045 -0.8384
vn -0.2289 0.4986 -0.8361
vn -0.2787 0.4886 -0.8268
vn -0.6586 -0.5171 0.5467
vn -0.6239 -0.5529 0.5524
vn -0.6349 -0.5074 0.5826
vn 0.0971 0.2464 -0.9643
vn 0.0640 0.3249 -0.9436
vn 0.0525 0.3363 -0.9403
vn 0.1096 0.2631 -0.9585
vn -0.3818 -0.3507 -0.8551
vn -0.3181 -0.3211 -0.8920
vn -0.3296 -0.4800 -0.8130
vn -0.3637 -0.3610 -0.8587
vn -0.0657 0.9013 -0.4283
vn -0.0047 0.9197 -0.3926
vn 0.0462 0.9042 -0.4246
vn 0.0119 0.8385 -0.5448
vn -0.6964 0.7139 0.0728
vn -0.7064 0.7074 -0.0212
vn -0.7428 0.6680 -0.0447
vn -0.7644 0.6420 0.0594
vn -0.2335 0.4712 0.8506
vn -0.4296 0.5112 0.7444
vn -0.3263 0.5432 0.7736
vn -0.2768 0.5292 0.8021
vn 0.4053 0.2160 -0.8883
vn 0.4272 0.1831 -0.8854
vn 0.3619 0.1983 -0.9109
vn 0.3830 0.8856 0.2628
vn 0.3730 0.8995 0.2273
vn 0.3910 0.8878 0.2428
vn 0.3515 0.8958 0.2720
vn -0.9199 0.3869 0.0648
vn -0.9281 0.3641 0.0778
vn -0.9276 0.3588 0.1038
vn 0.2388 0.9633 0.1227
vn 0.3094 0.9427 0.1252
vn 0.2463 0.9662 0.0757
vn 0.2054 0.9715 0.1181
vn -0.0199 -0.6574 -0.7533
vn -0.0061 -0.6700 -0.7424
vn 0.0040 -0.6750 -0.7378
vn -0.0184 -0.6634 -0.7480
vn -0.8755 -0.2782 0.3952
vn -0.8694 -0.2727 0.4122
vn -0.8704 -0.2685 0.4127
vn 0.4584 -0.3154 0.8309
vn 0.4727 -0.4082 0.7810
vn 0.5376 -0.3545 0.7651
vn 0.5508 -0.3133 0.7736
vn -0.8090 -0.5450 0.2204
vn -0.8313 -0.5050 0.2321
vn -0.8276 -0.5236 0.2021
vn 0.0979 -0.4096 -0.9070
vn 0.1235 -0.4064 -0.9053
vn 0.2163 -0.2560 -0.9422
vn 0.2955 -0.3512 -0.8885
vn 0.8246 -0.4339 -0.3630
vn 0.8569 -0.4018 -0.3229
vn 0.8426 -0.4532 -0.2908
vn -0.9203 -0.0849 0.3818
vn -0.9348 -0.1436 0.3250
vn -0.9129 -0.2035 0.3540
vn -0.9902 -0.1390 -0.0097
vn -0.9820 -0.1887 -0.0101
vn -0.9852 -0.1576 0.0677
vn -0.9901 -0.1396 0.0169
vn -0.9383 -0.3181 0.1355
vn -0.9251 -0.3464 0.1557
vn -0.9236 -0.3065 0.2301
vn -0.2227 0.5846 0.7801
vn -0.3069 0.5503 0.7765
vn -0.3031 0.4555 0.8371
vn -0.1928 0.5472 0.8145
vn 0.9966 -0.0479 0.0663
vn 0.9844 -0.0059 0.1760
vn 0.9880 -0.0679 0.1385
vn 0.8586 -0.4181 0.2968
vn 0.8854 -0.3995 0.2376
vn 0.9089 -0.3676 0.1971
vn 0.8586 -0.4277 0.2826
vn 0.4140 -0.6791 0.6062
vn 0.4348 -0.6951 0.5726
vn 0.4421 -0.6846 0.5795
vn -0.2802 0.3228 0.9040
vn -0.2943 0.2907 0.9104
vn -0.2643 0.3407 0.9023
vn 0.1547 0.1901 -0.9695
vn 0.1410 0.1810 -0.9733
vn 0.0942 0.1795 -0.9792
vn 0.0950 0.1853 -0.9781
vn -0.1178 -0.4553 0.8825
vn -0.1080 -0.4726 0.8746
vn -0.1025 -0.3194 0.9421
vn -0.1768 -0.2908 0.9403
vn -0.1893 -0.2962 0.9362
vn -0.2219 -0.3708 0.9018
vn -0.7401 0.2872 -0.6080
vn -0.7272 0.3275 -0.6033
vn -0.7153 0.3302 -0.6159
vn -0.6486 0.3076 -0.6962
vn -0.1477 -0.1753 0.9734
vn -0.0811 -0.1849 0.9794
vn -0.1023 -0.1817 0.9780
vn 0.3994 -0.2795 0.8731
vn 0.3443 -0.3238 0.8813
vn 0.3836 -0.3012 0.8730
vn 0.1849 0.9778 0.0983
vn 0.1734 0.9843 0.0315
vn 0.1585 0.9814 0.1085
vn 0.4231 0.7007 0.5745
vn 0.3771 0.8044 0.4591
vn 0.3911 0.7547 0.5268
vn -0.5187 -0.3254 -0.7906
vn -0.5835 -0.2732 -0.7647
vn -0.5658 -0.2711 -0.7787
vn -0.3691 0.2333 -0.8996
vn -0.3304 0.2877 -0.8989
vn -0.3564 0.3435 -0.8689
vn -0.2942 0.4109 -0.8629
vn -0.3541 0.6926 0.6285
vn -0.4151 0.6874 0.5960
vn -0.4456 0.6368 0.6292
vn -0.1732 0.4705 -0.8653
vn -0.2130 0.4488 -0.8679
vn -0.2430 0.4538 -0.8573
vn -0.2825 0.4970 -0.8205
vn 0.4089 -0.6824 0.6059
vn 0.4624 -0.6528 0.6000
vn 0.4553 -0.6189 0.6401
vn -0.5659 -0.2217 -0.7942
vn -0.5398 -0.2304 -0.8097
vn -0.4955 -0.2727 -0.8247
vn -0.4713 -0.2771 -0.8373
vn 0.8419 -0.5313 0.0940
vn 0.8392 -0.5409 0.0565
vn 0.8596 -0.5110 0.0068
vn 0.3967 -0.2705 0.8772
vn 0.3202 -0.2774 0.9058
vn 0.3840 -0.3672 0.8472
vn 0.3851 -0.3026 0.8719
vn 0.7071 0.4686 0.5295
vn 0.7451 0.4744 0.4688
vn 0.7372 0.4744 0.4811
vn 0.7036 0.4473 0.5521
vn -0.1914 -0.1175 0.9745
vn -0.0979 -0.0871 0.9914
vn -0.0611 -0.0480 0.9970
vn -0.2350 -0.0984 0.9670
vn -0.5717 0.0589 -0.8184
vn -0.5487 -0.0061 -0.8360
vn -0.5602 -0.0111 -0.8283
vn 0.4984 -0.6656 0.5555
vn 0.4580 -0.6580 0.5977
vn 0.4882 -0.6902 0.5340
vn 0.5127 -0.6720 0.5343
vn -0.0147 0.6619 0.7494
vn -0.0768 0.7197 0.6900
vn -0.0195 0.6882 0.7253
vn -0.7496 -0.2181 -0.6249
vn -0.7878 -0.2365 -0.5687
vn -0.6817 -0.2283 -0.6951
vn -0.6981 -0.2380 -0.6753
vn -0.7047 0.2466 0.6653
vn -0.7191 0.3082 0.6229
vn -0.7611 0.3019 0.5741
vn -0.6975 0.3400 0.6308
vn 0.1800 0.2254 0.9575
vn 0.1834 0.1727 0.9678
vn 0.1904 0.2020 0.9607
vn -0.1815 0.2222 -0.9580
vn -0.2483 0.1551 -0.9562
vn -0.2199 0.1858 -0.9577
vn -0.1286 -0.9892 -0.0710
vn -0.0632 -0.9872 -0.1467
vn 0.0160 -0.9973 -0.0715
vn -0.0119 -0.9968 -0.0794
vn -0.0890 0.2299 -0.9691
vn -0.1093 0.1742 -0.9786
vn -0.1578 0.2942 -0.9426
vn 0.9552 -0.2882 -0.0675
vn 0.9755 -0.1934 -0.1054
vn 0.9699 -0.2329 0.0714
vn 0.9494 -0.3141 -0.0048
vn 0.3996 0.4728 -0.7854
vn 0.4552 0.4625 -0.7609
vn 0.4180 0.3483 -0.8391
vn 0.3745 0.4058 -0.8337
vn -0.2316 0.1838 0.9553
vn -0.1648 0.1037 0.9809
vn -0.2661 0.1362 0.9543
vn -0.0534 0.1595 0.9857
vn -0.0534 0.1103 0.9925
vn 0.0260 0.1661 0.9858
vn -0.0384 0.1864 0.9817
vn 0.9520 -0.0928 -0.2917
vn 0.9317 0.0057 -0.3633
vn 0.9884 0.0542 -0.1420
vn 0.9806 0.0083 -0.1959
vn -0.8345 -0.0408 -0.5494
vn -0.8344 -0.0520 -0.5487
vn -0.8510 -0.0275 -0.5245
vn -0.8427 -0.0169 -0.5381
vn -0.7687 -0.1561 -0.6203
vn -0.7543 0.0748 -0.6523
vn -0.7786 0.0293 -0.6269
vn -0.8245 -0.0882 -0.5590
vn -0.5367 0.1928 -0.8214
vn -0.5090 0.1609 -0.8456
vn -0.5334 0.1825 -0.8259
vn 0.7125 -0.3960 -0.5792
vn 0.6735 -0.4088 -0.6159
vn 0.6968 -0.3913 -0.6012
vn 0.1395 0.0878 0.9863
vn 0.1545 0.0716 0.9854
vn 0.1892 0.1060 0.9762
vn -0.0725 0.6824 -0.7273
vn -0.0168 0.7101 -0.7039
vn -0.0442 0.6723 -0.7389
vn 0.5935 0.8042 0.0315
vn 0.5784 0.8130 0.0666
vn 0.6193 0.7828 0.0598
vn -0.1585 -0.3103 0.9373
vn -0.1443 -0.3042 0.9416
vn -0.1628 -0.2908 0.9428
vn -0.1615 -0.3033 0.9391
vn 0.4830 0.8756 -0.0056
vn 0.3925 0.9197 -0.0109
vn 0.4213 0.9065 0.0258
vn 0.1257 -0.2973 -0.9465
vn 0.0423 -0.2489 -0.9676
vn 0.0988 -0.1788 -0.9789
vn -0.2501 -0.1974 0.9479
vn -0.2479 -0.2016 0.9476
vn -0.2493 -0.1949 0.9486
vn -0.2050 -0.0383 0.9780
vn -0.1514 -0.0208 0.9883
vn -0.1664 -0.0345 0.9855
vn -0.2179 0.0001 0.9760
vn 0.0060 0.9491 -0.3149
vn 0.0442 0.9096 -0.4131
vn 0.0035 0.9245 -0.3811
vn 0.7371 0.2139 0.6410
vn 0.7165 0.1820 0.6734
vn 0.7220 0.1659 0.6717
vn 0.7502 0.1317 0.6480
vn 0.3697 -0.9176 0.1461
vn 0.3338 -0.9402 0.0672
vn 0.3756 -0.9166 0.1371
vn 0.1268 0.6311 -0.7652
vn 0.1930 0.5302 -0.8256
vn 0.1481 0.5198 -0.8413
vn 0.1385 0.5673 -0.8118
vn -0.2368 -0.7519 -0.6152
vn -0.2438 -0.7531 -0.6110
vn -0.2437 -0.7526 -0.6117
vn -0.0817 -0.6290 0.7731
vn -0.0801 -0.6303 0.7722
vn -0.0767 -0.6304 0.7725
vn -0.1135 -0.0991 0.9886
vn -0.1121 -0.0974 0.9889
vn -0.1158 -0.1012 0.9881
vn -0.1268 -0.5460 0.8282
vn -0.0773 -0.6016 0.7951
vn -0.0737 -0.5340 0.8422
vn 0.2003 0.9489 -0.2440
vn 0.1779 0.9568 -0.2298
vn 0.2219 0.9606 -0.1671
vn 0.2307 0.9491 -0.2145
vn 0.3784 -0.5153 -0.7689
vn 0.3437 -0.5387 -0.7692
vn 0.3886 -0.4888 -0.7811
vn 0.0957 -0.1943 -0.9763
vn 0.0894 -0.2281 -0.9695
vn 0.0687 -0.2095 -0.9754
vn 0.1848 -0.0236 0.9825
vn 0.2391 -0.1106 0.9647
vn 0.2558 -0.0256 0.9664
vn 0.7237 0.2615 -0.6387
vn 0.7472 0.3420 -0.5698
vn 0.7822 0.3050 -0.5432
vn 0.7575 0.2196 -0.6148
vn 0.8673 -0.1180 0.4837
vn 0.8790 -0.1237 0.4605
vn 0.8689 -0.1169 0.4811
vn 0.5647 -0.0979 -0.8195
vn 0.5911 -0.1003 -0.8004
vn 0.5298 -0.1163 -0.8401
vn -0.8128 0.1657 0.5585
vn -0.7764 0.1422 0.6140
vn -0.7841 0.1774 0.5948
vn 0.0323 0.9992 0.0243
vn 0.0541 0.9984 0.0161
vn 0.0167 0.9995 -0.0269
vn -0.0151 0.9998 -0.0089
vn 0.7867 0.4799 -0.3883
vn 0.7422 0.5637 -0.3625
vn 0.7667 0.5312 -0.3606
vn -0.7849 0.0058 -0.6195
vn -0.7960 -0.0233 -0.6049
vn -0.8049 -0.0119 -0.5933
vn -0.7877 0.0137 -0.6159
vn 0.3362 0.5250 0.7819
vn 0.2912 0.5792 0.7614
vn 0.2866 0.6148 0.7348
vn 0.6621 -0.7470 0.0606
vn 0.6634 -0.7483 0.0038
vn 0.6713 -0.7405 -0.0319
vn 0.7687 -0.3805 -0.5141
vn 0.7666 -0.3683 -0.5260
vn 0.8018 -0.3951 -0.4483
vn -0.9673 0.0963 -0.2346
vn -0.9637 0.0283 -0.2655
vn -0.9591 -0.0563 -0.2775
vn -0.9901 0.0159 -0.1394
vn 0.0892 0.5747 0.8135
vn 0.0421 0.5941 0.8033
vn 0.0672 0.5595 0.8261
vn 0.8011 -0.4089 -0.4372
vn -0.1708 -0.9756 0.1379
vn 0.8053 -0.4033 -0.4346
vn 0.5879 0.4779 -0.6527
vn 0.6133 0.4382 -0.6571
vn 0.5989 0.4624 -0.6538
vn 0.6107 0.7666 0.1984
vn 0.6173 0.7625 0.1936
vn 0.5667 0.8001 0.1966
vn 0.5832 0.7829 0.2164
vn 0.4410 -0.8549 0.2734
vn 0.4477 -0.8171 0.3632
vn 0.4483 -0.8452 0.2910
vn 0.6132 0.5008 -0.6109
vn 0.6263 0.5139 -0.5862
vn 0.6041 0.4886 -0.6296
vn 0.7519 0.6590 -0.0174
vn 0.6965 0.7148 -0.0629
vn 0.6939 0.7185 -0.0478
vn 0.5728 -0.8002 0.1775
vn 0.5664 -0.8107 0.1480
vn 0.6023 -0.7952 0.0698
vn -0.5582 0.5452 0.6254
vn -0.5496 0.6382 0.5392
vn -0.5816 0.5948 0.5549
vn -0.3668 0.3922 0.8436
vn -0.4786 0.3459 0.8070
vn -0.3856 0.2941 0.8745
vn -0.1855 -0.9818 -0.0397
vn -0.1864 -0.9820 -0.0297
vn -0.1858 -0.9818 -0.0384
vn 0.4130 -0.9024 0.1227
vn 0.4494 -0.8866 0.1094
vn 0.5124 -0.8457 0.1492
vn 0.4582 -0.8642 0.2078
vn -0.2592 -0.0095 0.9658
vn -0.2800 0.0049 0.9600
vn -0.2468 -0.0164 0.9689
vn -0.4361 -0.5346 0.7239
vn -0.4321 -0.5477 0.7164
vn -0.3995 -0.5558 0.7291
vn -0.5326 0.4166 -0.7367
vn -0.5339 0.4459 -0.7184
vn -0.4375 0.4295 -0.7900
vn -0.4737 0.4069 -0.7810
vn 0.1573 -0.5094 0.8460
vn 0.1896 -0.5377 0.8215
vn 0.2084 -0.5060 0.8369
vn -0.1589 0.3802 -0.9111
vn -0.3677 0.4598 -0.8083
vn -0.3759 0.4695 -0.7989
vn -0.1899 0.5629 -0.8045
vn -0.1088 -0.3564 -0.9280
vn -0.0964 -0.4256 -0.8998
vn -0.1006 -0.3639 -0.9260
vn -0.0829 -0.3760 -0.9229
vn 0.1994 0.4860 -0.8509
vn 0.2260 0.5196 -0.8240
vn 0.2294 0.5656 -0.7921
vn 0.3198 0.5058 -0.8012
vn 0.1091 0.1449 -0.9834
vn 0.1338 0.0152 -0.9909
vn 0.0791 0.0697 -0.9944
vn -0.0012 0.1112 -0.9938
vn 0.9650 -0.1823 -0.1883
vn 0.9733 -0.1856 -0.1349
vn 0.9538 -0.1538 -0.2581
vn 0.9346 -0.2032 -0.2919
vn 0.6910 -0.7197 -0.0674
vn 0.6445 -0.7638 -0.0349
vn 0.6614 -0.7293 -0.1752
vn 0.6900 -0.7079 -0.1507
vn -0.4945 0.1383 -0.8581
vn -0.3897 0.1435 -0.9097
vn -0.4427 0.1444 -0.8850
vn -0.9939 0.0844 -0.0706
vn -0.9934 0.0891 -0.0725
vn -0.9905 0.1042 -0.0898
vn -0.4863 -0.7086 0.5113
vn -0.4578 -0.7317 0.5050
vn -0.4790 -0.6988 0.5313
vn -0.6446 0.7496 0.1505
vn -0.5976 0.7891 0.1424
vn -0.6539 0.7472 0.1189
vn 0.2512 0.1908 -0.9489
vn 0.2226 0.1413 -0.9646
vn 0.2110 0.1611 -0.9641
vn -0.4714 -0.8735 0.1219
vn -0.4898 -0.8675 0.0874
vn -0.4435 -0.8944 0.0574
vn -0.4636 -0.8757 0.1347
vn 0.7786 0.2614 0.5705
vn 0.7147 0.2032 0.6693
vn 0.7701 0.1179 0.6270
vn 0.8022 0.1289 0.5831
vn 0.7608 -0.6445 0.0762
vn 0.7422 -0.6698 0.0223
vn 0.7495 -0.6609 0.0372
vn -0.0668 0.8907 -0.4497
vn 0.0101 0.9029 -0.4298
vn 0.0540 0.8492 -0.5253
vn 0.0570 0.8658 -0.4971
vn 0.8875 0.1187 0.4452
vn 0.8955 0.2547 0.3650
vn 0.8917 0.2543 0.3744
vn 0.8698 0.2025 0.4499
vn -0.8659 -0.4726 0.1640
vn -0.9311 -0.3444 0.1199
vn -0.8834 -0.4538 0.1169
vn 0.3690 -0.4293 -0.8243
vn 0.3170 -0.4630 -0.8277
vn 0.3553 -0.3846 -0.8520
vn 0.8989 0.4370 0.0309
vn 0.9021 0.4259 0.0701
vn 0.9455 0.3256 -0.0062
vn 0.9289 0.3700 -0.0127
vn -0.2164 0.0257 -0.9760
vn -0.0838 -0.0032 -0.9965
vn -0.0287 0.0987 -0.9947
vn -0.2470 0.1034 -0.9635
vn -0.4872 -0.7450 0.4556
vn -0.4781 -0.7485 0.4596
vn -0.4588 -0.7490 0.4779
vn 0.5302 -0.3287 -0.7816
vn 0.4916 -0.3228 -0.8088
vn 0.5150 -0.2856 -0.8082
vn 0.5392 -0.3166 -0.7804
vn 0.2574 0.2129 -0.9425
vn 0.2241 0.2290 -0.9473
vn 0.1763 0.2408 -0.9544
vn -0.0020 -0.9997 -0.0231
vn 0.0065 -0.9978 0.0655
vn -0.0041 -0.9992 -0.0385
vn 0.0228 -0.9959 -0.0881
vn -0.1233 0.3138 -0.9414
vn -0.1224 0.2930 -0.9483
vn -0.1292 0.2913 -0.9479
vn -0.4640 -0.6263 0.6264
vn -0.4495 -0.6438 0.6192
vn -0.4380 -0.6479 0.6232
vn -0.4785 -0.7519 -0.4536
vn -0.4843 -0.7371 -0.4714
vn -0.0845 0.4797 0.8733
vn -0.0636 0.5002 0.8636
vn -0.0972 0.5310 0.8418
vn -0.0993 0.5116 0.8534
vn -0.1235 0.7957 -0.5929
vn -0.1206 0.8034 -0.5832
vn 0.5951 0.7985 0.0908
vn 0.5878 0.7999 0.1211
vn 0.5545 0.8116 0.1840
vn 0.2444 -0.0780 -0.9665
vn 0.2133 -0.0664 -0.9747
vn 0.2779 -0.0801 -0.9573
vn -0.6008 0.3608 -0.7134
vn -0.6057 0.2736 -0.7472
vn -0.5948 0.3439 -0.7266
vn 0.2717 -0.4621 0.8442
vn 0.3182 -0.4751 0.8204
vn 0.3167 -0.4690 0.8245
vn 0.9572 0.2663 0.1136
vn 0.9637 0.2474 0.1003
vn 0.9466 0.3185 0.0508
vn 0.9411 0.3120 0.1306
vn 0.6533 -0.5508 0.5195
vn 0.6719 -0.5300 0.5173
vn 0.6615 -0.5391 0.5213
vn -0.0318 0.0506 0.9982
vn -0.0471 -0.0097 0.9988
vn -0.0012 -0.0219 0.9998
vn -0.6095 0.3519 -0.7105
vn -0.6040 0.3197 -0.7300
vn -0.5799 0.3617 -0.7300
vn -0.4339 0.6167 0.6568
vn -0.4714 0.5808 0.6637
vn -0.4429 0.5336 0.7205
vn -0.4332 0.5358 0.7248
vn 0.4860 -0.7370 -0.4696
vn 0.4806 -0.7303 -0.4855
vn 0.4890 -0.7158 -0.4986
vn 0.4892 -0.7296 -0.4778
vn 0.9712 0.1911 -0.1425
vn 0.9672 0.2198 -0.1276
vn 0.9805 0.1047 -0.1661
vn 0.9794 0.0761 -0.1870
vn 0.1337 -0.6532 -0.7453
vn 0.1309 -0.6454 -0.7526
vn 0.1264 -0.6587 -0.7417
vn 0.1247 -0.6421 -0.7564
vn 0.8505 0.1187 0.5124
vn 0.8264 0.2123 0.5216
vn 0.7778 0.1580 0.6084
vn 0.7750 0.1252 0.6194
vn -0.3195 -0.9084 0.2697
vn -0.3216 -0.9076 0.2699
vn -0.3181 -0.9087 0.2702
vn -0.1057 -0.5237 0.8453
vn -0.0638 -0.4893 0.8698
vn -0.0860 -0.4700 0.8785
vn -0.1322 -0.4692 0.8731
vn -0.2665 -0.0246 -0.9635
vn -0.2743 -0.0240 -0.9613
vn -0.2966 -0.0318 -0.9545
vn 0.0468 -0.2262 -0.9730
vn 0.0636 -0.2559 -0.9646
vn 0.0087 -0.1932 -0.9811
vn 0.4833 -0.2712 0.8324
vn 0.4574 -0.3146 0.8317
vn 0.5261 -0.3091 0.7923
vn 0.5141 -0.3173 0.7969
vn -0.0662 -0.2094 0.9756
vn -0.0973 -0.2508 0.9631
vn -0.0157 -0.3168 0.9484
vn -0.0224 -0.2709 0.9623
vn 0.9402 0.3374 0.0465
vn 0.9204 0.3722 0.1199
vn 0.9163 0.3750 0.1403
vn 0.6354 -0.7720 -0.0133
vn 0.5894 -0.8018 -0.0986
vn 0.6233 -0.7808 -0.0423
vn 0.3684 -0.8942 -0.2544
vn 0.3645 -0.9040 -0.2235
vn 0.8655 0.0173 -0.5005
vn 0.8440 0.0457 -0.5344
vn 0.8696 0.0366 -0.4924
vn 0.2471 0.1835 0.9515
vn 0.2475 0.2409 0.9385
vn 0.2494 0.1189 0.9611
vn 0.9218 0.1098 0.3717
vn 0.9156 0.0411 0.3999
vn 0.9397 0.0496 0.3383
vn 0.9206 0.1092 0.3749
vn -0.0291 0.8716 -0.4894
vn 0.0104 0.8809 -0.4733
vn 0.0066 0.8562 -0.5166
vn -0.0610 -0.3363 -0.9398
vn -0.0725 -0.3215 -0.9441
vn -0.0709 -0.3215 -0.9442
vn 0.6558 -0.2964 -0.6943
vn 0.7281 -0.2099 -0.6525
vn 0.7429 -0.2777 -0.6091
vn 0.5240 -0.5622 -0.6399
vn 0.3868 -0.6141 -0.6880
vn 0.4494 -0.5534 -0.7013
vn 0.4909 -0.5581 -0.6690
vn 0.1649 0.4345 0.8854
vn 0.1516 0.4136 0.8977
vn 0.1397 0.3988 0.9063
vn 0.0287 0.2099 0.9773
vn 0.0571 0.2061 0.9769
vn 0.0673 0.2270 0.9716
vn 0.1002 0.4499 0.8875
vn 0.0791 0.4918 0.8671
vn -0.0286 0.4576 0.8887
vn 0.0788 0.4201 0.9040
vn -0.7231 0.1724 0.6689
vn -0.7193 0.1657 0.6746
vn -0.7178 0.1884 0.6702
vn 0.6300 -0.0913 0.7712
vn 0.6234 -0.1324 0.7706
vn 0.5814 -0.1367 0.8020
vn -0.0793 -0.0616 -0.9949
vn -0.0257 -0.1488 -0.9885
vn -0.1114 -0.1512 -0.9822
vn -0.2010 -0.0649 -0.9774
vn -0.7034 -0.2812 -0.6528
vn -0.7140 -0.2748 -0.6439
vn -0.6738 -0.2523 -0.6945
vn 0.9029 -0.2502 -0.3494
vn 0.8932 -0.2752 -0.3555
vn 0.8965 -0.2350 -0.3755
vn 0.1031 0.7087 -0.6979
vn 0.0365 0.6653 -0.7457
vn 0.0551 0.6968 -0.7151
vn 0.0582 0.7131 -0.6987
vn -0.6610 0.3695 0.6531
vn -0.7431 0.2779 0.6087
vn -0.7173 0.2806 0.6377
vn -0.6468 0.3586 0.6731
vn -0.3497 0.9142 0.2050
vn -0.2736 0.9119 0.3060
vn -0.2893 0.9105 0.2955
vn -0.3184 0.9233 0.2150
vn -0.4435 -0.1430 -0.8848
vn -0.4217 -0.1453 -0.8950
vn -0.3805 -0.1187 -0.9171
vn 0.1770 -0.9822 -0.0627
vn 0.1922 -0.9787 -0.0726
vn 0.1875 -0.9806 -0.0578
vn 0.9893 0.1425 0.0299
vn 0.9800 0.1783 0.0890
vn 0.9675 0.2315 -0.1019
vn 0.9736 0.2177 0.0684
vn 0.0170 -0.9990 0.0406
vn 0.0117 -0.9999 0.0080
vn 0.0318 -0.9993 0.0216
vn -0.1225 0.1787 0.9762
vn -0.0959 0.2350 0.9672
vn -0.0700 0.2512 0.9654
vn 0.9620 -0.2647 0.0662
vn 0.9512 -0.2900 0.1051
vn 0.9580 -0.2796 0.0642
vn 0.8082 0.1658 -0.5651
vn 0.8355 0.1799 -0.5191
vn 0.7937 0.1022 -0.5997
vn 0.1362 0.5199 0.8433
vn -0.0039 0.5320 0.8468
vn 0.0375 0.5093 0.8598
vn 0.1321 0.5316 0.8366
vn -0.5522 -0.7590 -0.3450
vn -0.5837 -0.7195 -0.3763
vn -0.5619 -0.7300 -0.3890
vn -0.6021 -0.7203 -0.3446
vn -0.4354 -0.5770 0.6910
vn -0.4802 -0.6019 0.6380
vn -0.4478 -0.5869 0.6746
vn -0.3600 0.2191 -0.9069
vn -0.4531 0.2218 -0.8635
vn -0.4230 0.2862 -0.8597
vn 0.0418 0.3019 -0.9524
vn -0.0228 0.2438 -0.9695
vn -0.0164 0.2896 -0.9570
vn 0.5996 -0.4517 -0.6607
vn 0.5973 -0.4283 -0.6781
vn 0.6339 -0.4199 -0.6495
vn 0.7854 -0.0572 -0.6164
vn 0.8030 -0.0473 -0.5941
vn 0.7842 -0.1094 -0.6108
vn 0.7747 -0.0724 -0.6282
vn -0.3832 -0.1621 -0.9093
vn -0.4233 -0.1850 -0.8869
vn -0.3920 -0.1214 -0.9119
vn -0.3971 -0.1164 -0.9104
vn 0.9920 0.0609 0.1110
vn 0.9953 0.0070 0.0961
vn 0.9992 0.0343 0.0220
vn 0.9978 0.0478 0.0454
vn 0.8431 -0.0091 -0.5377
vn 0.8688 -0.0440 -0.4931
vn 0.8449 -0.0683 -0.5305
vn 0.8287 -0.0448 -0.5579
vn -0.8776 0.4738 -0.0734
vn -0.9471 0.3021 0.1085
vn -0.9549 0.2967 0.0106
vn -0.9008 0.4343 -0.0035
vn -0.9968 -0.0510 0.0609
vn -0.9955 -0.0708 0.0629
vn -0.9941 -0.0536 0.0939
vn -0.9970 -0.0302 0.0714
vn 0.1438 0.6348 -0.7592
vn 0.2476 0.7323 -0.6344
vn 0.3094 0.6819 -0.6628
vn 0.2460 0.6585 -0.7112
vn -0.0626 -0.9600 0.2729
vn -0.0168 -0.9702 0.2418
vn -0.0267 -0.9539 0.2991
vn -0.8366 -0.3524 -0.4195
vn -0.8412 -0.3634 -0.4005
vn -0.8401 -0.3380 -0.4242
vn 0.8765 -0.3100 0.3684
vn 0.8014 -0.4238 0.4220
vn 0.9015 -0.3300 0.2800
vn 0.3180 0.1369 -0.9381
vn 0.3555 0.0580 -0.9329
vn 0.2599 -0.0325 -0.9651
vn 0.5883 -0.7866 -0.1875
vn 0.5463 -0.8146 -0.1948
vn 0.5885 -0.7837 -0.1986
vn -0.2917 0.0392 -0.9557
vn -0.3164 0.0098 -0.9486
vn -0.3369 0.0634 -0.9394
vn 0.1142 0.3731 -0.9207
vn 0.1039 0.4634 -0.8800
vn 0.1114 0.4170 -0.9020
vn -0.7040 -0.6688 0.2391
vn -0.7031 -0.6812 0.2041
vn -0.6655 -0.7203 0.1959
vn 0.2446 0.6601 0.7103
vn 0.2303 0.6834 0.6928
vn 0.1984 0.6314 0.7497
vn 0.2045 0.6228 0.7552
vn 0.3089 -0.2443 0.9192
vn 0.2595 -0.2758 0.9255
vn 0.2272 -0.3739 0.8992
vn 0.8422 -0.3521 0.4084
vn 0.8465 -0.3904 0.3618
vn 0.8418 -0.3809 0.3825
vn 0.4593 -0.3752 0.8051
vn 0.4913 -0.4604 0.7393
vn 0.4945 -0.3839 0.7798
vn 0.4654 -0.4160 0.7813
vn 0.1805 -0.1172 -0.9766
vn 0.1861 -0.2180 -0.9580
vn 0.1185 -0.2050 -0.9716
vn -0.9937 0.0728 -0.0856
vn -0.9939 0.0678 -0.0870
vn -0.9939 0.0723 -0.0833
vn 0.3154 0.3564 -0.8795
vn 0.3026 0.3623 -0.8816
vn 0.3283 0.3845 -0.8628
vn 0.3283 0.3658 -0.8709
vn 0.1747 0.5982 -0.7821
vn 0.1827 0.5467 -0.8171
vn 0.1452 0.5862 -0.7970
vn -0.8833 0.0112 -0.4688
vn -0.8937 0.0161 -0.4484
vn -0.8911 0.0224 -0.4533
vn -0.6585 0.1032 -0.7455
vn -0.5802 0.1676 -0.7971
vn -0.5184 0.1922 -0.8333
vn -0.5396 0.0251 -0.8416
vn -0.2029 -0.2479 -0.9473
vn -0.2340 -0.2866 -0.9290
vn -0.3702 -0.2515 -0.8943
vn -0.2166 -0.1831 -0.9589
vn -0.6186 0.7724 -0.1439
vn -0.6931 0.7039 -0.1554
vn -0.6071 0.7923 -0.0602
vn -0.6173 0.7747 -0.1370
vn 0.0725 -0.9932 -0.0911
vn 0.1094 -0.9857 -0.1278
vn 0.0674 -0.9952 -0.0703
vn 0.3903 0.2190 0.8943
vn 0.3874 0.1466 0.9102
vn 0.4078 0.1788 0.8954
vn -0.3992 0.4215 0.8142
vn -0.3583 0.4025 0.8424
vn -0.3682 0.4777 0.7977
vn -0.4031 0.4777 0.7806
vn -0.7862 0.4828 -0.3859
vn -0.7922 0.4920 -0.3610
vn -0.7860 0.4942 -0.3713
vn -0.7902 0.4753 -0.3868
vn -0.1231 0.1098 0.9863
vn -0.1133 -0.0151 0.9934
vn -0.1364 0.0233 0.9904
vn 0.0970 0.5031 0.8588
vn 0.0915 0.5482 0.8313
vn 0.0792 0.5337 0.8419
vn 0.4191 0.8454 -0.3312
vn 0.3890 0.8503 -0.3545
vn 0.3701 0.8873 -0.2753
vn 0.4421 0.8646 -0.2388
vn 0.1884 0.6387 0.7461
vn 0.1658 0.6458 0.7453
vn 0.1641 0.6026 0.7810
vn 0.3945 -0.7672 0.5058
vn 0.4548 -0.7400 0.4955
vn 0.4328 -0.7363 0.5202
vn 0.0774 -0.4603 -0.8844
vn 0.0645 -0.3493 -0.9348
vn 0.1735 -0.4631 -0.8691
vn 0.6744 -0.4067 0.6163
vn 0.7087 -0.3923 0.5864
vn 0.7133 -0.3391 0.6134
vn 0.7366 -0.3063 0.6030
vn -0.1882 -0.9821 0.0034
vn -0.0729 -0.9964 0.0440
vn -0.0775 -0.9953 0.0587
vn -0.4492 -0.2292 -0.8635
vn -0.5039 -0.3109 -0.8059
vn -0.4615 -0.2035 -0.8635
vn 0.7580 -0.6485 0.0703
vn 0.7467 -0.6565 0.1072
vn 0.7494 -0.6576 0.0776
vn 0.3445 0.8230 0.4517
vn 0.3912 0.8133 0.4308
vn 0.3161 0.8301 0.4594
vn 0.0793 0.6462 -0.7590
vn 0.1060 0.6347 -0.7655
vn 0.0514 0.6331 -0.7723
vn 0.0060 -0.5884 -0.8085
vn -0.0111 -0.6226 -0.7825
vn -0.0149 -0.5902 -0.8071
vn 0.8009 -0.2210 -0.5565
vn 0.8187 -0.2172 -0.5315
vn 0.8326 -0.2500 -0.4943
vn -0.4052 0.5570 -0.7250
vn -0.4040 0.5783 -0.7088
vn -0.3668 0.4976 -0.7860
vn -0.3942 0.5120 -0.7631
vn 0.1943 -0.3481 -0.9171
vn 0.1452 -0.3942 -0.9075
vn 0.1048 -0.3768 -0.9203
vn 0.0819 -0.2606 -0.9620
vn -0.2904 -0.1977 0.9363
vn -0.2269 -0.2017 0.9528
vn -0.2449 -0.1851 0.9517
vn -0.2540 -0.1837 0.9496
vn -0.7634 0.1186 -0.6349
vn -0.0607 0.4326 -0.8995
vn 0.0337 0.5064 -0.8616
vn 0.0551 0.4460 -0.8933
vn -0.1075 -0.9594 0.2608
vn -0.2463 -0.9140 0.3225
vn -0.1748 -0.9596 0.2207
vn -0.1858 -0.9475 0.2601
vn 0.1437 -0.5906 -0.7941
vn 0.0981 -0.5207 -0.8481
vn 0.0809 -0.4749 -0.8763
vn -0.2128 0.9739 -0.0786
vn -0.2312 0.9666 -0.1104
vn -0.2338 0.9703 -0.0618
vn 0.7815 -0.0960 -0.6165
vn 0.8220 -0.0443 -0.5678
vn 0.8058 -0.0592 -0.5893
vn 0.7915 -0.0473 -0.6093
vn 0.7910 -0.6107 0.0372
vn 0.7899 -0.6127 0.0268
vn 0.8312 -0.5556 0.0200
vn 0.0961 -0.9908 0.0954
vn 0.0814 -0.9947 0.0629
vn 0.1045 -0.9923 0.0671
vn -0.2753 -0.8303 0.4846
vn -0.2447 -0.8462 0.4734
vn -0.2522 -0.8258 0.5044
vn -0.5793 -0.3196 0.7498
vn -0.5689 -0.3884 0.7249
vn -0.4713 -0.4149 0.7783
vn -0.3722 0.8895 -0.2652
vn -0.3574 0.9173 -0.1753
vn -0.3246 0.8929 -0.3120
vn -0.0752 -0.9941 0.0776
vn -0.0724 -0.9946 0.0748
vn -0.0369 -0.9983 -0.0456
vn -0.0776 -0.9935 0.0837
vn 0.3862 0.0368 0.9217
vn 0.3779 0.0065 0.9258
vn 0.4255 0.0110 0.9049
vn 0.7738 -0.1607 0.6127
vn 0.8048 -0.1357 0.5779
vn 0.8122 -0.1169 0.5715
vn 0.7703 -0.1064 0.6288
vn -0.5668 -0.3571 -0.7424
vn -0.4794 -0.4681 -0.7423
vn -0.4840 -0.5682 -0.6655
vn -0.5535 -0.4551 -0.6975
vn -0.1333 0.3533 -0.9260
vn -0.1772 0.3336 -0.9259
vn -0.2081 0.3299 -0.9208
vn 0.2310 0.9687 0.0905
vn 0.2141 0.9763 0.0315
vn 0.2125 0.9738 0.0808
vn 0.1942 0.9752 0.1059
vn 0.8793 0.1019 -0.4653
vn 0.8724 -0.0308 -0.4878
vn 0.8647 0.0328 -0.5012
vn 0.8705 0.1187 -0.4776
vn -0.6517 0.7546 -0.0772
vn -0.6210 0.7787 -0.0894
vn -0.6060 0.7836 -0.1373
vn -0.6508 0.7442 -0.1502
vn 0.4232 -0.0436 -0.9050
vn 0.3342 -0.0942 -0.9378
vn 0.2215 0.0024 -0.9752
vn -0.4461 0.0269 -0.8946
vn -0.5065 -0.0345 -0.8616
vn -0.5121 0.0374 -0.8581
vn -0.4529 0.0383 -0.8908
vn -0.3225 0.1091 0.9402
vn -0.3903 0.0803 0.9172
vn -0.2161 0.1339 0.9671
vn -0.3382 0.1914 0.9214
vn -0.1510 0.8387 -0.5232
vn -0.1975 0.8821 -0.4277
vn -0.0989 0.8635 -0.4945
vn -0.2524 -0.3492 0.9024
vn -0.2409 -0.3287 0.9132
vn -0.2475 -0.3452 0.9053
vn 0.5213 -0.7368 0.4306
vn 0.4553 -0.1846 0.8710
vn 0.5314 -0.2723 0.8022
vn 0.5519 -0.2503 0.7954
vn 0.4581 -0.1656 0.8733
vn 0.7348 0.2746 0.6202
vn 0.6676 0.3895 0.6345
vn 0.6768 0.3563 0.6442
vn 0.7164 0.3044 0.6278
vn 0.2757 -0.9415 -0.1941
vn 0.3260 -0.9353 -0.1377
vn 0.3913 -0.9095 -0.1403
vn 0.2000 -0.9390 -0.2799
vn -0.2301 0.3744 0.8982
vn -0.3912 0.4171 0.8204
vn -0.3998 0.4374 0.8055
vn -0.2671 0.4193 0.8677
vn 0.5113 0.3740 -0.7738
vn 0.4654 0.3481 -0.8137
vn 0.4627 0.3732 -0.8041
vn 0.4804 0.3902 -0.7854
vn 0.3947 0.7522 -0.5276
vn 0.4196 0.7829 -0.4593
vn 0.4249 0.7705 -0.4752
vn 0.4255 0.7527 -0.5024
vn 0.3772 0.8349 0.4008
vn 0.3309 0.8617 0.3846
vn 0.3603 0.8509 0.3822
vn 0.1886 -0.6601 0.7271
vn 0.1936 -0.6568 0.7288
vn 0.2240 -0.6297 0.7438
vn 0.1715 -0.6377 0.7509
vn 0.9478 0.0021 0.3189
vn 0.9404 -0.1426 0.3088
vn 0.9545 -0.0343 0.2963
vn 0.4439 -0.2968 0.8455
vn 0.4642 -0.3232 0.8246
vn 0.5687 -0.2387 0.7872
vn 0.4587 -0.2422 0.8549
vn 0.2980 -0.5367 0.7894
vn 0.2402 -0.6425 0.7277
vn 0.2909 -0.6385 0.7125
vn 0.2793 -0.7202 0.6351
vn -0.2925 -0.9259 0.2391
vn -0.3455 -0.9132 0.2159
vn 0.0318 0.4336 -0.9005
vn 0.0517 0.4508 -0.8911
vn 0.0789 0.4393 -0.8949
vn 0.0941 0.3965 -0.9132
vn 0.4776 -0.8359 0.2706
vn 0.4654 -0.8570 0.2212
vn 0.4857 -0.8340 0.2617
vn -0.3180 0.0982 -0.9430
vn -0.3450 0.0544 -0.9370
vn -0.3243 0.1111 -0.9394
vn -0.1999 0.4042 0.8926
vn -0.1503 0.3875 0.9095
vn -0.1889 0.2613 0.9466
vn -0.1405 0.2701 0.9525
vn 0.5319 -0.4149 0.7382
vn 0.5239 -0.4253 0.7380
vn 0.5314 -0.4229 0.7340
vn -0.3341 0.9254 0.1789
vn -0.5080 0.2440 -0.8261
vn -0.3425 0.9277 0.1484
vn -0.3776 0.9133 0.1527
vn -0.7483 0.0999 0.6558
vn -0.7970 0.0648 0.6005
vn -0.7697 0.0534 0.6362
vn -0.2012 0.0381 0.9788
vn -0.1724 0.0331 0.9845
vn -0.1982 0.0391 0.9794
vn 0.1968 0.9437 0.2660
vn 0.2185 0.9439 0.2477
vn 0.1363 0.9519 0.2743
vn -0.2776 -0.1455 -0.9496
vn -0.2741 -0.1897 -0.9428
vn -0.2810 -0.1617 -0.9460
vn 0.0919 0.5864 0.8048
vn 0.0416 0.5696 0.8209
vn 0.0389 0.5183 0.8543
vn 0.1660 0.5834 0.7950
vn -0.4243 -0.5577 -0.7134
vn -0.3465 -0.5709 -0.7443
vn -0.3333 -0.5247 -0.7834
vn -0.4196 -0.5407 -0.7291
vn -0.8312 -0.0225 0.5555
vn -0.8285 -0.0263 0.5593
vn -0.8030 -0.0242 0.5956
vn -0.2009 0.6080 -0.7681
vn -0.2375 0.5415 -0.8065
vn -0.2717 0.4676 -0.8412
vn -0.3284 0.4451 -0.8331
vn -0.3462 -0.5319 0.7728
vn -0.3601 -0.4491 0.8177
vn -0.4306 -0.4820 0.7631
vn -0.3517 -0.5664 0.7453
vn -0.2952 0.3456 -0.8908
vn -0.2804 0.3612 -0.8893
vn -0.2375 0.3668 -0.8995
vn -0.2509 0.3363 -0.9077
vn -0.2382 -0.1036 -0.9657
vn -0.2324 -0.0981 -0.9677
vn -0.2477 -0.1187 -0.9615
vn 0.1400 0.8953 -0.4229
vn 0.1355 0.9177 -0.3734
vn 0.1967 0.9100 -0.3649
vn 0.1809 0.8964 -0.4047
vn -0.3916 -0.9101 -0.1358
vn -0.4150 -0.8982 -0.1446
vn -0.4296 -0.8791 -0.2064
vn -0.0550 -0.1086 -0.9926
vn -0.0243 -0.2605 -0.9652
vn 0.0073 -0.2554 -0.9668
vn 0.1663 -0.1483 -0.9749
vn -0.1619 -0.1165 0.9799
vn -0.1691 -0.0794 0.9824
vn -0.1812 -0.0960 0.9788
vn -0.1612 -0.1171 0.9800
vn 0.8678 -0.1575 0.4714
vn 0.8730 -0.2207 0.4348
vn 0.8698 -0.2241 0.4395
vn -0.1866 0.9141 0.3601
vn -0.1603 0.9297 0.3317
vn -0.2345 0.9104 0.3408
vn 0.4462 -0.2136 0.8691
vn 0.4520 -0.2178 0.8650
vn 0.4445 -0.2058 0.8718
vn 0.4150 0.8423 0.3439
vn 0.3508 0.8624 0.3650
vn 0.3423 0.8572 0.3848
vn 0.3363 0.8299 0.4452
vn 0.7075 0.2944 0.6425
vn 0.7424 0.2758 0.6105
vn 0.6750 0.3773 0.6341
vn -0.5457 0.1026 0.8317
vn -0.5500 0.0538 0.8334
vn -0.5084 0.0952 0.8559
vn 0.8153 0.5578 -0.1554
vn 0.8311 0.5344 -0.1538
vn 0.8340 0.5136 -0.2018
vn 0.8099 0.5563 -0.1859
vn -0.7692 0.6234 0.1404
vn -0.7554 0.6481 0.0966
vn -0.7818 0.6143 0.1069
vn 0.0823 0.0131 0.9965
vn 0.1080 -0.0049 0.9941
vn 0.1619 0.0206 0.9866
vn 0.1336 0.0636 0.9890
vn -0.4183 0.2890 0.8611
vn -0.4913 0.2662 0.8293
vn -0.5223 0.2531 0.8143
vn 0.7250 0.1118 0.6796
vn 0.8196 0.0851 0.5666
vn 0.7457 0.2186 0.6294
vn 0.4915 -0.6172 -0.6144
vn 0.4950 -0.6200 -0.6087
vn 0.4804 -0.6095 -0.6307
vn 0.5857 0.1504 -0.7964
vn 0.4920 0.1929 -0.8489
vn 0.5323 0.1948 -0.8238
vn 0.1333 0.0094 -0.9910
vn 0.1081 -0.0307 -0.9937
vn 0.0394 -0.0313 -0.9987
vn 0.0795 -0.8113 0.5792
vn 0.0797 -0.8101 0.5809
vn 0.0797 -0.8056 0.5871
vn 0.0902 0.9634 0.2525
vn 0.0910 0.9806 0.1734
vn 0.0612 0.9804 0.1873
vn 0.0326 0.5666 -0.8234
vn 0.0343 0.5476 -0.8360
vn 0.0269 0.5347 -0.8446
vn -0.0012 0.5717 -0.8205
vn -0.0211 -0.9998 -0.0008
vn -0.0131 -0.9997 0.0191
vn -0.0224 -0.9997 -0.0090
vn -0.0205 -0.9997 -0.0091
vn -0.0017 -0.9986 -0.0522
vn 0.0115 -0.9984 -0.0562
vn 0.0241 -0.9977 -0.0640
vn 0.5088 0.8199 0.2626
vn 0.4665 0.8352 0.2913
vn 0.4376 0.8192 0.3707
vn -0.0646 -0.9559 -0.2864
vn -0.0654 -0.9560 -0.2860
vn -0.0670 -0.9560 -0.2855
vn 0.0432 0.0925 -0.9948
vn -0.0833 0.0243 -0.9962
vn -0.1149 0.1589 -0.9806
vn -0.5429 -0.8324 0.1115
vn -0.5431 -0.8313 0.1181
vn -0.5473 -0.8303 0.1051
vn 0.3513 0.2912 0.8898
vn 0.3153 0.2510 0.9152
vn 0.3629 0.2708 0.8916
vn 0.7721 0.2541 0.5825
vn 0.7331 0.3034 0.6087
vn 0.7154 0.3320 0.6148
vn 0.7240 0.2205 0.6536
vn 0.7222 0.2303 -0.6522
vn 0.7118 0.2053 -0.6717
vn 0.6936 0.2174 -0.6868
vn 0.7107 0.2461 -0.6591
vn 0.3773 -0.7475 -0.5467
vn 0.3741 -0.7436 -0.5542
vn 0.4118 -0.7120 -0.5688
vn 0.8394 -0.5092 0.1902
vn 0.8415 -0.5143 0.1653
vn 0.8363 -0.5287 0.1452
vn 0.9163 -0.2694 0.2963
vn 0.9175 -0.2163 0.3339
vn 0.9204 -0.2771 0.2758
vn -0.0026 -0.1675 0.9859
vn 0.0192 -0.1713 0.9850
vn 0.0185 -0.1688 0.9855
vn 0.8653 0.3768 0.3307
vn 0.8394 0.4439 0.3137
vn 0.8670 0.3928 0.3066
vn 0.8159 0.4261 0.3908
vn 0.0801 0.8344 0.5454
vn 0.1052 0.8495 0.5170
vn 0.0525 0.8197 0.5704
vn 0.1140 0.8301 0.5458
vn -0.0230 -0.1463 0.9890
vn -0.0966 -0.1420 0.9851
vn -0.0592 -0.1967 0.9787
vn -0.3899 0.9188 -0.0620
vn -0.3871 0.9147 -0.1163
vn -0.4212 0.8994 -0.1165
vn -0.4535 0.8882 -0.0743
vn 0.5232 -0.0380 0.8513
vn 0.4797 -0.0425 0.8764
vn 0.5180 -0.1050 0.8489
vn 0.3007 0.3476 0.8881
vn 0.3452 0.2686 0.8993
vn 0.3367 0.3185 0.8861
vn -0.5915 0.3583 -0.7223
vn -0.5615 0.3445 -0.7523
vn -0.5957 0.3797 -0.7078
vn -0.5878 0.3782 -0.7152
vn 0.8787 0.0244 0.4767
vn 0.8887 0.0493 0.4557
vn 0.8502 0.0266 0.5257
vn 0.8676 -0.0195 0.4970
vn 0.0641 0.6969 0.7143
vn -0.0733 0.7388 0.6699
vn -0.0367 0.7341 0.6781
vn 0.0929 0.7017 0.7064
vn 0.8250 0.1464 0.5459
vn 0.8476 0.0960 0.5218
vn 0.8629 0.1658 0.4773
vn 0.8008 0.1914 0.5675
vn -0.6149 -0.5182 -0.5944
vn -0.6156 -0.5170 -0.5948
vn 0.9648 0.1491 -0.2164
vn 0.9770 0.0654 -0.2029
vn 0.9551 0.1867 -0.2300
vn 0.9044 0.3176 -0.2850
vn 0.8925 0.2895 -0.3460
vn 0.8695 0.3499 -0.3487
vn 0.8851 0.3499 -0.3070
vn 0.4909 0.7038 -0.5134
vn 0.4817 0.7546 -0.4455
vn 0.4995 0.7187 -0.4837
vn 0.4516 -0.0384 -0.8914
vn 0.3622 -0.1343 -0.9224
vn 0.3546 -0.1386 -0.9247
vn 0.0090 -0.9998 -0.0159
vn 0.0100 -0.9997 -0.0214
vn 0.0107 -0.9995 0.0308
vn -0.0087 -1.0000 0.0034
vn 0.3658 0.1237 0.9225
vn 0.3687 0.0740 0.9266
vn 0.4553 0.0939 0.8854
vn 0.3798 0.1783 0.9077
vn -0.3940 0.2468 0.8854
vn -0.3758 0.2325 0.8971
vn -0.3546 0.2546 0.8997
vn -0.5605 0.1812 -0.8081
vn -0.5524 0.1788 -0.8142
vn -0.0283 0.9996 -0.0065
vn -0.1214 0.9924 0.0197
vn -0.1114 0.9934 0.0284
vn -0.0165 -0.9989 -0.0441
vn -0.0049 -0.9986 -0.0529
vn 0.0042 -0.9983 -0.0580
vn 0.3127 -0.0247 0.9495
vn 0.3067 -0.0657 0.9495
vn 0.4022 -0.0343 0.9149
vn 0.4009 0.0004 0.9161
vn -0.4983 -0.1798 0.8481
vn -0.5073 -0.1869 0.8413
vn -0.4936 -0.1650 0.8539
vn 0.2911 -0.6823 -0.6706
vn 0.2791 -0.6764 -0.6816
vn 0.2866 -0.6674 -0.6873
vn 0.3052 -0.6765 -0.6702
vn -0.9538 0.2588 -0.1527
vn -0.9418 0.2871 -0.1747
vn -0.9435 0.2586 -0.2071
vn -0.9588 0.1484 -0.2422
vn 0.2170 0.3539 -0.9098
vn 0.2202 0.3369 -0.9155
vn -0.0602 0.4671 -0.8821
vn -0.0437 0.4360 -0.8989
vn -0.0356 0.4214 -0.9062
vn -0.8518 0.4916 -0.1810
vn -0.8706 0.4906 -0.0366
vn -0.8120 0.5651 -0.1460
vn -0.8308 0.4950 -0.2545
vn 0.8600 -0.3407 0.3800
vn 0.8503 -0.3782 0.3661
vn 0.8602 -0.3527 0.3683
vn 0.0515 0.4081 0.9115
vn 0.0247 0.3840 0.9230
vn -0.0106 0.4432 0.8963
vn 0.0744 0.5136 0.8548
vn 0.1780 -0.2867 0.9413
vn 0.1493 -0.2728 0.9504
vn 0.1553 -0.2866 0.9454
vn -0.1650 0.0972 0.9815
vn -0.1590 0.0620 0.9853
vn -0.1659 0.0907 0.9820
vn -0.0761 0.6181 -0.7824
vn -0.0769 0.6355 -0.7683
vn -0.0411 0.6387 -0.7684
vn -0.0995 0.7985 0.5937
vn -0.1159 0.8561 0.5036
vn -0.1692 0.8216 0.5444
vn 0.0181 -0.5601 0.8282
vn 0.0719 -0.5665 0.8209
vn 0.0568 -0.5381 0.8409
vn -0.5560 0.8045 0.2088
vn -0.4299 0.8712 0.2370
vn -0.4073 0.8794 0.2466
vn -0.5231 0.8477 0.0884
vn -0.6163 -0.2647 -0.7417
vn -0.6242 -0.2506 -0.7400
vn -0.6256 -0.2273 -0.7463
vn -0.5876 -0.2612 -0.7658
vn -0.3225 0.8928 0.3145
vn -0.3159 0.8943 0.3169
vn 0.1201 0.5817 -0.8045
vn 0.2121 0.7522 -0.6238
vn 0.4237 0.6479 -0.6331
vn 0.2884 0.5930 -0.7518
vn 0.5875 0.7686 -0.2532
vn 0.5704 0.7943 -0.2090
vn 0.6141 0.7488 -0.2492
vn 0.9196 0.3394 -0.1979
vn 0.8554 0.5020 -0.1277
vn 0.8437 0.4954 -0.2070
vn 0.9052 0.3755 -0.1988
vn 0.0861 -0.9124 0.4000
vn 0.0910 -0.9321 0.3507
vn 0.0942 -0.9288 0.3584
vn -0.6796 0.3104 -0.6647
vn -0.7086 0.3136 -0.6321
vn -0.6968 0.3165 -0.6437
vn 0.7628 -0.2492 0.5967
vn 0.7661 -0.2435 0.5949
vn 0.7624 -0.2519 0.5960
vn -0.0203 0.9672 0.2532
vn -0.0496 0.9781 0.2019
vn -0.0740 0.9757 0.2061
vn -0.0535 0.9675 0.2473
vn 0.0878 -0.1852 -0.9788
vn 0.0729 -0.2255 -0.9715
vn 0.0684 -0.1947 -0.9785
vn -0.2371 -0.9373 -0.2554
vn -0.1663 -0.9475 -0.2729
vn -0.1615 -0.9559 -0.2454
vn -0.2366 -0.9282 -0.2871
vn -0.1285 -0.2385 -0.9626
vn 0.0575 -0.1512 -0.9868
vn 0.0364 -0.1914 -0.9808
vn -0.1694 -0.0880 -0.9816
vn 0.5703 -0.7445 -0.3471
vn 0.5642 -0.7622 -0.3174
vn 0.5218 -0.7899 -0.3222
vn 0.5329 -0.7604 -0.3712
vn 0.4940 -0.2778 -0.8239
vn 0.4118 -0.3153 -0.8550
vn 0.4056 -0.2709 -0.8730
vn 0.8976 -0.4406 0.0113
vn 0.8868 -0.4618 -0.0206
vn 0.9003 -0.4284 0.0773
vn 0.7040 0.6418 0.3041
vn 0.7089 0.6384 0.2998
vn 0.6821 0.6627 0.3093
vn -0.3422 -0.4785 -0.8087
vn -0.3417 -0.4694 -0.8142
vn -0.3017 -0.4764 -0.8258
vn -0.6511 0.0690 0.7558
vn -0.6344 0.0389 0.7720
vn -0.6339 0.0612 0.7710
vn -0.6598 0.0575 0.7492
vn -0.4544 -0.1103 -0.8840
vn -0.5105 -0.0779 -0.8564
vn -0.4804 -0.0700 -0.8743
vn -0.4556 -0.0909 -0.8855
vn 0.1685 0.7738 0.6107
vn 0.1630 0.8055 0.5698
vn 0.1809 0.7687 0.6135
vn -0.1240 -0.9890 -0.0802
vn -0.1321 -0.9840 -0.1196
vn -0.1236 -0.9869 -0.1036
vn 0.7731 0.6205 0.1317
vn 0.7966 0.5878 0.1411
vn 0.8156 0.5702 0.0980
vn -0.2949 0.8965 0.3307
vn -0.2845 0.8919 0.3514
vn -0.2321 -0.9395 0.2520
vn -0.2153 -0.9499 0.2266
vn -0.1964 -0.9523 0.2336
vn -0.2693 -0.9075 0.3223
vn -0.4234 0.9001 0.1026
vn -0.3909 0.9185 0.0592
vn -0.4261 0.9038 0.0401
vn 0.2636 -0.9474 0.1817
vn 0.2669 -0.9449 0.1896
vn 0.2866 -0.9388 0.1912
vn 0.2767 -0.3172 -0.9071
vn 0.2482 -0.2981 -0.9217
vn 0.2737 -0.2668 -0.9241
vn 0.3285 -0.2480 -0.9114
vn 0.0443 0.6230 -0.7810
vn 0.0749 0.6067 -0.7914
vn 0.0820 0.5610 -0.8238
vn 0.7154 -0.6960 -0.0620
vn 0.7162 -0.6950 -0.0634
vn 0.7384 -0.6734 -0.0358
vn 0.3117 0.9124 -0.2652
vn 0.2620 0.9195 -0.2931
vn 0.1971 0.9303 -0.3094
vn 0.2531 0.9408 -0.2254
vn -0.1049 -0.8168 0.5673
vn -0.1671 -0.8649 0.4734
vn -0.1427 -0.8415 0.5211
vn -0.1875 -0.7399 0.6460
vn -0.1509 -0.7506 0.6433
vn -0.1817 -0.7354 0.6528
vn 0.6594 0.1736 -0.7315
vn 0.6657 0.1708 -0.7264
vn 0.6817 0.1397 -0.7182
vn 0.6505 0.1686 -0.7406
vn 0.9646 0.0895 0.2481
vn 0.9761 0.0181 0.2164
vn 0.9830 0.0345 0.1806
vn 0.9801 0.0814 0.1811
vn -0.8182 -0.1294 -0.5601
vn -0.8569 -0.1370 -0.4970
vn -0.8191 -0.1130 -0.5624
vn -0.0598 -0.9982 0.0039
vn -0.0848 -0.9964 -0.0085
vn -0.0471 -0.9989 -0.0032
vn -0.0650 -0.9978 -0.0090
vn -0.0561 -0.9983 -0.0184
vn -0.0522 -0.9986 -0.0074
vn -0.3914 0.5609 -0.7296
vn -0.3689 0.5457 -0.7524
vn -0.2988 0.4897 -0.8191
vn -0.4270 0.4860 -0.7625
vn 0.1015 -0.6987 -0.7081
vn 0.0359 -0.7203 -0.6928
vn 0.0718 -0.7040 -0.7066
vn -0.3965 0.0439 -0.9170
vn -0.2631 0.0921 -0.9603
vn -0.1877 -0.0128 -0.9821
vn 0.1738 -0.9681 -0.1805
vn 0.2147 -0.9518 -0.2189
vn 0.2628 -0.9497 -0.1701
vn -0.1234 0.5665 -0.8148
vn -0.0983 0.5705 -0.8154
vn -0.1110 0.5698 -0.8142
vn 0.2218 0.1751 -0.9592
vn 0.1262 0.4006 -0.9075
vn 0.2000 0.4725 -0.8583
vn 0.2730 0.2852 -0.9188
vn 0.3655 -0.2930 -0.8835
vn 0.4221 -0.3861 -0.8202
vn 0.3661 -0.3732 -0.8524
vn -0.0766 -0.2659 0.9610
vn -0.0286 -0.2849 0.9581
vn -0.0415 -0.2575 0.9654
vn 0.3306 0.0662 0.9414
vn 0.3733 0.0170 0.9276
vn 0.3850 0.0298 0.9224
vn 0.3713 0.1527 0.9159
vn 0.7421 -0.0966 0.6633
vn 0.7951 -0.1261 0.5932
vn 0.7925 -0.1114 0.5997
vn 0.7319 -0.0710 0.6777
vn 0.7001 0.6832 -0.2075
vn 0.7779 0.5815 -0.2382
vn 0.7357 0.6314 -0.2450
vn -0.2599 0.9649 -0.0389
vn -0.2502 0.9660 -0.0659
vn -0.3008 0.9537 0.0023
vn -0.7117 0.1290 -0.6905
vn -0.8510 0.0487 -0.5229
vn -0.8158 0.1890 -0.5466
vn -0.7670 0.1866 -0.6139
vn -0.1285 -0.9917 -0.0020
vn -0.1317 -0.9912 -0.0110
vn -0.1293 -0.9915 -0.0109
vn 0.3988 -0.9051 0.1474
vn 0.3895 -0.9149 0.1056
vn 0.4077 -0.9034 0.1325
vn 0.0206 0.7624 0.6468
vn -0.0096 0.7748 0.6322
vn -0.0342 0.7725 0.6341
vn -0.1801 -0.0534 -0.9822
vn -0.2813 -0.0259 -0.9593
vn -0.1210 -0.0044 -0.9926
vn -0.1605 -0.0607 -0.9852
vn 0.9336 0.3533 -0.0594
vn 0.9529 0.3031 -0.0092
vn 0.9521 0.3018 -0.0484
vn 0.3266 -0.2684 -0.9063
vn 0.3466 -0.1590 -0.9244
vn 0.1516 -0.0732 -0.9857
vn 0.1103 -0.2719 -0.9560
vn -0.4458 0.2968 0.8445
vn -0.3496 0.5139 0.7833
vn -0.3856 0.4264 0.8182
vn -0.3333 0.3693 0.8675
vn -0.3535 0.0420 -0.9345
vn -0.3968 -0.0568 -0.9161
vn -0.4189 -0.0401 -0.9071
vn 0.6230 0.6205 -0.4762
vn 0.6409 0.5675 -0.5168
vn 0.6097 0.6159 -0.4990
vn -0.0680 0.1318 0.9889
vn -0.0446 0.1374 0.9895
vn -0.0677 0.1527 0.9859
vn 0.7165 0.6141 0.3309
vn 0.7092 0.6404 0.2947
vn 0.7081 0.6308 0.3173
vn -0.8010 0.2764 -0.5311
vn -0.8015 0.2853 -0.5256
vn 0.3836 0.3100 0.8699
vn 0.3847 0.2662 0.8838
vn 0.4098 0.2409 0.8798
vn 0.4260 0.2772 0.8612
vn 0.2449 0.9099 0.3349
vn 0.2724 0.9080 0.3182
vn 0.1860 0.9242 0.3335
vn -0.3899 -0.6342 -0.6677
vn -0.4153 -0.6381 -0.6483
vn -0.4166 -0.6344 -0.6511
vn 0.0673 0.7735 0.6302
vn 0.0289 0.8111 0.5841
vn 0.0049 0.7710 0.6368
vn 0.0477 0.7666 0.6403
vn 0.1395 -0.6020 0.7862
vn 0.1028 -0.7022 0.7046
vn 0.1112 -0.6386 0.7615
vn -0.3091 0.2056 0.9286
vn -0.3149 0.1426 0.9383
vn -0.2626 0.2028 0.9434
vn -0.1476 0.7501 -0.6446
vn 0.0224 0.7890 -0.6140
vn 0.0726 0.7642 -0.6408
vn -0.0686 0.6688 -0.7403
vn 0.3612 0.1113 -0.9258
vn 0.3472 0.1786 -0.9206
vn 0.4108 0.1119 -0.9049
vn -0.4960 -0.8536 -0.1589
vn -0.5106 -0.8509 -0.1232
vn -0.5490 -0.8179 -0.1720
vn -0.5420 -0.8064 -0.2366
vn 0.0034 0.9063 0.4227
vn -0.0729 0.9074 0.4138
vn -0.0450 0.8956 0.4426
vn 0.0430 -0.7405 0.6707
vn 0.0795 -0.7772 0.6242
vn 0.1975 -0.7272 0.6574
vn 0.1913 -0.6676 0.7195
vn 0.2540 -0.2358 0.9380
vn 0.1611 -0.2444 0.9562
vn 0.2004 -0.2828 0.9380
vn 0.2520 -0.2825 0.9256
vn 0.9780 0.1190 0.1716
vn 0.9844 0.1073 0.1394
vn 0.9650 0.2451 0.0930
vn 0.9593 0.2274 0.1676
vn 0.4914 0.4313 0.7567
vn 0.4793 0.3733 0.7943
vn 0.5627 0.4204 0.7117
vn -0.2424 0.6652 -0.7063
vn 0.5412 -0.3263 0.7750
vn 0.5480 -0.3218 0.7721
vn 0.5241 -0.2854 0.8024
vn 0.3109 -0.9495 0.0429
vn 0.3558 -0.9344 0.0192
vn 0.3134 -0.9482 0.0523
vn 0.2993 -0.9527 0.0531
vn -0.8274 0.3899 0.4042
vn -0.8416 0.2785 0.4628
vn -0.8652 0.2802 0.4157
vn -0.8686 0.2323 0.4376
vn 0.6328 -0.5564 -0.5385
vn 0.6011 -0.5502 -0.5797
vn 0.6565 -0.5322 -0.5347
vn -0.5006 -0.2425 0.8310
vn -0.5048 -0.2745 0.8184
vn -0.4753 -0.2691 0.8377
vn 0.6820 0.5176 0.5166
vn 0.6589 0.5673 0.4940
vn 0.6420 0.5060 0.5760
vn 0.6341 0.5178 0.5743
vn 0.1233 -0.9921 -0.0208
vn 0.1166 -0.9927 -0.0304
vn 0.1350 -0.9901 -0.0374
vn -0.4291 0.4573 -0.7789
vn -0.4179 0.4576 -0.7848
vn 0.3864 -0.1133 -0.9154
vn 0.3451 -0.1024 -0.9330
vn 0.3717 -0.0125 -0.9283
vn 0.8828 -0.4696 -0.0033
vn 0.8978 -0.4403 -0.0044
vn 0.9036 -0.4228 0.0689
vn 0.8916 -0.0684 0.4476
vn 0.8880 -0.0726 0.4540
vn -0.2344 0.8384 -0.4921
vn -0.2745 0.8505 -0.4486
vn -0.2159 0.8780 -0.4271
vn -0.1953 0.8676 -0.4573
vn -0.5743 0.0932 -0.8133
vn -0.4547 -0.0332 -0.8900
vn -0.4735 -0.0061 -0.8808
vn -0.5690 0.0235 -0.8220
vn -0.0217 -0.9772 -0.2114
vn -0.0036 -0.9969 -0.0786
vn -0.0168 -0.9951 -0.0976
vn 0.0717 -0.9756 -0.2073
vn -0.3851 -0.2733 -0.8815
vn -0.4258 -0.1915 -0.8843
vn -0.4103 -0.2159 -0.8860
vn 0.8714 0.3882 0.2999
vn 0.8745 0.4361 0.2123
vn 0.8479 0.4808 0.2233
vn 0.8493 0.4152 0.3261
vn 0.1827 0.4221 -0.8879
vn 0.2025 0.4551 -0.8671
vn 0.2691 0.4543 -0.8492
vn 0.1836 0.4685 -0.8642
vn 0.1878 0.4659 -0.8647
vn 0.1766 0.4281 -0.8863
vn -0.3650 0.2993 0.8816
vn -0.4026 0.3892 0.8285
vn -0.4387 0.3398 0.8319
vn 0.4788 0.7294 0.4886
vn 0.4547 0.7964 0.3988
vn 0.4304 0.8048 0.4086
vn -0.8447 0.3990 0.3567
vn -0.8434 0.4500 0.2935
vn -0.8438 0.4875 0.2242
vn 0.0901 -0.9959 0.0110
vn 0.0748 -0.9972 -0.0035
vn 0.0890 -0.9959 0.0140
vn -0.0411 -0.5734 -0.8182
vn -0.0561 -0.5460 -0.8359
vn -0.0063 -0.5306 -0.8476
vn -0.7118 0.5634 0.4194
vn 0.7103 0.3532 -0.6088
vn 0.7218 0.2322 -0.6520
vn 0.7095 0.3140 -0.6310
vn -0.0898 0.2364 0.9675
vn -0.1236 0.2308 0.9651
vn -0.1265 0.1546 0.9798
vn -0.1974 0.2528 0.9472
vn -0.5838 -0.0072 0.8119
vn -0.5944 0.0423 0.8031
vn -0.6084 0.0237 0.7933
vn -0.5952 0.0025 0.8036
vn 0.9369 -0.0205 0.3491
vn 0.9037 0.0131 0.4279
vn 0.9316 -0.0690 0.3570
vn -0.1230 -0.9921 0.0251
vn -0.0404 -0.9887 0.1442
vn -0.1145 -0.9912 0.0668
vn -0.1481 -0.9876 0.0515
vn -0.5341 0.5142 -0.6711
vn 0.7205 0.4837 0.4969
vn 0.7099 0.5019 0.4941
vn 0.7050 0.5278 0.4737
vn -0.0186 0.0538 0.9984
vn -0.0031 0.0384 0.9993
vn -0.0187 0.0545 0.9983
vn -0.1824 -0.4583 0.8699
vn -0.1705 -0.4760 0.8628
vn -0.1819 -0.4587 0.8698
vn 0.8932 -0.3387 -0.2958
vn 0.9112 -0.2909 -0.2916
vn 0.9218 -0.2899 -0.2573
vn 0.9917 0.0657 0.1107
vn 0.9907 0.0634 0.1206
vn 0.9896 0.0559 0.1328
vn 0.6834 0.3014 0.6649
vn 0.6851 0.3563 0.6353
vn 0.6849 0.3573 0.6350
vn 0.6841 0.2895 0.6695
vn -0.1461 -0.9893 -0.0006
vn -0.1929 -0.9754 0.1066
vn -0.0758 -0.9959 -0.0498
vn -0.0716 -0.9974 0.0009
vn 0.7295 0.6822 0.0485
vn 0.6793 0.7329 0.0378
vn 0.7412 0.6678 0.0680
vn -0.1835 0.9829 -0.0160
vn -0.2222 0.9737 -0.0507
vn -0.1699 0.9854 -0.0078
vn -0.9156 0.1030 -0.3886
vn -0.9248 0.1018 -0.3665
vn -0.9192 0.1110 -0.3778
vn -0.1343 -0.1834 0.9738
vn -0.1687 -0.1664 0.9715
vn -0.1048 -0.1795 0.9782
vn -0.6198 -0.7224 0.3065
vn -0.6190 -0.7283 0.2939
vn -0.6181 -0.7288 0.2946
vn -0.6121 -0.7306 0.3027
vn -0.1559 -0.0264 -0.9874
vn -0.1395 -0.0044 -0.9902
vn -0.1299 0.0011 -0.9915
vn -0.2123 0.2713 -0.9388
vn -0.1733 0.2878 -0.9419
vn -0.2087 0.2455 -0.9467
vn -0.0506 -0.9987 -0.0010
vn -0.0286 -0.9991 0.0329
vn -0.0083 -0.9973 0.0736
vn -0.0211 -0.9919 0.1256
vn -0.7917 -0.1884 -0.5812
vn 0.6475 -0.7047 -0.2900
vn 0.7239 -0.6496 -0.2323
vn 0.6173 -0.7425 -0.2598
vn 0.6022 -0.7384 -0.3035
vn -0.2140 0.6062 0.7660
vn -0.2559 0.5337 0.8060
vn -0.2091 0.5341 0.8191
vn -0.0834 0.5853 0.8065
vn -0.5070 -0.6689 0.5436
vn -0.5238 -0.6724 0.5229
vn -0.4954 -0.6902 0.5275
vn 0.1380 0.4803 -0.8661
vn 0.1391 0.4853 -0.8632
vn 0.1491 0.4432 -0.8839
vn 0.9908 -0.0893 -0.1013
vn 0.9892 -0.0815 -0.1219
vn 0.9770 -0.1070 -0.1844
vn -0.8082 -0.4524 0.3770
vn -0.7941 -0.4677 0.3881
vn -0.9723 0.1107 0.2056
vn -0.9790 0.0009 0.2036
vn -0.9729 0.0236 0.2302
vn -0.9587 -0.0101 0.2844
vn -0.8907 0.2054 0.4056
vn -0.8787 0.2976 0.3732
vn -0.8465 0.2515 0.4692
vn 0.6325 -0.6873 -0.3573
vn 0.6299 -0.7106 -0.3134
vn 0.6148 -0.7002 -0.3629
vn -0.1461 0.2203 -0.9644
vn -0.1960 0.1234 -0.9728
vn -0.2221 0.1738 -0.9594
vn -0.1831 0.2243 -0.9572
vn -0.5140 -0.6987 0.4976
vn 0.0912 0.4128 0.9062
vn 0.0991 0.4016 0.9104
vn 0.1052 0.3430 0.9334
vn -0.2316 -0.0755 0.9699
vn -0.1672 -0.1197 0.9786
vn -0.2262 -0.0448 0.9730
vn -0.3622 -0.0442 0.9310
vn -0.3185 -0.0396 0.9471
vn -0.3362 -0.0344 0.9412
vn -0.2818 -0.3266 0.9022
vn -0.2653 -0.3366 0.9035
vn -0.2668 -0.3247 0.9074
vn -0.4338 0.8070 -0.4007
vn -0.3603 0.8626 -0.3551
vn -0.3812 0.8102 -0.4453
vn 0.1447 0.7492 0.6463
vn 0.1696 0.7443 0.6460
vn 0.1324 0.6580 0.7413
vn -0.8949 0.2155 -0.3908
vn -0.8292 0.3811 -0.4090
vn -0.8600 0.3377 -0.3824
vn -0.8918 0.2703 -0.3627
vn 0.4275 -0.8978 0.1056
vn 0.4503 -0.8849 0.1194
vn 0.4062 -0.8976 0.1709
vn -0.6808 -0.6866 0.2552
vn -0.7338 -0.6451 0.2132
vn -0.6834 -0.7155 0.1449
vn -0.6283 -0.7454 0.2228
vn 0.3335 -0.1591 -0.9292
vn 0.2506 -0.2684 -0.9301
vn 0.2390 -0.3638 -0.9003
vn 0.3997 -0.1158 -0.9093
vn 0.1491 0.5253 0.8377
vn 0.1309 0.5219 0.8429
vn 0.1527 0.5017 0.8515
vn 0.4347 -0.6541 -0.6190
vn 0.3962 -0.6578 -0.6406
vn 0.4188 -0.6565 -0.6274
vn 0.5917 0.6651 0.4555
vn 0.6436 0.6432 0.4149
vn 0.6280 0.6688 0.3978
vn 0.1525 0.6229 0.7673
vn 0.2201 0.5884 0.7781
vn 0.1758 0.6523 0.7373
vn -0.0879 0.3846 -0.9189
vn -0.1790 0.3970 -0.9002
vn -0.1788 0.4709 -0.8639
vn -0.1028 0.4679 -0.8778
vn -0.6387 0.6289 -0.4434
vn -0.5608 0.6484 -0.5148
vn -0.6075 0.5823 -0.5402
vn -0.6834 0.5298 -0.5022
vn 0.4151 0.3261 0.8494
vn 0.4161 0.3038 0.8571
vn 0.4348 0.3276 0.8388
vn -0.0099 0.7944 -0.6074
vn -0.0385 0.8276 -0.5600
vn 0.0406 0.8094 -0.5859
vn 0.1717 -0.7675 0.6176
vn 0.1381 -0.7932 0.5930
vn 0.1496 -0.8037 0.5760
vn 0.1785 -0.7876 0.5897
vn 0.0752 0.6119 0.7874
vn 0.0430 0.6257 0.7789
vn 0.0056 0.6072 0.7945
vn -0.0263 0.6387 0.7690
vn -0.6537 -0.0776 -0.7527
vn -0.6785 -0.1002 -0.7278
vn -0.6802 -0.0458 -0.7316
vn 0.1599 -0.4977 -0.8525
vn 0.1603 -0.4990 -0.8517
vn 0.1576 -0.4982 -0.8526
vn -0.7653 0.4050 0.5003
vn -0.7998 0.3880 0.4580
vn -0.7650 0.3582 0.5353
vn -0.1817 0.9830 -0.0261
vn -0.1938 0.9799 -0.0474
vn -0.2289 0.9734 -0.0056
vn -0.4217 -0.2062 0.8830
vn -0.3777 -0.2053 0.9029
vn -0.3755 -0.2106 0.9026
vn -0.3562 0.1980 0.9132
vn -0.4275 0.0989 0.8986
vn -0.4076 0.1925 0.8926
vn -0.0428 -0.0079 0.9991
vn 0.0180 -0.0765 0.9969
vn 0.0089 -0.0568 0.9983
vn -0.6591 -0.2128 0.7213
vn -0.6435 -0.2172 0.7340
vn -0.6311 -0.1819 0.7541
vn -0.6546 -0.1922 0.7311
vn 0.6961 -0.2003 0.6894
vn 0.7115 -0.1796 0.6793
vn 0.7045 -0.1807 0.6863
vn 0.6900 -0.1996 0.6957
vn 0.3941 0.1416 0.9081
vn 0.3855 0.0986 0.9174
vn 0.4349 0.1510 0.8877
vn 0.7742 0.5648 0.2858
vn 0.8035 0.5226 0.2851
vn 0.8253 0.5078 0.2469
vn 0.7687 0.5674 0.2953
vn -0.7795 0.6101 0.1420
vn -0.7838 0.6013 0.1552
vn -0.7805 0.6117 0.1294
vn 0.7750 -0.5732 0.2660
vn 0.7777 -0.5769 0.2498
vn 0.7772 -0.5762 0.2529
vn 0.4362 0.8710 0.2260
vn 0.4595 0.8376 0.2954
vn 0.4531 0.8339 0.3151
vn 0.4631 0.8589 0.2187
vn 0.4534 0.8889 0.0654
vn 0.4599 0.8869 0.0444
vn 0.3948 0.9175 0.0477
vn 0.3843 0.9186 0.0922
vn -0.5138 0.7976 -0.3158
vn -0.5139 0.8290 -0.2206
vn -0.5156 0.8306 -0.2106
vn 0.0048 -0.9999 -0.0108
vn -0.0917 -0.9958 -0.0028
vn -0.0054 -0.9996 -0.0284
vn -0.3251 -0.8758 -0.3568
vn -0.2766 -0.8901 -0.3622
vn -0.3275 -0.8776 -0.3501
vn -0.6268 -0.6269 0.4626
vn -0.6223 -0.6355 0.4571
vn -0.6224 -0.6350 0.4576
vn -0.3885 0.7840 -0.4843
vn -0.4058 0.7897 -0.4602
vn -0.6953 0.5022 -0.5142
vn -0.6815 0.5150 -0.5199
vn 0.5346 -0.3294 0.7783
vn 0.5043 -0.3074 0.8069
vn 0.5358 -0.3495 0.7686
vn -0.4884 -0.4747 -0.7322
vn -0.5437 -0.4501 -0.7084
vn -0.4595 -0.5299 -0.7128
vn -0.4894 -0.5033 -0.7122
vn 0.9761 -0.2063 0.0687
vn 0.9787 -0.2038 -0.0255
vn 0.9816 -0.1889 0.0291
vn 0.6352 -0.7723 0.0073
vn 0.6450 -0.7641 0.0099
vn 0.6458 -0.7632 0.0194
vn 0.6371 -0.7705 0.0178
vn 0.0960 0.4362 -0.8947
vn 0.1286 0.4096 -0.9032
vn 0.0715 0.3709 -0.9259
vn 0.6854 -0.7083 0.1691
vn 0.6662 -0.7095 0.2297
vn 0.6465 -0.7586 0.0807
vn -0.9094 0.3716 0.1865
vn -0.8988 0.3935 0.1930
vn -0.9090 0.3826 0.1653
vn -0.0183 -0.9998 0.0114
vn -0.0112 -0.9998 0.0159
vn -0.0083 -0.9997 0.0239
vn -0.0108 -0.9995 0.0295
vn 0.3290 0.8845 -0.3309
vn 0.2487 0.9087 -0.3354
vn 0.2639 0.9200 -0.2898
vn 0.3454 0.8897 -0.2986
vn 0.5613 -0.6870 0.4615
vn 0.6175 -0.7165 0.3246
vn 0.6728 -0.6612 0.3320
vn -0.0235 -0.9994 0.0247
vn -0.0166 -0.9995 0.0264
vn -0.0188 -0.9994 0.0279
vn 0.0567 0.8751 -0.4806
vn 0.0423 0.9271 -0.3723
vn 0.0889 0.9206 -0.3803
vn 0.1885 0.4690 -0.8628
vn 0.2161 0.3922 -0.8941
vn 0.2052 0.4534 -0.8674
vn -0.0472 0.6011 0.7978
vn -0.0417 0.6478 0.7607
vn -0.1580 0.5982 0.7856
vn 0.2508 0.8875 0.3866
vn 0.1577 0.9214 0.3551
vn 0.1760 0.9075 0.3814
vn 0.0342 -0.8361 0.5475
vn 0.0071 -0.8288 0.5595
vn 0.0470 -0.8399 0.5407
vn -0.0863 -0.5663 -0.8197
vn -0.0870 -0.5916 -0.8015
vn -0.0963 -0.5614 -0.8219
vn -0.2696 -0.0704 0.9604
vn -0.2363 -0.0700 0.9691
vn -0.2264 -0.0693 0.9716
vn 0.3198 -0.9443 0.0779
vn 0.1972 -0.9756 0.0968
vn 0.2138 -0.9749 0.0616
vn 0.4639 0.2543 0.8486
vn 0.3027 0.2757 0.9123
vn 0.4152 0.1753 0.8927
vn 0.4538 0.1951 0.8695
vn -0.8055 -0.1858 -0.5627
vn -0.8173 -0.1889 -0.5443
vn -0.8154 -0.1762 -0.5514
vn -0.8441 -0.5008 0.1916
vn -0.8465 -0.4980 0.1882
vn -0.8403 -0.5120 0.1782
vn 0.3416 0.4235 -0.8390
vn 0.3508 0.3480 -0.8694
vn 0.2521 0.3273 -0.9107
vn 0.2776 0.3868 -0.8794
vn 0.1007 -0.7384 -0.6668
vn 0.0936 -0.7390 -0.6672
vn 0.0921 -0.7247 -0.6828
vn 0.5685 0.5764 -0.5870
vn 0.5773 0.4774 -0.6624
vn 0.4535 0.5147 -0.7276
vn 0.3864 0.5828 -0.7149
vn -0.1214 -0.3047 -0.9447
vn -0.1261 -0.2082 -0.9699
vn -0.1454 -0.2967 -0.9438
vn 0.3634 0.8184 -0.4452
vn 0.3832 0.8127 -0.4391
vn 0.3425 0.8215 -0.4558
vn -0.9477 0.2742 -0.1631
vn -0.9253 0.3463 -0.1546
vn -0.8812 0.3586 -0.3080
vn -0.9543 0.1798 -0.2388
vn 0.8781 -0.4608 0.1285
vn 0.8427 -0.5239 0.1242
vn -0.8745 0.4574 -0.1612
vn -0.8922 0.4465 -0.0683
vn -0.8748 0.4610 -0.1494
vn -0.3895 -0.2910 0.8738
vn -0.3487 -0.2517 0.9028
vn -0.4035 -0.2007 0.8927
vn -0.7005 0.0013 0.7136
vn -0.6936 -0.0167 0.7202
vn -0.6993 0.0061 0.7148
vn 0.9096 -0.3943 0.1308
vn 0.9232 -0.3709 0.1005
vn 0.9160 -0.3769 0.1376
vn 0.0741 0.4247 -0.9023
vn 0.1189 0.4032 -0.9073
vn 0.1661 0.4211 -0.8917
vn 0.1384 -0.2314 -0.9630
vn 0.1419 -0.2693 -0.9526
vn 0.0946 -0.2337 -0.9677
vn 0.9259 -0.3775 -0.0132
vn 0.9148 -0.4039 0.0033
vn 0.9521 -0.3017 -0.0496
vn 0.9523 -0.3049 -0.0112
vn 0.8149 -0.3274 -0.4782
vn 0.8346 -0.2955 -0.4648
vn 0.8258 -0.3413 -0.4490
vn -0.5001 0.3120 0.8078
vn -0.4455 0.3651 0.8175
vn -0.4439 0.4806 0.7563
vn 0.5080 -0.3437 0.7898
vn 0.5018 -0.3455 0.7930
vn 0.4990 -0.3678 0.7847
vn -0.8208 -0.5048 0.2674
vn -0.8234 -0.4677 0.3214
vn -0.8302 -0.4963 0.2539
vn 0.4154 -0.0662 0.9072
vn 0.3886 -0.1777 0.9041
vn 0.4503 -0.1745 0.8757
vn 0.2822 -0.2859 0.9158
vn 0.2849 -0.3560 0.8900
vn 0.3173 -0.3018 0.8990
vn 0.9602 0.1284 -0.2480
vn 0.9733 0.0504 -0.2241
vn 0.9528 0.0939 -0.2887
vn -0.0022 0.9057 0.4239
vn -0.0050 0.8863 0.4630
vn -0.0189 0.9337 0.3575
vn 0.9231 -0.2103 0.3219
vn 0.9061 -0.2779 0.3191
vn 0.9185 -0.2371 0.3165
vn 0.3292 0.8434 -0.4246
vn 0.3130 0.8478 -0.4280
vn 0.2125 0.8932 -0.3963
vn 0.2650 0.8754 -0.4042
vn 0.8558 0.3656 0.3659
vn 0.8809 0.2795 0.3819
vn 0.8786 0.3288 0.3463
vn -0.0770 -0.4368 -0.8963
vn -0.0457 -0.4140 -0.9091
vn -0.0610 -0.5036 -0.8618
vn -0.1006 -0.4570 -0.8838
vn -0.2018 0.9733 -0.1092
vn -0.2133 0.9689 -0.1254
vn -0.2746 0.9605 -0.0456
vn -0.9430 -0.1477 -0.2982
vn -0.2751 0.9609 -0.0313
vn -0.5511 0.2213 0.8046
vn -0.5315 0.2208 0.8178
vn 0.4305 0.6914 -0.5802
vn 0.3971 0.8164 -0.4193
vn 0.4832 0.7621 -0.4310
vn 0.5055 0.6960 -0.5100
vn 0.2964 0.9067 0.2999
vn 0.2145 0.9261 0.3104
vn 0.2263 0.9073 0.3545
vn 0.4919 -0.1277 0.8612
vn 0.4965 -0.1335 0.8577
vn 0.5297 -0.1036 0.8418
vn 0.5045 -0.8199 -0.2706
vn 0.4859 -0.8266 -0.2840
vn 0.5045 -0.8199 -0.2707
vn 0.7694 0.5043 -0.3920
vn 0.7896 0.5051 -0.3483
vn 0.7932 0.4478 -0.4127
vn 0.1087 -0.9941 0.0050
vn 0.1138 -0.9935 -0.0014
vn 0.1236 -0.9923 -0.0099
vn -0.0548 0.8055 -0.5900
vn 0.0025 0.8346 -0.5508
vn 0.0119 0.7924 -0.6099
vn 0.9059 0.2909 -0.3078
vn 0.9330 0.1987 -0.3001
vn 0.9018 0.2822 -0.3272
vn -0.2262 -0.5023 0.8346
vn -0.1933 -0.5009 0.8436
vn -0.2077 -0.4949 0.8437
vn -0.2586 -0.6325 0.7301
vn -0.2498 -0.6436 0.7235
vn -0.2513 -0.6361 0.7296
vn -0.6024 -0.6115 0.5130
vn -0.5444 -0.6207 0.5642
vn -0.5855 -0.5826 0.5636
vn 0.7634 -0.3673 -0.5314
vn 0.7896 -0.3317 -0.5162
vn 0.7873 -0.2960 -0.5409
vn 0.2892 -0.8906 0.3510
vn 0.2961 -0.9196 0.2583
vn 0.3117 -0.9254 0.2156
vn 0.4992 -0.0140 -0.8664
vn 0.5012 -0.0333 -0.8647
vn 0.4901 -0.0426 -0.8706
vn -0.7572 0.3331 0.5619
vn -0.0763 0.7781 0.6235
vn -0.0661 0.8708 0.4872
vn -0.1197 0.8102 0.5738
vn -0.0654 0.7809 0.6212
vn 0.1531 0.4875 -0.8596
vn 0.1867 0.5363 -0.8231
vn 0.2037 0.5278 -0.8246
vn -0.8184 0.2952 -0.4931
vn -0.8304 0.3010 -0.4689
vn -0.8215 0.3171 -0.4739
vn -0.8110 0.3144 -0.4933
vn 0.7339 -0.3256 -0.5962
vn 0.7162 -0.3281 -0.6160
vn 0.6927 -0.3445 -0.6336
vn 0.0830 0.2340 -0.9687
vn 0.1141 0.1481 -0.9824
vn 0.0429 0.2471 -0.9680
vn -0.2797 -0.0646 -0.9579
vn -0.2958 -0.0662 -0.9529
vn -0.3347 -0.0753 -0.9393
vn -0.2607 0.0406 -0.9646
vn -0.3815 -0.0334 -0.9238
vn -0.2898 0.0531 -0.9556
vn 0.9409 -0.0085 0.3386
vn 0.9287 -0.0690 0.3644
vn 0.9495 -0.0860 0.3017
vn 0.9539 -0.0829 0.2884
vn -0.4908 0.6519 0.5780
vn -0.4854 0.6385 0.5972
vn -0.5355 0.6777 0.5039
vn -0.5525 0.6198 0.5574
vn -0.0557 0.3214 0.9453
vn -0.0316 0.2731 0.9615
vn -0.0027 0.2736 0.9618
vn 0.0144 0.2995 0.9540
vn 0.2985 0.8411 0.4512
vn 0.3241 0.8354 0.4440
vn 0.2837 0.8463 0.4510
vn -0.8210 0.0586 -0.5679
vn -0.8464 0.0869 -0.5255
vn -0.7842 0.0470 -0.6188
vn -0.8151 0.0436 -0.5776
vn 0.3068 -0.4007 0.8633
vn 0.3054 -0.4250 0.8521
vn 0.0842 -0.0532 -0.9950
vn 0.1721 -0.0630 -0.9831
vn 0.1669 -0.1078 -0.9801
vn -0.6181 -0.7780 -0.1124
vn -0.6542 -0.7559 -0.0250
vn -0.6194 -0.7752 -0.1242
vn -0.8274 -0.1706 0.5351
vn -0.8131 -0.1903 0.5502
vn -0.7874 -0.1442 0.5993
vn -0.4440 0.0238 0.8957
vn -0.4673 0.0617 0.8819
vn -0.4848 0.0540 0.8729
vn -0.4592 0.0061 0.8883
vn -0.5994 -0.7573 -0.2593
vn -0.5462 -0.7851 -0.2920
vn -0.5523 -0.8113 -0.1918
vn -0.5904 -0.7790 -0.2113
vn -0.0778 -0.5669 0.8201
vn -0.1293 -0.5051 0.8533
vn -0.1413 -0.5584 0.8175
vn -0.1292 -0.5529 0.8232
vn 0.6102 -0.6769 0.4116
vn 0.6060 -0.6826 0.4085
vn 0.6042 -0.6917 0.3955
vn 0.6130 -0.6793 0.4035
vn -0.7698 0.6223 -0.1420
vn -0.7600 0.6258 -0.1751
vn -0.7664 0.6224 -0.1590
vn -0.1492 -0.9878 0.0447
vn -0.2578 -0.9654 0.0399
vn -0.1337 -0.9893 0.0580
vn 0.9058 -0.3099 0.2889
vn 0.9120 -0.2774 0.3022
vn 0.9013 -0.3031 0.3094
vn -0.3557 -0.1569 -0.9213
vn -0.2974 -0.1000 -0.9495
vn -0.2357 -0.0498 -0.9705
vn -0.2000 -0.1965 -0.9599
vn 0.3423 -0.0204 -0.9394
vn 0.3099 -0.0257 -0.9504
vn 0.2825 0.0380 -0.9585
vn -0.1085 0.4940 -0.8626
vn -0.1413 0.5046 -0.8517
vn 0.4873 -0.3120 -0.8156
vn 0.4309 -0.2796 -0.8580
vn 0.4836 -0.2620 -0.8352
vn 0.9287 -0.1430 -0.3422
vn 0.9389 -0.0547 -0.3397
vn 0.9534 -0.1143 -0.2790
vn 0.9600 -0.1360 -0.2449
vn -0.3799 -0.5322 -0.7566
vn -0.3674 -0.5347 -0.7610
vn -0.3715 -0.5434 -0.7528
vn -0.4793 -0.2625 0.8375
vn -0.4794 -0.2626 0.8374
vn -0.4757 -0.2698 0.8372
vn -0.0915 -0.0223 0.9956
vn -0.0915 -0.0231 0.9955
vn -0.0915 -0.0229 0.9955
vn 0.1691 -0.2748 -0.9465
vn 0.1758 -0.2555 -0.9507
vn 0.1935 -0.2613 -0.9456
vn 0.0345 0.2373 0.9708
vn 0.0321 0.2265 0.9735
vn 0.0493 0.2333 0.9711
vn -0.2084 0.9767 0.0507
vn -0.0929 0.9956 0.0079
vn -0.1673 0.9858 -0.0149
vn -0.2075 0.9782 0.0060
vn 0.6368 -0.1451 -0.7573
vn 0.6244 -0.2037 -0.7541
vn 0.5582 -0.1449 -0.8169
vn -0.4628 0.4476 0.7651
vn -0.4484 0.5385 0.7134
vn -0.4822 0.5452 0.6857
vn -0.5195 0.4417 0.7314
vn -0.9166 0.3960 0.0559
vn -0.9240 0.3805 0.0373
vn -0.9284 0.3696 0.0378
vn -0.1461 0.6078 0.7805
vn -0.1421 0.6169 0.7741
vn -0.1913 0.6234 0.7581
vn -0.7240 0.6271 -0.2873
vn -0.6306 0.6886 -0.3580
vn -0.6239 0.6736 -0.3963
vn -0.6959 0.6118 -0.3761
vn -0.3586 0.8019 -0.4779
vn -0.4078 0.7890 -0.4595
vn -0.2402 0.8401 -0.4864
vn -0.6785 -0.7325 0.0566
vn 0.2366 -0.2566 0.9371
vn 0.2066 -0.2943 0.9331
vn 0.2134 -0.2996 0.9299
vn -0.7848 0.3024 -0.5410
vn -0.7945 0.2609 -0.5484
vn -0.8238 0.3989 -0.4028
vn -0.7720 0.3370 -0.5390
vn -0.2131 -0.0079 -0.9770
vn -0.2666 -0.0195 -0.9636
vn -0.2269 0.0119 -0.9738
vn -0.5704 0.8032 -0.1719
vn -0.4490 0.8729 -0.1908
vn -0.5834 0.7908 -0.1853
vn -0.1445 -0.8959 -0.4201
vn -0.0432 -0.8620 -0.5050
vn -0.1156 -0.9133 -0.3907
vn -0.5341 0.2625 -0.8037
vn 0.9836 0.1789 0.0248
vn 0.9742 0.2113 -0.0795
vn 0.9519 0.2994 -0.0651
vn 0.9649 0.2605 -0.0327
vn -0.2793 0.7975 0.5348
vn -0.1686 0.7906 0.5887
vn -0.2076 0.8497 0.4847
vn -0.2456 0.8051 0.5399
vn -0.9316 0.3453 -0.1136
vn -0.9386 0.3335 -0.0880
vn -0.9410 0.3299 -0.0751
vn 0.7183 0.4015 -0.5682
vn 0.7488 0.4262 -0.5076
vn 0.6952 0.3563 -0.6243
vn -0.2187 0.9730 -0.0735
vn -0.1473 0.9877 -0.0533
vn -0.2484 0.9635 -0.1001
vn -0.3782 0.5267 0.7613
vn -0.3901 0.5080 0.7680
vn -0.3706 0.5142 0.7735
vn 0.5742 0.6841 -0.4498
vn 0.6508 0.6173 -0.4420
vn 0.6103 0.6428 -0.4630
vn 0.1087 -0.9620 0.2504
vn 0.0577 0.5206 -0.8518
vn 0.0696 0.5877 -0.8061
vn 0.1408 0.6088 -0.7808
vn 0.2244 0.5288 -0.8186
vn -0.4241 -0.9043 -0.0490
vn -0.4240 -0.9037 -0.0606
vn -0.4206 -0.9056 -0.0552
vn -0.5641 0.2489 -0.7873
vn 0.8837 0.4666 -0.0366
vn 0.8294 0.5560 -0.0543
vn 0.8144 0.5799 -0.0220
vn 0.8702 0.4902 0.0494
vn 0.7269 -0.6504 0.2205
vn 0.7395 -0.6469 0.1859
vn 0.7474 -0.6248 0.2260
vn 0.4899 0.7673 -0.4139
vn 0.5156 0.6909 -0.5067
vn 0.4965 0.6521 -0.5730
vn 0.1273 0.6148 0.7784
vn 0.1531 0.6428 0.7506
vn 0.1468 0.6400 0.7542
vn 0.1186 0.6172 0.7778
vn 0.1424 -0.9895 0.0228
vn 0.1377 -0.9904 0.0088
vn 0.1546 -0.9879 0.0107
vn -0.2434 -0.1459 0.9589
vn -0.2120 -0.0982 0.9723
vn -0.2673 -0.0737 0.9608
vn -0.2686 -0.0208 0.9630
vn -0.5722 0.7851 0.2371
vn -0.5916 0.7614 0.2649
vn -0.5457 0.7815 0.3024
vn -0.5237 0.8071 0.2728
vn -0.7883 -0.3266 -0.5215
vn -0.8064 -0.2955 -0.5122
vn -0.7954 -0.3143 -0.5182
vn -0.0839 -0.9959 -0.0330
vn -0.0999 -0.9938 -0.0497
vn -0.0673 -0.9966 -0.0471
vn 0.4839 0.3407 0.8061
vn 0.4356 0.3517 0.8286
vn 0.4316 0.3855 0.8156
vn 0.4870 0.3276 0.8097
vn -0.2664 -0.9409 -0.2092
vn -0.2853 -0.9326 -0.2212
vn -0.2539 -0.9423 -0.2181
vn -0.0535 -0.6477 0.7600
vn -0.1775 -0.5441 0.8200
vn -0.1936 -0.5986 0.7773
vn -0.1411 -0.6558 0.7416
vn 0.6787 -0.7152 -0.1670
vn 0.6769 -0.7145 -0.1766
vn 0.6962 -0.6943 -0.1823
vn -0.5967 0.6199 -0.5095
vn -0.5337 0.6767 -0.5072
vn -0.4975 0.6678 -0.5537
vn -0.5510 0.5943 -0.5858
vn -0.7197 0.0100 0.6942
vn -0.7289 0.0295 0.6840
vn -0.7632 -0.0130 0.6460
vn -0.7163 -0.0149 0.6977
vn 0.4736 0.0405 -0.8798
vn 0.5443 0.1234 -0.8298
vn 0.4878 -0.0887 -0.8684
vn -0.1158 0.0219 0.9930
vn -0.1003 0.0594 0.9932
vn -0.1416 0.0211 0.9897
vn -0.2155 -0.2616 -0.9408
vn -0.1267 -0.2807 -0.9514
vn -0.3024 -0.2754 -0.9125
vn -0.9183 -0.0177 -0.3954
vn -0.9206 -0.0350 -0.3890
vn -0.9257 -0.0211 -0.3777
vn -0.9202 -0.0181 -0.3911
vn -0.4028 0.1014 0.9096
vn -0.3595 0.0943 0.9284
vn -0.2960 0.1245 0.9470
vn -0.2373 0.1148 0.9646
vn 0.8860 -0.3249 0.3308
vn 0.9085 -0.2901 0.3008
vn 0.9345 -0.2655 0.2373
vn 0.5308 -0.5050 -0.6806
vn 0.5136 -0.5481 -0.6602
vn 0.5989 -0.4566 -0.6579
vn -0.3060 -0.3486 -0.8859
vn -0.3848 -0.1908 -0.9031
vn -0.4977 -0.3639 -0.7873
vn 0.9997 0.0068 0.0216
vn 0.9992 -0.0395 0.0042
vn 0.9958 -0.0803 -0.0440
vn 0.8305 0.4472 -0.3320
vn 0.8972 0.3365 -0.2860
vn 0.8723 0.3604 -0.3305
vn 0.8458 -0.4650 0.2615
vn 0.8498 -0.4774 0.2236
vn 0.8567 -0.4607 0.2321
vn -0.3447 -0.8835 -0.3172
vn -0.4459 -0.8598 -0.2487
vn -0.4053 -0.8770 -0.2581
vn 0.9039 0.0446 0.4255
vn 0.9206 0.0290 0.3894
vn 0.3778 0.0448 0.9248
vn 0.4174 0.0723 0.9059
vn 0.4399 0.1166 0.8905
vn -0.5406 0.7131 -0.4464
vn -0.5238 0.7199 -0.4553
vn -0.4834 0.7295 -0.4840
vn -0.6157 0.6659 -0.4213
vn -0.9660 -0.1228 0.2277
vn -0.9729 -0.1683 0.1585
vn -0.9551 -0.0782 0.2859
vn 0.8703 -0.0392 0.4909
vn 0.8747 -0.1147 0.4708
vn 0.9098 -0.0860 0.4059
vn 0.9201 -0.0182 0.3912
vn -0.5066 0.4522 -0.7341
vn -0.4739 0.4517 -0.7559
vn -0.5996 0.3300 -0.7291
vn 0.0002 -0.9997 -0.0259
vn -0.0289 -0.9985 -0.0470
vn -0.0148 -0.9986 -0.0509
vn 0.7266 0.3463 0.5934
vn 0.7902 0.2747 0.5478
vn 0.7874 0.3113 0.5321
vn -0.0075 -0.9998 0.0191
vn 0.0064 -1.0000 -0.0023
vn 0.0092 -0.9999 0.0064
vn 0.3697 0.3658 0.8541
vn 0.3458 0.2852 0.8939
vn 0.3872 0.3283 0.8615
vn 0.4093 0.0968 -0.9073
vn 0.3820 0.1967 -0.9030
vn 0.3332 0.0221 -0.9426
vn -0.8128 0.5535 -0.1816
vn -0.8027 0.5680 -0.1815
vn -0.8074 0.5620 -0.1795
vn -0.2504 -0.1506 0.9564
vn -0.2259 -0.1496 0.9626
vn -0.2421 -0.1169 0.9632
vn -0.2697 -0.5792 -0.7693
vn -0.2617 -0.5713 -0.7779
vn -0.2621 -0.5827 -0.7693
vn 0.6113 0.7818 -0.1229
vn 0.5582 0.8087 -0.1856
vn 0.6467 0.7564 -0.0978
vn 0.0343 0.5990 -0.8000
vn 0.0760 0.5866 -0.8063
vn 0.1602 0.5098 -0.8453
vn 0.0725 0.9738 -0.2157
vn 0.0292 0.9702 -0.2404
vn 0.0559 0.9852 -0.1622
vn 0.0767 0.9832 -0.1655
vn -0.7996 -0.5268 0.2883
vn -0.8410 -0.4699 0.2680
vn -0.8182 -0.5174 0.2508
vn -0.8070 -0.5315 0.2575
vn 0.1734 -0.2313 0.9573
vn 0.1954 -0.2447 0.9497
vn 0.2265 -0.2600 0.9387
vn -0.0242 -0.9990 -0.0383
vn -0.0271 -0.9984 -0.0493
vn 0.0047 -0.9986 -0.0519
vn -0.0206 -0.9991 -0.0361
vn 0.1258 0.6069 0.7848
vn 0.1323 0.6032 0.7865
vn 0.0878 0.6150 0.7836
vn -0.5697 -0.3764 -0.7306
vn -0.5654 -0.3560 -0.7441
vn -0.5522 -0.3755 -0.7444
vn -0.5533 -0.3764 -0.7431
vn -0.8337 0.2677 -0.4831
vn -0.8393 0.2652 -0.4747
vn -0.8272 0.2737 -0.4908
vn 0.2390 -0.9520 0.1911
vn 0.2333 -0.9539 0.1890
vn 0.2262 -0.9594 0.1684
vn -0.2674 0.3706 0.8895
vn -0.2111 0.3934 0.8948
vn -0.2364 0.4770 0.8465
vn -0.0172 -0.6899 0.7237
vn -0.0230 -0.7098 0.7040
vn -0.0121 -0.7078 0.7063
vn 0.2755 -0.1161 -0.9542
vn 0.2226 -0.1003 -0.9697
vn 0.2302 -0.0744 -0.9703
vn 0.3023 -0.0676 -0.9508
vn 0.2698 0.1913 0.9437
vn 0.2403 0.1906 0.9518
vn 0.2216 0.3306 0.9174
vn 0.1417 0.2722 0.9518
vn -0.2769 -0.1541 0.9485
vn -0.3116 -0.1364 0.9404
vn -0.3162 -0.1467 0.9373
vn -0.2847 -0.1777 0.9420
vn -0.6902 -0.5461 -0.4747
vn -0.6891 -0.5468 -0.4755
vn 0.2418 0.3965 0.8856
vn 0.2268 0.4222 0.8777
vn 0.3387 0.3068 0.8895
vn 0.3245 0.3459 0.8803
vn -0.4655 -0.8818 0.0756
vn -0.4568 -0.8871 0.0668
vn -0.4927 -0.8649 0.0957
vn 0.4632 0.1591 0.8718
vn 0.4541 0.1262 0.8820
vn 0.4433 0.0759 0.8932
vn 0.4097 0.8932 -0.1856
vn 0.3614 0.9131 -0.1888
vn 0.4052 0.9026 -0.1454
vn 0.1016 -0.9837 -0.1483
vn 0.0466 -0.9873 -0.1522
vn 0.1319 -0.9817 -0.1370
vn -0.5361 -0.8275 -0.1670
vn -0.4996 -0.8448 -0.1915
vn -0.4929 -0.8522 -0.1756
vn 0.3254 0.2323 0.9166
vn 0.3353 0.2877 0.8971
vn 0.3541 0.2973 0.8867
vn -0.5560 -0.5016 -0.6628
vn -0.5745 -0.4289 -0.6971
vn -0.5266 -0.4929 -0.6926
vn -0.1223 0.1735 -0.9772
vn -0.7353 0.3661 -0.5704
vn -0.7046 0.4122 -0.5776
vn -0.6822 0.4386 -0.5850
vn -0.6464 0.4360 -0.6262
vn -0.3622 -0.8951 0.2600
vn -0.3261 -0.9248 0.1958
vn -0.2863 -0.9276 0.2398
vn 0.8881 -0.4134 -0.2009
vn 0.8857 -0.4074 -0.2226
vn 0.9209 -0.3304 -0.2068
vn 0.9207 -0.3413 -0.1893
vn -0.0625 -0.9470 0.3150
vn 0.0091 -0.9237 0.3831
vn -0.0055 -0.8640 0.5035
vn -0.0942 -0.8555 0.5092
vn -0.8316 -0.3816 -0.4035
vn -0.8247 -0.4080 -0.3916
vn -0.8359 -0.3812 -0.3949
vn -0.0189 -0.9974 -0.0701
vn -0.0356 -0.9926 -0.1159
vn 0.0389 -0.9987 -0.0330
vn -0.1911 -0.7616 0.6193
vn -0.1939 -0.7777 0.5979
vn -0.4337 -0.7725 -0.4638
vn -0.4371 -0.7738 -0.4585
vn -0.4518 -0.7700 -0.4505
vn -0.4540 -0.7765 -0.4370
vn -0.2317 0.2729 -0.9337
vn -0.2723 0.1997 -0.9413
vn -0.2013 0.2986 -0.9329
vn 0.7133 -0.5730 -0.4035
vn 0.6523 -0.6232 -0.4315
vn 0.7501 -0.5386 -0.3838
vn -0.5847 0.7425 -0.3269
vn -0.5870 0.7339 -0.3418
vn -0.6038 0.7080 -0.3663
vn -0.1170 0.2676 0.9564
vn -0.0982 0.2388 0.9661
vn -0.0842 0.2128 0.9735
vn -0.6063 0.2855 -0.7422
vn -0.6401 0.3677 -0.6745
vn -0.5852 0.3961 -0.7076
vn -0.9611 0.2426 0.1324
vn -0.9552 0.2523 0.1547
vn -0.9543 0.2430 0.1737
vn -0.9265 0.2838 0.2473
vn -0.9451 -0.2968 -0.1369
vn -0.9495 -0.2905 -0.1188
vn -0.9491 -0.2923 -0.1176
vn 0.6296 0.3746 0.6806
vn 0.6332 0.4264 0.6460
vn 0.5198 0.4578 0.7213
vn 0.8023 0.4921 0.3377
vn 0.8177 0.4848 0.3103
vn 0.7770 0.5466 0.3122
vn -0.5000 -0.0328 -0.8654
vn -0.4733 -0.0043 -0.8809
vn -0.4905 -0.0443 -0.8703
vn -0.2929 0.5068 0.8107
vn -0.1547 0.4669 0.8707
vn -0.1532 0.3600 0.9203
vn -0.3046 0.3769 0.8748
vn 0.6843 0.5563 0.4714
vn 0.7181 0.5095 0.4742
vn 0.7234 0.5405 0.4296
vn -0.1382 0.9397 0.3129
vn -0.1911 0.9421 0.2754
vn -0.1864 0.9339 0.3050
vn -0.1618 0.9224 0.3507
vn 0.0092 -0.9995 -0.0291
vn 0.0096 -0.9987 -0.0504
vn 0.0091 -0.9988 -0.0485
vn -0.1027 -0.9904 -0.0923
vn -0.0812 -0.9942 -0.0700
vn -0.1096 -0.9914 -0.0713
vn 0.6797 0.7285 -0.0858
vn 0.6205 0.7740 -0.1263
vn 0.6412 0.7659 -0.0469
vn -0.3316 0.3265 -0.8851
vn -0.2841 0.3864 -0.8775
vn -0.3032 0.2895 -0.9079
vn 0.5018 0.8250 0.2599
vn 0.5077 0.8301 0.2305
vn 0.4488 0.8459 0.2881
vn 0.4333 0.3596 0.8264
vn 0.4462 0.3606 0.8191
vn 0.4596 0.3699 0.8074
vn -0.1910 0.9712 -0.1425
vn -0.1403 0.9878 -0.0683
vn -0.1027 0.9872 -0.1222
vn 0.4845 -0.8067 -0.3384
vn 0.4908 -0.8038 -0.3364
vn 0.5155 -0.8060 -0.2909
vn -0.9880 0.1377 -0.0702
vn -0.6258 0.1462 -0.7661
vn -0.6422 0.1794 -0.7452
vn -0.6324 0.1794 -0.7536
vn 0.7441 0.4205 0.5191
vn 0.6616 0.4806 0.5755
vn 0.7496 0.3935 0.5322
vn 0.6726 -0.5989 -0.4346
vn 0.6826 -0.5837 -0.4397
vn 0.7026 -0.5766 -0.4169
vn -0.0364 -0.9989 0.0292
vn -0.0220 -0.9995 0.0229
vn -0.0193 -0.9994 0.0291
vn 0.0298 -0.5267 0.8495
vn 0.0789 -0.5088 0.8573
vn 0.0383 -0.4793 0.8768
vn -0.5135 0.2735 -0.8133
vn -0.5317 0.2730 -0.8017
vn 0.3428 0.1514 0.9271
vn 0.3278 0.1142 0.9378
vn 0.3461 0.1517 0.9259
vn 0.2024 0.7391 0.6425
vn 0.1623 0.7308 0.6630
vn 0.1860 0.6572 0.7304
vn 0.1579 0.6777 0.7182
vn -0.3196 -0.9385 0.1308
vn 0.5659 -0.7938 0.2227
vn 0.5949 -0.7889 0.1541
vn 0.6163 -0.7724 0.1536
vn 0.8914 -0.3812 0.2452
vn 0.8887 -0.3925 0.2368
vn 0.9597 -0.2800 0.0230
vn 0.9469 -0.3181 0.0464
vn 0.9220 -0.3867 0.0172
vn 0.4981 -0.5651 0.6577
vn 0.4155 -0.6147 0.6704
vn 0.4163 -0.6241 0.6612
vn -0.1090 -0.8490 0.5170
vn -0.1120 -0.8496 0.5154
vn 0.7061 -0.1254 -0.6969
vn 0.7466 -0.1852 -0.6389
vn 0.7644 -0.1893 -0.6164
vn -0.0201 0.3625 -0.9318
vn -0.0325 0.3212 -0.9464
vn -0.0584 0.3897 -0.9191
vn -0.7382 -0.3104 0.5990
vn -0.7401 -0.3352 0.5830
vn -0.7347 -0.3234 0.5963
vn -0.7080 0.0524 -0.7043
vn -0.7127 0.2484 -0.6560
vn -0.6932 0.2048 -0.6910
vn -0.2605 -0.6425 0.7207
vn -0.1975 -0.6382 0.7441
vn -0.2508 -0.6073 0.7539
vn -0.7808 -0.1109 0.6149
vn -0.8050 -0.1240 0.5801
vn -0.7888 -0.1847 0.5862
vn -0.9984 0.0291 0.0491
vn -0.9970 0.0286 0.0722
vn -0.9968 0.0409 0.0688
vn -0.3275 0.6652 0.6710
vn -0.1962 0.7278 0.6571
vn -0.3120 0.5722 0.7585
vn -0.6071 0.1818 -0.7735
vn -0.6080 0.1917 -0.7705
vn -0.6010 0.2101 -0.7711
vn -0.1522 0.1678 -0.9740
vn -0.1763 0.2745 -0.9453
vn -0.0335 0.2505 -0.9675
vn -0.0471 0.1807 -0.9824
vn -0.4461 0.1936 0.8738
vn -0.3834 0.0740 0.9206
vn -0.3564 0.1100 0.9278
vn 0.0385 -0.9981 -0.0479
vn 0.0567 -0.9966 -0.0597
vn 0.0579 -0.9977 -0.0359
vn 0.0524 -0.9969 -0.0592
vn 0.3172 0.1416 -0.9377
vn 0.3124 0.1390 -0.9397
vn 0.2423 0.0833 -0.9666
vn 0.7821 -0.3682 0.5028
vn 0.7633 -0.3894 0.5155
vn 0.7795 -0.3951 0.4861
vn -0.8521 0.2958 -0.4318
vn -0.8718 0.2739 -0.4062
vn -0.8445 0.3077 -0.4384
vn 0.4222 0.4494 -0.7873
vn 0.2569 0.3837 -0.8870
vn 0.3311 0.4533 -0.8276
vn -0.1445 0.3836 -0.9121
vn -0.1783 0.3986 -0.8996
vn -0.2845 -0.9583 -0.0280
vn -0.2511 -0.9654 -0.0701
vn -0.2601 -0.9655 0.0102
vn -0.6274 -0.5175 -0.5819
vn -0.6451 -0.5003 -0.5776
vn -0.6287 -0.4449 -0.6379
vn -0.6061 -0.4882 -0.6280
vn 0.8122 -0.4815 0.3293
vn 0.8114 -0.5065 0.2916
vn 0.8262 -0.4857 0.2855
vn -0.6849 -0.5196 -0.5108
vn -0.6856 -0.5194 -0.5100
vn -0.6601 -0.4989 -0.5615
vn -0.5544 -0.6913 -0.4634
vn -0.5722 -0.6546 -0.4940
vn -0.5386 -0.6765 -0.5022
vn -0.1931 -0.7280 0.6578
vn -0.1947 -0.7436 0.6397
vn -0.1838 -0.7342 0.6536
vn -0.4557 -0.8120 -0.3645
vn -0.4959 -0.7835 -0.3744
vn -0.4265 -0.7845 -0.4503
vn -0.4284 -0.8258 -0.3667
vn 0.9591 0.2794 0.0450
vn 0.9459 0.3065 0.1064
vn 0.9372 0.3096 0.1605
vn -0.0249 -0.9997 0.0045
vn -0.0086 -0.9991 -0.0418
vn -0.0248 -0.9997 0.0044
vn -0.7084 -0.4221 0.5657
vn -0.6992 -0.4312 0.5702
vn -0.7259 -0.3877 0.5681
vn 0.1335 -0.7644 0.6308
vn 0.1398 -0.7640 0.6299
vn 0.1514 -0.7527 0.6408
vn 0.6096 -0.7884 0.0822
vn 0.6014 -0.7957 0.0714
vn 0.6149 -0.7861 0.0631
vn -0.8892 0.4534 -0.0619
vn -0.8823 0.4630 -0.0849
vn -0.8979 0.4333 -0.0778
vn 0.0029 0.9132 0.4075
vn -0.0022 0.9141 0.4056
vn -0.0223 0.9110 0.4119
vn 0.5132 -0.3077 -0.8012
vn 0.4930 -0.3165 -0.8104
vn 0.5173 -0.2960 -0.8030
vn -0.8812 -0.3950 0.2598
vn -0.8818 -0.3940 0.2592
vn -0.8814 -0.3949 0.2590
vn 0.9362 0.0856 0.3408
vn 0.9205 0.0524 0.3871
vn 0.9506 0.0709 0.3023
vn 0.9435 0.1121 0.3119
vn 0.3947 -0.1840 -0.9002
vn 0.4604 -0.2470 -0.8527
vn 0.5502 -0.1959 -0.8117
vn -0.2639 -0.8304 -0.4908
vn -0.2484 -0.8252 -0.5072
vn -0.2644 -0.8265 -0.4970
vn -0.0110 -0.9981 -0.0613
vn 0.0014 -0.9978 -0.0661
vn 0.0288 -0.9978 -0.0596
vn 0.0333 -0.6046 0.7959
vn 0.0691 -0.6150 0.7855
vn 0.0413 -0.5833 0.8112
vn 0.6373 0.2863 0.7154
vn 0.5864 0.3232 0.7428
vn 0.5622 0.2582 0.7857
vn 0.5135 0.2483 0.8214
vn 0.0297 0.2929 0.9557
vn 0.0639 0.2797 0.9580
vn 0.0471 0.3105 0.9494
vn 0.1550 -0.9780 -0.1394
vn 0.1630 -0.9768 -0.1390
vn 0.9136 -0.0509 0.4033
vn 0.9145 -0.0707 0.3983
vn 0.9632 -0.0385 0.2661
vn 0.9064 -0.0114 0.4222
vn 0.8027 0.0304 -0.5956
vn 0.8573 -0.0266 -0.5141
vn 0.8552 -0.0891 -0.5106
vn 0.7902 -0.0283 -0.6122
vn 0.6403 0.5465 -0.5398
vn 0.6729 0.4932 -0.5513
vn 0.6321 0.5097 -0.5837
vn -0.0879 -0.3915 0.9160
vn -0.0604 -0.4219 0.9046
vn -0.0514 -0.3966 0.9166
vn 0.0210 -0.9996 0.0201
vn 0.0587 -0.9969 0.0525
vn 0.1094 -0.9917 0.0678
vn -0.0169 -0.9994 -0.0292
vn -0.0224 -0.9967 -0.0778
vn -0.1423 -0.9844 -0.1034
vn -0.1203 -0.9866 -0.1099
vn -0.1182 -0.9877 -0.1029
vn -0.0263 -0.9996 0.0053
vn -0.0335 -0.9994 0.0034
vn 0.0194 -0.9997 -0.0122
vn -0.4458 0.8815 -0.1557
vn -0.4504 0.8892 -0.0802
vn -0.4425 0.8822 -0.1612
vn -0.3074 -0.9394 0.1520
vn -0.3061 -0.9399 0.1514
vn -0.3032 -0.9386 0.1647
vn -0.2432 0.3310 -0.9118
vn -0.3459 0.2961 -0.8903
vn -0.3139 0.3486 -0.8831
vn 0.0275 0.6574 0.7530
vn 0.0120 0.6460 0.7633
vn -0.0075 0.6190 0.7854
vn 0.0728 0.6361 0.7682
vn -0.3061 0.4898 0.8163
vn -0.3192 0.5178 0.7937
vn -0.3085 0.4871 0.8171
vn -0.3342 0.1277 0.9338
vn -0.3495 0.1295 0.9280
vn -0.4188 0.1263 0.8993
vn 0.0634 -0.9966 0.0521
vn 0.0523 -0.9977 0.0429
vn 0.0597 -0.9971 0.0478
vn -0.7584 0.0999 0.6441
vn -0.7316 0.0615 0.6790
vn -0.6609 0.0282 0.7499
vn 0.2630 -0.6045 -0.7520
vn -0.7426 0.5912 0.3147
vn -0.7517 0.6136 0.2418
vn -0.0847 0.5040 0.8596
vn -0.0999 0.5153 0.8512
vn -0.0984 0.4993 0.8608
vn 0.2797 0.9444 -0.1726
vn 0.2639 0.9470 -0.1832
vn 0.2976 0.9440 -0.1423
vn -0.2349 -0.6740 -0.7004
vn -0.2600 -0.7059 -0.6589
vn -0.2616 -0.6622 -0.7022
vn 0.0696 -0.9969 -0.0362
vn -0.0119 -0.9998 -0.0174
vn 0.0024 -0.9998 -0.0219
vn -0.0518 0.2540 -0.9658
vn -0.0206 0.1698 -0.9853
vn -0.0383 0.2017 -0.9787
vn -0.1146 0.9680 -0.2234
vn -0.0948 0.9612 -0.2591
vn -0.1607 0.9640 -0.2117
vn -0.1343 0.9831 -0.1242
vn -0.6624 -0.2381 -0.7103
vn -0.6452 -0.2322 -0.7279
vn -0.6229 -0.2713 -0.7338
vn -0.6848 -0.2673 -0.6779
vn -0.1278 0.6100 -0.7820
vn -0.1255 0.6191 -0.7753
vn -0.0448 0.5750 -0.8169
vn -0.3160 -0.9080 0.2751
vn -0.3142 -0.9089 0.2743
vn -0.3150 -0.9083 0.2754
vn 0.6036 0.1664 0.7797
vn 0.4969 0.1804 0.8488
vn 0.6072 0.0218 0.7943
vn -0.6050 -0.0888 -0.7913
vn -0.5829 -0.0670 -0.8098
vn 0.0350 -0.7182 0.6950
vn 0.0354 -0.7165 0.6967
vn 0.0317 -0.7165 0.6969
vn -0.1501 0.5199 0.8409
vn -0.1110 0.5087 0.8538
vn -0.1174 0.5136 0.8500
vn -0.1078 -0.6185 -0.7783
vn -0.1106 -0.5890 -0.8005
vn -0.0881 -0.5742 -0.8140
vn -0.7037 -0.3400 -0.6239
vn -0.7116 -0.3446 -0.6123
vn -0.7211 -0.3374 -0.6051
vn -0.1661 -0.9855 0.0354
vn 0.1882 -0.0073 -0.9821
vn -0.1653 -0.9856 0.0356
vn 0.3385 -0.9145 -0.2218
vn 0.2332 -0.9605 -0.1515
vn 0.2650 -0.9362 -0.2310
vn 0.3114 -0.9115 -0.2687
vn 0.7213 0.4764 -0.5027
vn 0.7623 0.4135 -0.4979
vn 0.6966 0.4373 -0.5688
vn -0.1582 -0.9871 -0.0225
vn -0.1726 -0.9845 -0.0316
vn -0.1878 -0.9806 -0.0561
vn 0.0868 0.5289 0.8443
vn 0.0931 0.5257 0.8455
vn 0.0960 0.5722 0.8145
vn 0.1129 0.8361 0.5368
vn 0.0826 0.8738 0.4791
vn 0.0796 0.8580 0.5074
vn 0.5876 -0.6905 0.4217
vn 0.5614 -0.6986 0.4436
vn 0.5812 -0.7123 0.3934
vn -0.5851 -0.1097 -0.8035
vn -0.5966 -0.1410 -0.7901
vn -0.4981 -0.0945 -0.8619
vn -0.5104 -0.1288 -0.8502
vn 0.3092 0.8731 -0.3770
vn 0.3613 0.8517 -0.3796
vn 0.3727 0.8392 -0.3961
vn 0.4165 0.7570 -0.5035
vn 0.3333 0.8243 -0.4576
vn 0.3767 0.8434 -0.3832
vn 0.5055 -0.6833 0.5269
vn 0.5382 -0.6145 0.5768
vn 0.5296 -0.6298 0.5682
vn 0.4059 0.7210 0.5616
vn 0.4120 0.7220 0.5559
vn 0.4082 0.7244 0.5556
vn 0.7046 0.0266 0.7091
vn 0.6736 -0.0911 0.7334
vn 0.7324 -0.0402 0.6797
vn 0.2494 0.9192 -0.3047
vn 0.2018 0.9334 -0.2966
vn 0.2228 0.9293 -0.2945
vn 0.8899 0.3814 -0.2503
vn 0.9128 0.2581 -0.3166
vn 0.8870 0.3685 -0.2783
vn -0.9958 -0.0634 -0.0659
vn -0.9979 -0.0388 -0.0522
vn -0.9975 -0.0415 -0.0580
vn -0.9966 -0.0406 -0.0717
vn 0.7164 0.4534 0.5303
vn 0.6836 0.4857 0.5448
vn 0.7007 0.4648 0.5412
vn 0.9508 0.0461 0.3065
vn 0.9785 0.0037 0.2063
vn 0.9854 0.0590 0.1599
vn 0.9557 0.0773 0.2842
vn -0.1472 -0.8569 -0.4939
vn -0.1090 -0.8797 -0.4628
vn -0.0740 -0.9052 -0.4185
vn 0.7813 -0.5685 0.2576
vn -0.7845 0.1381 -0.6046
vn -0.8421 0.2248 -0.4903
vn -0.7803 0.2812 -0.5586
vn -0.5533 0.1421 -0.8208
vn -0.5435 0.1488 -0.8261
vn -0.5009 0.0985 -0.8599
vn -0.5176 0.1081 -0.8488
vn -0.2433 -0.1782 0.9534
vn -0.2758 -0.2201 0.9357
vn -0.2420 -0.2323 0.9421
vn -0.7238 0.4745 -0.5010
vn -0.7165 0.5313 -0.4520
vn -0.6846 0.5389 -0.4908
vn 0.4829 0.2331 0.8441
vn 0.4529 0.2471 0.8566
vn 0.4566 0.2061 0.8655
vn 0.7378 0.4742 0.4804
vn 0.7400 0.4714 0.4797
vn 0.7952 0.4602 0.3948
vn 0.8221 0.4316 -0.3714
vn 0.8431 0.3953 -0.3646
vn 0.8230 0.3889 -0.4141
vn -0.0354 0.5898 0.8068
vn -0.0369 0.5455 0.8373
vn -0.0125 0.5759 0.8174
vn 0.4921 -0.7680 0.4098
vn 0.4834 -0.7726 0.4115
vn 0.4578 -0.7870 0.4136
vn -0.4097 0.2264 -0.8837
vn -0.3792 0.2432 -0.8928
vn -0.3791 0.1787 -0.9079
vn -0.4958 -0.0577 -0.8665
vn -0.4974 -0.1325 -0.8573
vn -0.5108 -0.0803 -0.8559
vn 0.6585 -0.3363 0.6733
vn 0.6569 -0.3387 0.6736
vn 0.6646 -0.3343 0.6682
vn -0.4871 0.4261 0.7623
vn -0.5114 0.4229 0.7481
vn -0.5582 0.3927 0.7309
vn 0.9502 0.2907 -0.1123
vn 0.9524 0.2535 -0.1691
vn 0.9372 0.2531 -0.2400
vn 0.7051 -0.7090 -0.0103
vn 0.6788 -0.7325 0.0504
vn 0.6780 -0.7351 0.0029
vn -0.9009 -0.4305 -0.0561
vn -0.8807 -0.4736 -0.0128
vn -0.9230 -0.3844 0.0177
vn -0.1956 -0.0870 -0.9768
vn -0.1431 -0.0926 -0.9854
vn -0.2086 -0.1202 -0.9706
vn -0.0310 0.1697 0.9850
vn -0.0040 0.1665 0.9860
vn -0.0243 0.1744 0.9844
vn 0.0339 -0.9285 -0.3699
vn 0.0427 -0.9246 -0.3786
vn 0.0212 -0.9250 -0.3793
vn -0.3215 0.1832 -0.9290
vn -0.4582 0.1587 -0.8746
vn -0.4297 0.2487 -0.8680
vn -0.7707 -0.5990 0.2172
vn -0.8057 -0.5527 0.2128
vn -0.7772 -0.5969 0.1991
vn 0.0385 -0.7112 0.7019
vn 0.0383 -0.7110 0.7021
vn 0.0405 -0.7109 0.7022
vn 0.1920 0.2023 -0.9603
vn 0.1677 0.2460 -0.9547
vn 0.1906 0.2740 -0.9426
vn -0.2306 -0.7045 0.6712
vn -0.2262 -0.7099 0.6670
vn -0.2187 -0.6899 0.6900
vn -0.0416 -0.9991 -0.0005
vn -0.0360 -0.9993 -0.0050
vn -0.0411 -0.9992 0.0001
vn -0.5169 -0.6811 -0.5186
vn -0.5080 -0.6787 -0.5303
vn -0.5090 -0.6789 -0.5292
vn 0.9856 0.1669 0.0273
vn 0.9951 0.0924 0.0353
vn 0.9959 0.0889 0.0156
vn 0.9004 -0.2067 0.3829
vn 0.8837 -0.2695 0.3828
vn 0.9220 -0.2874 0.2595
vn 0.5656 -0.7528 -0.3367
vn 0.5655 -0.7524 -0.3376
vn 0.5771 -0.7389 -0.3478
vn 0.9357 0.3472 -0.0629
vn 0.9613 0.2752 0.0117
vn 0.9523 0.2648 -0.1519
vn -0.9938 0.0856 0.0715
vn -0.9961 -0.0367 0.0801
vn -0.9863 0.0504 0.1568
vn -0.7092 -0.0101 0.7050
vn -0.7100 -0.0142 0.7041
vn -0.7039 -0.0067 0.7103
vn -0.5027 0.6687 0.5478
vn -0.5435 0.6617 0.5165
vn 0.6193 -0.7779 -0.1067
vn 0.6024 -0.7962 -0.0567
vn 0.6078 -0.7831 -0.1315
vn 0.0508 -0.9871 0.1521
vn 0.0742 -0.9915 0.1073
vn 0.0803 -0.9850 0.1526
vn 0.6099 0.7270 -0.3155
vn 0.6478 0.6954 -0.3110
vn 0.6511 0.6585 -0.3774
vn 0.9101 0.3917 0.1350
vn 0.9240 0.3760 0.0698
vn 0.8986 0.4381 0.0232
vn 0.5009 0.6993 -0.5099
vn 0.4637 0.7634 -0.4495
vn 0.4391 0.8353 -0.3308
vn 0.5840 -0.0592 -0.8096
vn 0.5369 -0.0982 -0.8379
vn 0.6489 -0.0319 -0.7602
vn -0.7696 -0.5886 0.2475
vn -0.7913 -0.5785 0.1981
vn -0.8023 -0.5668 0.1873
vn -0.2739 0.8938 -0.3551
vn -0.2511 0.8918 -0.3763
vn -0.2302 0.8790 -0.4176
vn 0.0523 -0.2399 -0.9694
vn 0.0118 -0.2674 -0.9635
vn 0.0218 -0.2267 -0.9737
vn -0.4619 0.8511 -0.2494
vn -0.4638 0.8505 -0.2481
vn -0.4616 0.8558 -0.2336
vn -0.5353 0.3376 -0.7743
vn -0.5310 0.1480 -0.8343
vn -0.4614 0.2902 -0.8384
vn 0.8587 0.3832 0.3402
vn 0.8689 0.3440 0.3558
vn 0.8692 0.3547 0.3445
vn 0.4336 0.1969 0.8793
vn 0.3548 0.1910 0.9152
vn 0.4030 0.1896 0.8954
vn 0.5603 -0.1225 0.8192
vn 0.5205 -0.0685 0.8511
vn 0.4801 -0.1282 0.8678
vn 0.0018 -0.9227 0.3856
vn -0.0327 -0.9335 0.3572
vn 0.0044 -0.9349 0.3550
vn -0.2308 -0.7892 0.5691
vn -0.2036 -0.8091 0.5512
vn -0.2049 -0.8081 0.5523
vn 0.0081 0.6344 0.7729
vn -0.0507 0.6193 0.7835
vn -0.0941 0.5744 0.8131
vn -0.9479 -0.2297 0.2207
vn -0.9516 -0.2386 0.1940
vn -0.9422 -0.2369 0.2370
vn -0.7512 -0.2209 -0.6219
vn -0.7467 -0.2152 -0.6294
vn -0.3414 0.8514 0.3983
vn -0.2999 0.8889 0.3464
vn -0.3460 0.8541 0.3884
vn 0.0887 0.6138 -0.7845
vn 0.0876 0.6662 -0.7406
vn 0.1198 0.6431 -0.7564
vn -0.0919 -0.4563 0.8850
vn -0.0657 -0.4621 0.8844
vn -0.0617 -0.4568 0.8875
vn 0.5865 -0.2783 -0.7606
vn 0.5666 -0.1379 -0.8124
vn 0.5955 -0.2069 -0.7762
vn 0.4507 0.3574 0.8180
vn 0.4129 0.3251 0.8508
vn 0.4335 0.3483 0.8311
vn 0.9278 0.3356 0.1629
vn 0.9293 0.3361 0.1528
vn 0.9272 0.3452 0.1454
vn -0.8827 0.1452 -0.4470
vn -0.8852 0.1685 -0.4336
vn -0.8774 0.1621 -0.4515
vn 0.4980 -0.2955 0.8152
vn 0.4911 -0.2933 0.8203
vn 0.4972 -0.2986 0.8146
vn 0.1611 -0.5005 -0.8506
vn 0.1582 -0.5015 -0.8506
vn 0.1596 -0.5008 -0.8507
vn 0.4724 0.8256 -0.3085
vn 0.4056 0.8459 -0.3463
vn 0.3896 0.8779 -0.2782
vn -0.8907 -0.4016 -0.2131
vn -0.8915 -0.4009 -0.2111
vn 0.0489 -0.2694 -0.9618
vn 0.0659 -0.3199 -0.9452
vn 0.0388 -0.2713 -0.9617
vn -0.0645 0.6152 -0.7857
vn -0.0226 0.6103 -0.7919
vn -0.0708 0.6014 -0.7958
vn 0.8196 -0.4007 0.4095
vn 0.8155 -0.4699 0.3377
vn 0.8218 -0.4400 0.3620
vn -0.0063 -0.9983 -0.0579
vn -0.0057 -0.9981 -0.0613
vn 0.0017 -0.9984 -0.0567
vn -0.0076 -0.9962 -0.0867
vn -0.0220 -0.9997 -0.0140
vn -0.0251 -0.9977 -0.0629
vn -0.2375 -0.7305 0.6403
vn -0.2036 -0.7367 0.6448
vn -0.2018 -0.7378 0.6442
vn 0.0029 -0.9934 -0.1143
vn -0.0026 -0.9927 -0.1210
vn 0.0111 -0.9928 -0.1192
vn -0.7108 0.4530 -0.5382
vn -0.7244 0.4630 -0.5108
vn -0.7000 0.4643 -0.5426
vn -0.0791 0.9296 -0.3600
vn -0.1657 0.9125 -0.3739
vn -0.1902 0.9419 -0.2769
vn 0.9366 -0.2348 0.2600
vn 0.9094 -0.2871 0.3010
vn 0.9107 -0.2895 0.2948
vn -0.0957 0.7485 -0.6562
vn -0.0143 0.7225 -0.6912
vn -0.0795 0.7160 -0.6935
vn -0.0837 -0.2247 -0.9708
vn -0.0814 -0.1801 -0.9803
vn -0.0766 -0.1814 -0.9804
vn -0.8977 -0.0879 0.4318
vn -0.9153 -0.1369 0.3789
vn -0.9012 -0.1633 0.4014
vn -0.8580 -0.1053 0.5027
vn -0.3572 0.8939 -0.2709
vn -0.3236 0.9004 -0.2906
vn -0.2977 0.8741 -0.3839
vn 0.4909 -0.6500 0.5801
vn 0.4910 -0.6499 0.5802
vn -0.8594 0.0953 0.5024
vn -0.8583 0.0894 0.5054
vn -0.2600 -0.8019 -0.5379
vn -0.2800 -0.7952 -0.5378
vn -0.2878 -0.7835 -0.5507
vn -0.5194 0.3122 0.7955
vn -0.5170 0.3478 0.7822
vn -0.5495 0.2939 0.7821
vn 0.1577 -0.8308 0.5338
vn 0.1978 -0.8546 0.4801
vn 0.1651 -0.8342 0.5262
vn -0.5406 0.4657 -0.7006
vn -0.5739 0.4774 -0.6654
vn -0.5707 0.5338 -0.6240
vn -0.1970 0.6682 -0.7174
vn -0.1379 0.6482 -0.7489
vn -0.1453 0.5355 -0.8320
vn -0.1775 -0.7395 0.6494
vn -0.2150 -0.7605 0.6127
vn -0.1904 -0.7516 0.6315
vn -0.2149 -0.0052 -0.9766
vn -0.2314 0.0098 -0.9728
vn -0.2296 0.0153 -0.9732
vn -0.4329 0.2449 -0.8675
vn -0.4024 0.2308 -0.8859
vn -0.4372 0.2341 -0.8684
vn -0.6024 0.6938 0.3946
vn -0.5714 0.7406 0.3536
vn -0.6275 0.7190 0.2988
vn -0.0118 -0.9999 0.0107
vn 0.0154 -0.9999 0.0028
vn 0.0084 -1.0000 -0.0015
vn 0.2122 -0.3473 0.9134
vn 0.2273 -0.3326 0.9153
vn 0.2413 -0.3192 0.9164
vn 0.1408 0.7287 -0.6702
vn 0.1850 0.7498 -0.6353
vn 0.2295 0.7517 -0.6183
vn 0.1911 0.6769 -0.7108
vn 0.2642 -0.8567 -0.4430
vn 0.2622 -0.8575 -0.4427
vn 0.2624 -0.8562 -0.4452
vn 0.9328 -0.2891 0.2152
vn 0.9312 -0.3286 0.1575
vn 0.9421 -0.2851 0.1767
vn 0.2606 -0.6779 -0.6874
vn 0.2116 -0.6898 -0.6924
vn 0.2417 -0.6700 -0.7019
vn 0.1605 -0.6545 -0.7388
vn 0.1619 -0.6491 -0.7433
vn 0.1599 -0.6731 -0.7221
vn 0.6545 -0.7531 0.0675
vn 0.6547 -0.7540 0.0526
vn 0.6612 -0.7494 0.0342
vn 0.6690 0.4707 0.5752
vn 0.6828 0.4047 0.6083
vn 0.6866 0.4067 0.6026
vn 0.4231 0.9037 0.0651
vn 0.4417 0.8971 -0.0077
vn 0.3887 0.9186 0.0718
vn -0.2879 0.4304 -0.8555
vn -0.2413 0.4547 -0.8573
vn -0.2413 0.4133 -0.8781
vn -0.0513 -0.9977 0.0451
vn -0.0488 -0.9957 0.0783
vn -0.0575 -0.9958 0.0713
vn 0.9703 0.1784 -0.1631
vn 0.9659 0.2299 -0.1189
vn 0.9570 0.2195 -0.1896
vn 0.9496 0.2528 -0.1853
vn 0.9400 0.3079 -0.1466
vn 0.7149 -0.3748 0.5903
vn 0.7461 -0.3908 0.5391
vn 0.7498 -0.3410 0.5670
vn -0.2845 0.4917 -0.8230
vn -0.2676 0.4835 -0.8334
vn -0.9174 -0.3945 0.0527
vn -0.9125 -0.4021 0.0753
vn -0.9212 -0.3726 0.1117
vn -0.7141 0.0892 -0.6943
vn -0.7317 0.0880 -0.6760
vn -0.7047 0.0842 -0.7045
vn -0.6523 0.1589 -0.7411
vn -0.6537 0.1135 -0.7482
vn -0.6802 0.1143 -0.7241
vn -0.1319 -0.8047 -0.5788
vn -0.0426 -0.8400 -0.5409
vn -0.1186 -0.8461 -0.5196
vn 0.7863 0.2357 -0.5711
vn 0.7934 0.2111 -0.5709
vn 0.7699 0.2255 -0.5970
vn 0.8834 0.2817 0.3745
vn 0.9146 0.2404 0.3250
vn 0.9152 0.2555 0.3117
vn 0.8911 0.2724 0.3630
usemtl mtlBunny
s off
f 1/1/1 2/2/2 3/3/1
f 4/4/3 5/5/4 6/6/4
f 5/5/5 7/7/6 6/6/5
f 7/8/7 8/9/8 5/10/9
f 7/8/10 5/10/11 9/11/12
f 10/12/13 6/6/13 7/7/14
f 8/13/8 10/12/15 7/7/7
f 9/11/16 10/14/17 7/8/18
f 11/15/19 9/11/20 12/16/21
f 9/17/22 6/6/23 10/12/23
f 185/18/24 441/19/25 131/20/26 182/21/27
f 15/22/28 16/23/29 11/15/30
f 15/24/31 17/25/32 18/26/33
f 15/24/34 18/26/35 13/27/36
f 17/25/37 15/24/38 9/28/39
f 17/25/40 9/28/41 16/29/42
f 19/30/43 17/31/44 15/22/45
f 17/31/46 16/23/47 15/22/48
f 20/32/49 21/33/50 1/1/49
f 19/34/51 18/26/51 17/25/52
f 22/35/53 23/36/54 18/26/53
f 23/37/55 22/38/56 19/30/56
f 23/37/57 19/30/58 11/15/59
f 22/35/60 18/26/60 19/34/60
f 23/36/61 24/39/62 18/26/63
f 22/38/64 23/37/65 24/40/66
f 11/15/67 24/40/68 23/37/69
f 24/39/70 25/41/71 18/26/72
f 25/42/73 26/43/74 24/40/75
f 25/42/76 24/40/77 11/15/78
f 25/41/79 27/44/80 18/26/81
f 28/45/82 29/46/83 25/47/84
f 28/45/85 25/47/86 26/48/87
f 27/49/88 29/50/89 25/42/90
f 27/49/91 25/42/92 11/15/93
f 29/50/94 28/51/95 26/43/96
f 29/50/97 26/43/98 25/42/73
f 21/33/99 2/2/100 1/1/101
f 27/44/102 30/52/103 31/53/103
f 29/54/104 30/52/105 27/44/106
f 32/55/107 30/56/108 27/57/109
f 31/58/110 21/59/111 20/60/110
f 207/61/112 206/62/113 573/63/114 49/64/115
f 36/65/116 37/66/117 38/67/118
f 281/68/119 283/69/120 634/70/121 736/71/122
f 311/72/123 356/73/124 195/74/125 312/75/126
f 295/76/127 128/77/128 483/78/129 482/79/130
f 439/80/131 779/81/132 394/82/133 393/83/134
f 51/84/135 52/85/136 53/86/137
f 282/87/138 412/88/139 413/89/140 463/90/141
f 287/91/142 286/92/143 678/93/144 292/94/145
f 60/95/146 61/96/147 62/97/148
f 184/98/149 583/99/150 440/100/151 185/101/152
f 21/102/153 32/103/154 66/104/155
f 69/105/156 123/106/157 391/107/158 126/108/159
f 70/109/160 71/110/161 72/111/162
f 490/112/163 100/113/164 493/114/165 494/115/166
f 275/116/167 112/117/168 205/118/169 276/119/170
f 92/120/171 91/121/172 154/122/173 155/123/174
f 654/124/175 672/125/176 674/126/177 456/127/178
f 82/128/179 83/129/180 84/130/181
f 540/131/182 539/132/183 73/133/184 752/134/185
f 350/135/186 90/136/187 351/137/188 352/138/189
f 91/121/190 92/120/191 93/139/192
f 722/140/193 598/141/194 401/142/195 770/143/196
f 96/144/197 97/145/198 98/146/199
f 73/147/200 521/148/201 74/149/202 75/150/203
f 772/151/204 751/152/205 750/153/206 116/154/207
f 105/155/208 106/156/209 107/157/210
f 108/158/211 109/159/212 110/160/213
f 719/161/214 117/162/215 702/163/216 578/164/217
f 549/165/218 730/166/219 110/167/220 109/168/221
f 117/162/222 118/169/223 44/170/224
f 430/171/225 576/172/226 586/173/227 431/174/228
f 223/175/229 177/176/230 224/177/231 222/178/232
f 123/179/233 124/180/234 125/181/235
f 657/182/236 149/183/237 556/184/238 555/185/239
f 95/186/240 55/187/241 56/188/242 54/189/243
f 130/190/244 131/20/245 132/191/246
f 133/192/247 134/193/248 135/194/249
f 136/195/250 137/196/251 138/197/252
f 394/82/253 779/81/254 415/198/255 341/199/256
f 142/200/257 143/201/258 47/202/259
f 765/203/260 770/143/261 790/204/262 748/205/263
f 778/206/264 785/207/265 407/208/266 738/209/267
f 148/210/268 149/183/269 150/211/270
f 599/212/271 598/141/272 773/213/273 724/214/274
f 400/215/275 399/216/276 703/217/277 704/218/278
f 562/219/279 703/217/280 690/220/281 776/221/282
f 159/222/283 160/223/284 161/224/285
f 36/65/286 162/225/287 163/226/288
f 477/227/289 462/228/290 642/229/291 606/230/292
f 576/231/293 709/232/294 51/233/295 586/234/296
f 169/235/297 170/236/298 171/237/299
f 183/238/300 151/239/301 152/240/302 153/241/303
f 158/242/304 589/243/305 632/244/306 485/245/307
f 218/246/308 212/247/309 693/248/310 694/249/311
f 180/250/312 181/251/313 136/195/313
f 370/252/314 395/253/315 55/187/316 188/254/317
f 183/255/318 184/256/319 185/18/320
f 227/257/321 543/258/322 542/259/323 626/260/324
f 465/261/325 247/262/326 715/263/327 466/264/328
f 70/109/329 72/111/330 343/265/331 687/266/332
f 193/267/333 194/268/334 191/269/335
f 366/270/336 194/271/337 193/272/338 315/273/339
f 482/79/340 358/274/341 627/275/342 513/276/343
f 546/277/344 541/278/345 266/279/346 601/280/347
f 484/281/348 258/282/349 156/283/350 485/284/351
f 69/105/352 206/62/353 207/61/354
f 415/198/355 592/285/356 593/286/357 341/199/358
f 209/287/359 210/288/360 211/289/361
f 593/286/362 594/290/363 420/291/364 423/292/365
f 306/293/366 402/294/367 381/295/368 380/296/369
f 719/161/370 144/297/371 118/169/372 117/162/373
f 416/298/374 322/299/375 417/300/376 398/301/377
f 225/302/378 226/303/379 227/257/380
f 567/304/381 538/305/382 536/306/383 613/307/384
f 436/308/385 264/309/386 263/310/387 437/311/388
f 233/312/389 234/313/390 235/314/391
f 789/315/392 173/316/393 620/317/394 726/318/395
f 498/319/396 12/16/397 201/320/398 221/321/399
f 370/252/400 580/322/401 217/323/402 369/324/403
f 242/325/404 243/326/405 244/327/406
f 427/328/407 667/329/408 481/330/409 182/21/410
f 248/331/411 249/332/412 250/333/413
f 251/334/414 252/335/415 253/336/416
f 323/337/417 293/338/418 294/339/419 322/340/420
f 145/341/421 129/342/422 95/186/423 54/189/424
f 369/343/425 216/344/426 457/345/427 560/346/428
f 259/347/429 260/348/430 261/349/431
f 783/350/432 310/351/433 528/352/434 603/353/435
f 265/354/436 266/279/437 267/355/438
f 427/328/439 182/21/440 131/20/441 130/190/442
f 521/356/443 73/133/444 539/132/445 411/357/446
f 429/358/447 272/359/448 271/360/449 428/361/450
f 307/362/451 406/363/452 154/122/453 91/121/454
f 80/364/455 277/365/456 81/366/457
f 284/367/458 257/368/459 285/369/460 277/365/461
f 281/68/462 282/87/463 283/69/464
f 677/370/465 156/371/466 258/372/467 257/373/468
f 78/374/469 286/92/470 287/91/471
f 491/375/472 490/112/473 677/370/474 257/373/475
f 189/376/476 487/377/477 187/378/478 188/254/479
f 293/379/480 161/380/481 294/381/482
f 382/382/483 381/295/484 440/100/485 583/99/486
f 296/383/487 52/384/488 155/385/489
f 489/386/490 441/387/491 381/388/492 402/389/493
f 456/127/494 674/126/495 350/390/496 560/346/497
f 301/391/498 303/392/499 304/393/500
f 426/394/501 43/395/502 42/396/503 192/397/504
f 91/121/505 305/398/506 307/362/507
f 357/399/508 699/400/509 240/401/510 239/402/511
f 761/403/512 418/404/513 362/405/514 546/277/515
f 313/406/516 314/407/516 315/273/517
f 679/408/518 559/409/519 558/410/520 443/411/521
f 590/412/522 475/413/523 479/414/524 589/243/525
f 115/415/526 319/416/527 320/417/528
f 178/418/529 692/419/530 179/420/531 119/421/532
f 766/422/533 204/423/534 768/424/535 767/425/536
f 200/426/537 324/427/538 325/428/539
f 342/429/540 341/430/541 593/431/542 723/432/543
f 722/140/544 408/433/545 773/213/546 598/141/547
f 309/434/548 328/435/549 329/436/550
f 330/437/551 331/438/552 66/439/553
f 50/440/554 291/441/555 292/94/556 48/442/557
f 332/443/558 333/444/559 129/342/560
f 334/445/561 335/446/562 336/447/562
f 337/448/563 307/362/564 83/129/565
f 231/449/566 297/450/567 102/451/568 232/452/569
f 146/453/570 133/192/571 749/454/572 147/455/573
f 248/331/574 250/333/575 652/456/576 538/457/577
f 62/458/578 570/459/579 361/460/580 360/461/581
f 353/462/582 256/463/583 569/464/584 354/465/585
f 613/466/586 209/467/587 211/468/588 568/469/589
f 406/363/590 307/362/591 337/448/592 405/470/593
f 687/266/594 343/265/595 341/430/596 342/429/597
f 426/394/598 273/471/599 274/472/600 43/395/601
f 455/473/602 148/210/603 298/474/604 300/475/605
f 285/476/606 257/373/607 258/372/608 41/477/609
f 216/344/610 553/478/611 456/127/612 457/345/613
f 488/479/614 487/377/615 333/444/616 332/443/617
f 412/88/618 736/71/619 316/480/620 413/89/621
f 367/481/622 368/482/623 302/483/624
f 369/343/625 217/484/626 216/344/627
f 270/485/628 395/486/629 271/360/630 272/359/631
f 371/487/632 372/488/632 373/489/633
f 684/490/634 491/491/635 257/368/636 284/367/637
f 788/492/638 80/364/639 81/366/640 40/493/641
f 776/494/642 690/495/643 758/496/644 383/497/645
f 2/2/646 376/498/647 199/499/648
f 774/500/649 581/501/650 523/502/651 525/503/652
f 380/296/653 381/295/654 382/382/655
f 684/490/656 611/504/657 443/411/658 558/410/659
f 384/505/660 112/117/661 275/116/662
f 316/506/663 318/507/664 385/508/665
f 386/509/666 387/510/666 388/511/666
f 419/512/667 421/513/668 145/341/669 665/514/670
f 393/83/671 394/82/672 72/515/673
f 395/486/674 370/516/675 369/517/676
f 255/518/677 286/92/678 392/519/679
f 123/179/680 103/520/681 297/450/682 124/180/683
f 302/483/684 303/392/685 301/391/686 97/145/687
f 43/521/688 87/522/689 383/497/690 44/170/691
f 71/523/692 294/524/693 161/224/694 72/515/695
f 54/189/696 56/188/697 134/193/698
f 145/341/699 54/189/700 146/453/701
f 264/309/702 339/525/703 262/526/704 263/310/705
f 407/527/706 408/528/707 409/529/708
f 410/530/709 220/531/710 219/532/711
f 176/533/712 175/534/713 411/357/714
f 295/535/715 482/536/716 512/537/717 159/222/718
f 198/538/719 414/539/720 202/540/721
f 424/541/722 187/378/723 488/479/724 64/542/725
f 240/401/726 229/543/727 238/544/728 239/402/729
f 524/545/730 268/546/731 269/547/732 517/548/733
f 184/549/734 153/241/735 731/550/736 583/551/737
f 493/114/738 707/552/739 607/553/740 704/218/741
f 187/378/742 424/541/743 425/554/744
f 706/555/745 705/556/746 554/557/747 556/558/748
f 103/559/749 123/106/750 207/61/751
f 260/348/752 582/560/753 726/561/754 720/562/755
f 164/563/756 254/564/757 331/565/758 165/566/759
f 292/94/760 291/441/761 287/91/762
f 139/567/763 579/568/764 140/569/765 88/570/766
f 435/571/767 79/572/768 76/573/769
f 410/574/770 219/575/771 577/576/772 434/577/773
f 162/225/774 215/578/775 163/226/776
f 303/392/777 438/579/778 104/580/779
f 99/581/780 327/582/781 100/583/782 101/584/783
f 185/101/784 440/100/785 441/585/786
f 205/118/787 766/586/788 636/587/789 276/119/790
f 443/411/791 444/588/792 445/589/793
f 550/590/794 654/124/795 551/591/796 38/67/797
f 180/592/798 449/593/799 181/594/800
f 244/595/801 451/596/802 452/597/803
f 214/598/804 213/599/805 305/600/806 306/601/807
f 454/602/808 148/210/809 150/211/808
f 248/331/810 537/603/811 740/604/812 256/463/813
f 265/605/814 645/606/815 143/201/816 142/200/817
f 298/474/818 148/210/819 454/602/820
f 458/607/821 298/608/822 454/609/823
f 459/610/824 259/347/825 261/349/826
f 460/611/827 339/612/828 461/613/829
f 462/228/830 405/470/831 337/448/832
f 601/280/833 266/279/834 265/354/835 142/614/836
f 464/615/837 465/616/838 466/617/839
f 512/537/840 511/618/841 160/223/842 159/222/843
f 140/619/844 89/620/845 88/621/846
f 565/622/847 476/623/848 230/624/849 229/625/850
f 352/626/851 345/627/852 470/628/853
f 400/629/854 770/143/855 401/142/856 399/630/857
f 62/631/858 508/632/859 744/633/860 570/634/861
f 112/117/862 384/505/863 113/635/864 111/636/865
f 406/363/866 405/470/867 476/623/868
f 672/637/869 88/621/870 89/620/871 90/136/872
f 478/638/873 479/639/874 480/640/875
f 47/202/876 578/164/877 45/641/878 46/642/879
f 438/579/880 303/392/881 232/452/882 102/451/883
f 484/643/884 485/245/885 486/644/886
f 488/479/887 187/378/888 487/377/889
f 498/319/890 221/321/891 499/645/892 500/646/893
f 294/524/894 71/523/895 417/647/896
f 241/648/897 178/418/898 59/649/899 649/650/900
f 175/534/901 342/651/902 723/652/903 411/357/904
f 495/653/905 496/654/906 497/655/907
f 631/656/908 626/260/909 542/259/910 605/657/911
f 59/649/912 178/418/913 119/421/914 57/658/915
f 647/659/916 337/448/917 83/129/918 82/128/919
f 578/164/920 702/163/921 701/660/922 45/641/923
f 375/661/924 506/662/925 507/663/926
f 508/664/927 437/665/928 509/666/929
f 484/643/930 486/644/931 510/667/932
f 511/618/933 512/537/934 513/668/935
f 501/669/936 503/670/937 514/671/938
f 473/672/939 537/603/940 211/468/941 472/673/942
f 516/674/943 517/548/944 269/547/945
f 222/178/946 229/543/947 518/675/948
f 519/676/949 472/673/950 520/677/951
f 196/678/952 729/679/953 197/680/954 195/681/955
f 523/502/956 524/545/957 525/503/958
f 698/682/959 141/683/960 39/684/961 612/685/962
f 528/686/963 529/687/964 105/155/965
f 212/247/966 218/246/967 213/599/968 214/598/969
f 531/688/970 532/689/971 220/531/972
f 533/690/973 534/691/974 535/692/975
f 534/691/976 533/690/977 536/693/978
f 537/603/979 248/331/980 538/457/981
f 279/694/982 659/695/983 280/696/984 278/697/985
f 541/278/986 282/87/987 463/90/988
f 266/279/989 541/278/990 463/90/991
f 542/259/992 543/258/993 544/698/994
f 630/699/995 433/700/996 741/701/997 742/702/998
f 324/703/999 326/704/1000 335/705/1001
f 541/278/1002 546/277/1003 282/87/1004
f 48/442/1005 292/94/1006 304/393/1007
f 261/349/1008 260/348/1009 720/562/1010 721/706/1011
f 549/165/1012 109/168/1013 279/707/1014
f 208/708/1015 642/229/1016 337/448/1017 647/659/1018
f 495/709/1019 451/710/1020 246/711/1021
f 552/712/1022 553/713/1023 216/714/1024
f 552/715/1025 216/344/1026 162/225/1027
f 383/497/1028 507/663/1029 700/716/1030 702/163/1031
f 554/717/1032 555/185/1033 556/184/1034
f 32/718/1035 27/719/1036 11/720/1037
f 62/97/1038 61/96/1039 508/664/1040
f 501/669/1041 765/721/1042 502/722/1043 503/670/1044
f 105/155/1045 558/723/1046 559/724/1047
f 61/96/1048 60/95/1049 436/725/1050
f 264/726/1051 436/727/1052 60/728/1053
f 457/729/1054 456/730/1055 560/731/1056
f 561/732/1057 464/615/1058 466/617/1059
f 86/733/1060 494/115/1061 562/219/1062
f 563/734/1063 500/646/1064 564/735/1065
f 764/736/1066 527/737/1067 526/738/1068 692/739/1069
f 567/740/1070 568/469/1071 537/603/1072
f 567/740/1073 537/603/1074 538/457/1075
f 143/201/1076 379/741/1077 719/161/1078 47/202/1079
f 140/742/1080 468/743/1081 89/744/1082
f 761/403/1083 601/280/1084 142/614/1085 602/745/1086
f 617/746/1087 317/747/1088 618/748/1089 63/749/1090
f 366/270/1091 415/198/1092 439/80/1093 194/271/1094
f 397/750/1095 175/534/1096 176/533/1097 177/176/1098
f 171/237/1099 622/751/1100 442/752/1101 169/235/1102
f 634/753/1103 692/739/1104 526/738/1105 736/754/1106
f 46/642/1107 45/641/1108 572/755/1109
f 573/63/1110 574/756/1111 49/64/1112
f 130/757/1113 132/758/1114 575/759/1115
f 391/760/1116 125/761/1117 127/762/1118
f 424/541/1119 348/763/1120 425/554/1121
f 575/759/1122 132/758/1123 489/386/1124 675/764/1125
f 173/316/1126 789/315/1127 174/765/1128 172/766/1129
f 560/346/1130 350/390/1131 428/767/1132
f 190/768/1133 192/397/1134 42/396/1135 557/769/1136
f 346/770/1137 461/771/1138 344/772/1139 345/627/1140
f 584/773/1141 309/434/1142 329/436/1143
f 585/774/1144 586/234/1145 51/233/1146
f 730/166/1147 549/165/1148 570/634/1149 571/775/1150
f 229/543/1151 222/178/1152 453/776/1153 238/544/1154
f 76/777/1155 591/778/1156 435/779/1157
f 580/322/1158 370/252/1159 188/254/1160 425/554/1161
f 64/542/1162 348/763/1163 424/541/1164
f 220/531/1165 221/321/1166 203/780/1167 219/532/1168
f 593/286/1169 592/285/1170 594/290/1171
f 249/332/1172 392/519/1173 77/781/1174
f 595/782/1175 335/446/1175 326/783/1176
f 243/784/1177 242/785/1178 670/786/1179 671/787/1180
f 596/788/1181 373/489/1182 372/488/1181
f 459/610/1183 261/349/1184 597/789/1185
f 425/554/1186 188/254/1187 187/378/1188
f 68/790/1189 450/791/1190 323/337/1191
f 598/141/1192 599/212/1193 600/792/1194
f 713/793/1195 37/66/1196 633/794/1197 35/795/1198
f 449/796/1199 603/353/1200 181/251/1201
f 604/797/1202 605/657/1203 542/259/1204
f 322/340/1205 606/230/1206 323/337/1207
f 636/587/1208 639/798/1209 367/481/1210 635/799/1211
f 199/499/1212 664/800/1213 326/783/1214 324/427/1215
f 471/801/1216 470/628/1217 345/627/1218 344/772/1219
f 447/802/1220 164/563/1221 165/566/1222 166/803/1223
f 284/367/1224 172/766/1225 174/765/1226 611/504/1227
f 614/804/1228 615/805/1229 616/806/1230
f 298/474/1231 458/807/1232 468/743/1233 299/808/1234
f 65/809/1235 619/810/1236 63/749/1237
f 176/533/1238 411/357/1239 539/132/1240
f 81/366/1241 285/369/1242 41/811/1243 40/493/1244
f 299/808/1245 544/698/1246 300/475/1247 298/474/1248
f 58/812/1249 442/752/1250 621/813/1251
f 437/814/1252 263/815/1253 623/816/1254
f 509/817/1255 437/814/1256 623/816/1255
f 624/818/1257 308/819/1258 625/820/1259
f 227/257/1260 626/260/1261 225/302/1262
f 37/66/1263 141/683/1264 698/682/1265 38/67/1266
f 343/265/1267 72/111/1268 394/821/1269
f 628/822/1270 629/823/1271 532/824/1272
f 630/699/1273 410/574/1274 433/700/1275
f 413/89/1276 316/480/1277 385/825/1278 697/826/1279
f 605/657/1280 486/644/1281 632/244/1282
f 485/245/1283 632/244/1284 486/644/1285
f 631/656/1286 632/244/1287 589/243/1288 479/414/1289
f 50/440/1290 152/827/1291 291/441/1292
f 148/828/1293 455/829/1294 422/830/1295
f 665/514/1296 145/341/1297 146/453/1298 147/455/1299
f 230/624/1300 476/623/1301 405/470/1302
f 283/831/1303 179/420/1304 634/832/1305
f 557/833/1306 651/834/1307 315/273/1308 190/835/1309
f 86/733/1310 562/219/1311 87/836/1312 85/837/1313
f 426/394/1314 608/838/1315 475/839/1316 273/471/1317
f 63/840/1318 619/841/1319 617/842/1320
f 447/843/1321 446/844/1322 168/845/1323
f 170/236/1324 169/235/1325 119/421/1326 362/846/1327
f 326/783/1328 637/847/1329 638/848/1330
f 368/482/1331 367/481/1332 639/798/1333
f 640/849/1334 547/850/1335 641/851/1336
f 282/87/1337 546/277/1338 362/405/1339
f 626/260/1340 479/414/1341 478/852/1342 225/302/1343
f 617/853/1344 619/854/1345 646/855/1346 318/507/1347
f 249/332/1348 255/518/1349 392/519/1350
f 333/856/1351 644/857/1352 129/858/1353
f 333/444/1354 487/377/1355 644/859/1356
f 527/860/1357 186/861/1358 317/747/1359
f 347/862/1360 349/863/1361 215/864/1362 580/322/1363
f 518/865/1364 229/625/1365 230/624/1366 228/866/1367
f 633/794/1368 37/66/1369 36/65/1370 163/226/1371
f 349/867/1372 33/868/1373 163/226/1374 215/578/1375
f 708/869/1376 707/870/1377 493/871/1378 327/582/1379
f 234/313/1380 99/581/1381 101/584/1382 329/436/1383
f 746/872/1384 506/873/1385 747/874/1386 597/789/1387
f 202/875/1388 587/876/1389 203/780/1390
f 645/606/1391 646/877/1392 377/878/1393
f 528/352/1394 310/351/1395 529/879/1396
f 421/513/1397 420/291/1398 129/342/1399
f 272/359/1400 429/358/1401 650/880/1402
f 314/407/1403 332/443/1404 129/342/1405
f 488/479/1406 332/443/1407 651/834/1408
f 492/881/1409 106/156/1410 100/882/1411
f 485/883/1412 156/884/1413 157/885/1414 158/886/1415
f 300/475/1416 544/698/1417 543/258/1418
f 550/590/1419 653/887/1420 654/124/1421
f 422/830/1422 547/850/1423 149/888/1424 148/828/1425
f 177/176/1426 176/533/1427 539/132/1428
f 574/756/1429 573/63/1430 656/889/1431
f 186/861/1432 348/763/1433 64/542/1434 63/749/1435
f 658/890/1436 659/891/1437 628/822/1438
f 143/201/1439 645/606/1440 377/878/1441
f 380/296/1442 382/382/1443 693/892/1444 212/893/1445
f 644/859/1446 94/894/1447 95/186/1448 129/342/1449
f 739/895/1450 775/896/1451 700/897/1452 780/898/1453
f 662/899/1454 663/900/1455 664/800/1456
f 312/75/1457 195/74/1458 660/901/1459
f 183/255/1460 182/21/1461 481/330/1462 151/902/1463
f 237/903/1464 234/313/1465 233/312/1466 236/904/1467
f 113/635/1468 384/505/1469 519/676/1470
f 481/330/1471 667/329/1472 668/905/1473
f 774/500/1474 582/560/1475 260/348/1476 581/501/1477
f 670/906/1478 478/638/1479 671/907/1480
f 88/621/1481 672/637/1482 653/908/1483
f 673/909/1484 239/402/1485 238/544/1486
f 139/567/1487 88/570/1488 653/887/1489 550/590/1490
f 122/910/1491 675/764/1492 676/911/1493
f 229/625/1494 240/912/1495 565/622/1496
f 559/409/1497 679/408/1498 528/352/1499
f 409/529/1500 408/528/1501 514/671/1502
f 680/913/1503 432/914/1504 681/915/1505
f 403/916/1506 682/917/1507 683/918/1508
f 217/323/1509 580/322/1510 215/864/1511
f 45/641/1512 701/660/1513 643/919/1514 572/755/1515
f 94/894/1516 189/376/1517 55/187/1518 95/186/1519
f 384/505/1520 588/920/1521 472/673/1522 519/676/1523
f 371/921/1524 685/922/1524 686/923/1524
f 397/750/1525 70/924/1526 687/925/1527
f 221/321/1528 201/320/1529 202/875/1530 203/780/1531
f 688/926/1532 585/774/1533 673/909/1534
f 609/927/1535 192/397/1536 191/269/1537
f 431/928/1538 752/134/1539 75/929/1540 432/914/1541
f 272/930/1542 650/931/1543 689/932/1544
f 262/933/1545 338/934/1546 623/816/1547
f 399/935/1548 614/804/1549 690/936/1550
f 492/937/1551 100/113/1552 490/112/1553
f 260/348/1554 691/938/1555 581/501/1556
f 563/734/1557 756/939/1558 498/319/1559 500/646/1560
f 695/940/1561 484/281/1562 510/941/1563
f 547/850/1564 640/849/1565 556/942/1566 149/888/1567
f 92/120/1568 155/123/1569 784/943/1570 734/944/1571
f 651/834/1572 64/542/1573 488/479/1574
f 252/335/1575 608/838/1576 609/927/1577 253/336/1578
f 723/945/1579 423/946/1580 74/149/1581 521/148/1582
f 126/947/1583 391/760/1584 127/762/1585 128/77/1586
f 421/513/1587 129/342/1588 145/341/1589
f 476/623/1590 565/622/1591 712/948/1592 406/363/1593
f 704/218/1594 703/217/1595 562/219/1596 494/115/1597
f 581/501/1598 691/938/1599 523/502/1600
f 472/673/1601 211/468/1602 520/677/1603
f 445/949/1604 136/950/1604 181/951/1604
f 543/952/1605 114/953/1606 545/954/1607 300/955/1608
f 722/140/1609 515/956/1610 514/957/1611 408/433/1612
f 676/911/1613 505/958/1614 504/959/1615 122/910/1616
f 655/960/1617 464/615/1618 561/732/1619 231/449/1620
f 659/891/1621 109/159/1622 108/158/1623 628/822/1624
f 62/458/1625 733/961/1626 359/962/1627 60/728/1628
f 356/963/1629 705/556/1630 706/555/1631
f 325/428/1632 334/445/1633 587/876/1634 200/426/1635
f 622/751/1636 621/813/1637 442/752/1638
f 458/964/1639 657/965/1640 346/770/1641 530/966/1642
f 684/967/1643 558/723/1644 107/157/1645 491/968/1646
f 105/155/1647 584/969/1648 106/156/209
f 393/83/1649 160/223/1650 511/618/1651 439/80/1652
f 674/970/1653 90/136/1654 350/135/1655
f 363/971/1656 709/232/1657 364/972/1658
f 111/636/1659 204/973/1660 205/118/1661 112/117/1662
f 334/974/1663 325/975/1664 335/705/1665
f 9/28/1666 15/24/1667 13/27/1668 14/976/1669
f 182/21/1670 183/255/1671 185/18/1672
f 536/693/1673 652/456/1674 534/691/1675
f 666/977/1676 475/839/1677 608/838/1678
f 432/914/1679 665/514/1680 710/978/1681
f 320/979/1682 768/980/1683 204/973/1684 111/636/1685
f 154/122/1686 712/948/1687 696/981/1688 296/982/1689
f 711/983/1690 198/538/1691 202/540/1692
f 398/984/1693 71/523/1694 70/924/1695 396/985/1696
f 249/332/1697 248/331/1698 256/463/1699 255/518/1700
f 628/822/1701 531/986/1702 681/915/1703 658/890/1704
f 532/824/1705 531/986/1706 628/822/1707
f 218/987/1708 694/988/1709 389/989/1710 390/990/1711
f 404/991/1712 675/764/1713 489/386/1714
f 453/776/1715 688/926/1716 673/909/1717 238/544/1718
f 533/690/1719 729/679/1720 196/678/1721 536/693/1722
f 38/67/1723 698/682/1724 550/590/1725
f 715/263/1726 247/262/1727 716/992/1728
f 717/993/1729 209/287/1730 718/994/1731
f 320/995/1732 319/996/1733 226/997/1734 768/424/1735
f 610/998/1736 611/504/1737 174/765/1738
f 302/483/1739 232/452/1740 303/392/1741
f 288/999/1742 726/318/1743 620/317/1744 171/237/1745
f 123/106/1746 125/1000/1747 391/107/1748
f 542/259/1749 544/698/1750 299/808/1751 467/1001/1752
f 232/452/1753 368/482/1754 231/449/1755
f 346/770/1756 460/1002/1757 461/771/1758
f 134/193/1759 56/188/1760 135/194/1761
f 723/652/1762 521/356/1763 411/357/1764
f 644/859/1765 487/377/1766 94/894/1767
f 724/1003/1768 615/805/1769 599/1004/1770
f 153/241/1771 152/240/1772 390/990/1773
f 651/834/1774 65/809/1775 63/749/1776 64/542/1777
f 762/1005/1778 338/934/1779 759/1006/1780 32/1007/1781
f 166/1008/1782 725/1009/1783 448/1010/1784
f 610/1011/1785 726/561/1786 582/560/1787
f 220/531/1788 532/689/1789 629/1012/1790
f 397/750/1791 177/176/1792 223/175/1793
f 31/1013/1794 32/1014/1795 21/1015/1796
f 727/1016/1797 340/1017/1798 728/1018/1799
f 277/365/1800 58/812/1801 648/1019/1802 284/367/1803
f 34/1020/1804 33/1021/1805 349/863/1806 186/861/1807
f 531/688/1808 220/531/1809 630/1022/1810
f 553/478/1811 654/124/1812 456/127/1813
f 553/478/1814 551/591/1815 654/124/1816
f 210/1023/1817 519/676/1818 520/677/1819
f 733/1024/1820 360/1025/1821 361/1026/1822 753/1027/1823
f 480/640/1824 475/839/1825 666/977/1826 548/1028/1827
f 467/1001/1828 604/797/1829 542/259/1830
f 127/762/1831 716/992/1832 358/274/1833 128/77/1834
f 81/366/1835 277/365/1836 285/369/1837
f 340/1017/1838 555/1029/1839 728/1018/1840
f 323/337/1841 606/230/1842 642/229/1843 68/790/1844
f 80/364/1845 649/650/1846 58/812/1847 277/365/1848
f 246/711/1849 365/1030/1850 247/262/1851 245/1031/1852
f 115/415/1853 321/1032/1854 116/154/1855 114/953/1856
f 732/1033/1857 616/1034/1858 371/921/1857
f 650/931/1859 469/1035/1860 733/1024/1861
f 35/795/1862 633/794/1863 33/868/1864 34/1036/1865
f 62/458/1866 360/461/1867 733/961/1868
f 419/512/1869 665/514/1870 74/1037/1871
f 661/1038/1872 331/438/1873 330/437/1874 660/1039/1875
f 695/940/1876 510/941/1877 579/568/1878 139/567/1879
f 367/481/1880 302/483/1881 97/145/1882
f 737/1040/1883 738/209/1884 388/511/1883
f 597/789/1885 261/349/1886 739/895/1887
f 661/1038/1888 535/1041/1889 165/1042/1890
f 321/1032/1891 113/1043/1892 210/288/1893 772/151/1894
f 473/672/1895 740/604/1896 537/603/1897
f 447/802/1898 166/803/1899 448/1044/1900 446/1045/1901
f 327/582/1902 99/581/1903 760/1046/1904 708/869/1905
f 313/406/1906 651/834/1907 743/1047/1906
f 332/443/1908 743/1047/1909 651/834/1910
f 118/169/1911 42/1048/1912 43/521/1913 44/170/1914
f 744/633/1915 508/632/1916 509/1049/1917
f 368/482/1918 639/798/1919 452/597/1920 497/655/1921
f 196/678/1922 209/467/1923 613/466/1924
f 472/673/1925 588/920/1926 473/672/1927
f 65/809/1928 651/834/1929 378/1050/1930
f 465/261/1931 245/1031/1932 247/262/1933
f 401/1051/1934 600/1052/1935 399/1053/1936
f 259/347/1937 707/1054/1938 708/1055/1939 691/938/1940
f 377/878/1941 65/1056/1942 378/1057/1943 379/741/1944
f 6/6/1945 9/17/1946 745/1058/1945
f 761/403/1947 602/745/1948 289/1059/1949 418/404/1950
f 748/1060/1951 747/874/1952 502/722/1953
f 57/658/1954 119/421/1955 169/235/1956 442/752/1957
f 587/876/1958 334/445/1959 336/447/1960
f 68/790/1961 642/229/1962 208/708/1963
f 717/993/1964 750/153/1965 751/152/1966
f 247/262/1967 252/335/1968 251/334/1969 716/992/1970
f 306/601/1971 305/600/1972 403/916/1973
f 617/853/1974 318/507/1975 316/506/1976 317/1061/1977
f 419/512/1978 423/292/1979 420/291/1980 421/513/1981
f 395/486/1982 369/517/1983 560/1062/1984 271/360/1985
f 688/926/1986 752/134/1987 585/774/1988
f 38/67/1989 551/591/1990 36/65/1991
f 641/851/1992 706/1063/1993 556/942/1994
f 699/400/1995 53/1064/1996 566/1065/1997
f 355/1066/1998 678/93/1999 353/462/2000 354/465/2001
f 267/1067/2002 646/877/2003 645/606/2004 265/605/2005
f 671/907/2006 478/638/2007 548/1028/2008
f 637/847/2009 675/764/2010 735/1068/2011
f 351/1069/2012 458/964/2013 530/966/2014
f 18/26/2015 754/1070/2015 13/27/2016
f 435/779/2017 575/759/2018 675/764/2019 122/910/2020
f 127/762/2021 715/263/2022 716/992/2023
f 528/686/2024 105/155/2025 559/724/2026
f 585/774/2027 51/233/2028 357/399/2029 673/909/2030
f 506/1071/2031 755/1072/2032 747/1073/2033
f 756/1074/2034 11/1075/2035 12/1076/2036
f 720/562/2037 288/1077/2038 290/1078/2039 721/706/2040
f 703/1079/2041 399/935/2042 690/936/2043
f 197/1080/2044 661/1038/2045 660/1039/2046
f 348/763/2047 186/861/2048 349/863/2049 347/862/2050
f 689/932/2051 650/931/2052 733/1024/2053 753/1027/2054
f 507/663/2055 383/497/2056 758/496/2057
f 759/1006/2058 330/437/2059 66/439/2060
f 759/1006/2061 66/439/2062 32/1007/2063
f 450/791/2064 67/1081/2065 295/1082/2066 293/338/2067
f 357/399/2068 51/233/2069 53/1064/2070
f 577/576/2071 709/232/2072 576/231/2073
f 527/737/2074 317/1061/2075 316/506/2076
f 375/1083/2077 373/1084/2078 596/1085/2079
f 434/577/2080 577/576/2081 576/231/2082 430/1086/2083
f 146/453/2084 54/189/2085 134/193/2086
f 150/211/2087 149/183/2088 657/182/2089
f 510/941/2090 604/1087/2091 467/1088/2092 579/568/2093
f 612/685/2094 139/567/2095 550/590/2096 698/682/2097
f 133/1089/2098 753/1027/2099 278/1090/2100
f 608/838/2101 426/394/2102 609/927/2103
f 602/1091/2104 142/200/2105 47/202/2106 46/642/2107
f 500/646/2108 762/1005/2109 564/735/2110
f 763/1092/2111 330/437/2112 759/1006/2113
f 451/1093/2114 244/327/2115 243/326/2116
f 364/972/2117 784/1094/2118 155/1095/2119 363/971/2120
f 278/1090/2121 753/1027/2122 361/1026/2123
f 224/177/2124 540/131/2125 688/926/2126 453/776/2127
f 655/960/2128 496/654/2129 465/616/2130 464/615/2131
f 380/1096/2132 214/598/2133 306/601/2134
f 659/891/2135 279/1097/2136 109/159/2137
f 244/595/2138 452/597/2139 242/785/2140
f 765/203/2141 748/205/2142 502/1098/2143
f 409/1099/2144 386/509/2144 738/209/2145
f 510/941/2146 486/1100/2147 605/1101/2148 604/1087/2149
f 252/335/2150 666/977/2151 608/838/2152
f 296/982/2153 53/1102/2154 52/1103/2155
f 158/886/2156 157/885/2157 85/1104/2158 590/1105/2159
f 545/1106/2160 114/1107/2161 455/1108/2162
f 677/370/2163 157/1109/2164 156/371/2165
f 602/1110/2166 643/1111/2167 290/1078/2168 289/1112/2169
f 129/342/2170 420/291/2171 314/407/2172
f 711/1113/2173 12/16/2174 4/1114/2175 782/1115/2176
f 766/422/2177 767/425/2178 452/1116/2179
f 308/1117/2180 328/1118/2181 309/1119/2182 310/1120/2183
f 140/742/2184 579/1121/2185 467/1001/2186 468/743/2187
f 58/812/2188 649/650/2189 59/649/2190 57/658/2191
f 115/415/2192 320/417/2193 321/1032/2194
f 372/488/2195 371/487/2195 737/1122/2195
f 516/1123/2196 449/796/2197 180/250/2198
f 352/138/2199 429/358/2200 428/361/2201 350/135/2202
f 438/579/2203 102/451/2204 103/520/2205 104/580/2206
f 630/699/2207 220/1124/2208 410/574/2209
f 569/464/2210 98/146/2211 354/465/2212
f 311/72/2213 757/1125/2214 705/1126/2215 356/73/2216
f 664/800/2217 167/1127/2218 662/899/2219
f 373/1128/2220 732/1033/2221 371/921/2221
f 282/87/2222 281/68/2223 412/88/2224
f 571/775/2225 769/1129/2226 730/166/2227
f 718/994/2228 641/851/2229 717/993/2229
f 190/768/2230 193/267/2231 191/269/2232 192/397/2233
f 416/298/2234 398/301/2235 396/1130/2236 714/1131/2237
f 504/959/2238 120/1132/2239 121/1133/2240 122/910/2241
f 147/1134/2242 710/1135/2243 665/1136/2244
f 648/1019/2245 58/812/2246 621/813/2247 172/766/2248
f 315/273/2249 592/285/2250 366/270/2251
f 594/290/2252 592/285/2253 315/273/2254
f 635/799/2255 276/119/2256 636/587/2257
f 461/613/2258 339/612/2259 264/726/2260
f 43/1137/2261 274/1138/2262 87/836/2263
f 509/817/2264 499/645/2265 769/1139/2266
f 317/747/2267 186/861/2268 618/748/2269
f 18/1140/2270 20/1141/2270 754/1142/2270
f 282/87/2271 362/405/2272 283/69/2273
f 452/597/2274 451/596/2275 495/653/2276 497/655/2277
f 669/1143/2278 98/146/2279 97/145/2280 301/391/2281
f 330/1144/2282 757/1125/2283 311/72/2284
f 435/779/2285 122/910/2286 121/1133/2287 79/1145/2288
f 371/921/2289 686/923/2289 737/1040/2289
f 555/1029/2290 554/1146/2291 728/1018/2292
f 771/1147/2293 427/328/2294 78/374/2295
f 78/374/2296 427/328/2297 591/1148/2298
f 35/795/2299 34/1036/2300 764/1149/2301
f 528/352/2302 445/589/2303 603/353/2304
f 39/684/2305 141/683/2306 40/493/2307 41/811/2308
f 662/899/2309 504/959/2310 505/958/2311 663/900/2312
f 459/1150/2313 597/1151/2314 748/205/2315
f 516/674/2316 269/547/2317 236/1152/2318
f 206/62/2319 647/659/2320 573/63/2321
f 536/693/2322 538/457/2323 652/456/2324
f 77/1153/2325 392/1154/2326 78/1155/2327 76/1156/2328
f 51/233/2329 363/971/2330 52/1157/2331
f 72/515/2332 161/224/2333 393/83/2334
f 505/958/2335 637/847/2336 326/783/2337 663/900/2338
f 387/510/2339 596/1158/2339 388/511/2339
f 764/736/2340 178/1159/2341 241/1160/2342 35/1161/2343
f 495/653/2344 245/1162/2345 465/616/2346 496/654/2347
f 725/1163/2348 652/456/2349 79/572/2350
f 314/407/2351 594/290/2352 315/273/2353
f 135/1164/2354 272/930/2355 689/932/2356
f 13/1165/2357 1/1166/2358 745/1167/2358
f 104/580/2359 49/1168/2360 50/440/2361 48/442/2362
f 102/451/2363 297/450/2364 103/520/2365
f 271/360/2366 560/1062/2367 428/361/2368
f 714/1169/2369 222/178/2370 518/675/2371 228/1170/2372
f 6/1171/2373 745/1172/2373 1/1173/2373
f 605/657/2374 632/244/2375 631/656/2376
f 569/464/2377 256/463/2378 740/604/2379
f 588/920/2380 569/464/2381 473/672/2382
f 473/672/2383 569/464/2384 740/604/2385
f 694/988/2386 731/550/2387 389/989/2388
f 495/709/2389 246/711/2390 245/1031/2391
f 557/1174/2392 42/1048/2393 118/169/2394 144/297/2395
f 262/933/2396 623/816/2397 263/815/2398
f 132/758/2399 131/1175/2400 441/387/2401 489/386/2402
f 177/176/2403 539/132/2404 540/131/2405 224/177/2406
f 319/1176/2407 227/257/2408 226/303/2409
f 108/158/2410 110/160/2411 629/823/2412
f 501/1177/2413 515/956/2414 765/203/2415
f 478/638/2416 670/906/2417 225/1178/2418
f 159/222/2419 161/224/2420 293/1179/2421 295/535/2422
f 583/99/2423 731/1180/2424 694/1181/2425 693/892/2426
f 727/1016/2427 728/1018/2428 763/1182/2429
f 659/695/2430 658/1183/2431 280/696/2432
f 90/136/2433 89/620/2434 458/1184/2435 351/137/2436
f 451/596/2437 243/784/2438 548/1185/2439 246/1186/2440
f 642/229/2441 462/228/2442 337/448/2443
f 11/1187/2444 564/1188/2445 762/1189/2446
f 85/837/2447 87/836/2448 274/1138/2449
f 716/992/2450 251/334/2451 358/274/2452
f 669/1143/2453 678/93/2454 355/1066/2455
f 493/114/2456 704/218/2457 494/115/2458
f 113/635/2459 519/676/2460 210/1023/2461
f 669/1143/2462 355/1066/2463 354/465/2464 98/146/2465
f 624/818/2466 625/820/2467 449/796/2468 516/1123/2469
f 612/685/2470 695/940/2471 139/567/2472
f 554/1146/2473 705/1126/2474 757/1125/2475 728/1018/2476
f 574/756/2477 390/1190/2478 50/1191/2479
f 744/633/2480 509/1049/2481 769/1129/2482
f 549/1192/2483 278/697/2484 361/460/2485 570/459/2486
f 461/613/2487 264/726/2488 60/728/2489 359/962/2490
f 268/546/2491 777/1193/2492 237/1194/2493
f 499/645/2494 221/321/2495 220/531/2496
f 683/1195/2497 93/1196/2498 735/1068/2499
f 76/573/2500 78/374/2501 591/1148/2502
f 514/671/2503 386/1197/2504 409/529/2504
f 737/1040/2505 686/923/2505 778/206/2506
f 751/152/2507 772/151/2508 210/288/2509
f 296/982/2510 696/981/2511 566/1198/2512 53/1102/2513
f 551/591/2514 553/478/2515 552/715/2516
f 167/1127/2517 664/800/2518 199/499/2519 376/498/2520
f 779/81/2521 439/80/2522 415/198/2523
f 620/317/2524 173/316/2525 172/766/2526
f 390/1190/2527 152/1199/2528 50/1191/2529
f 254/1200/2530 376/498/2531 2/2/2532 21/33/2533
f 191/269/2534 194/268/2535 627/275/2536 253/336/2537
f 178/1159/2538 764/736/2539 692/739/2540
f 32/1007/2541 11/15/2542 762/1005/2543
f 290/1078/2544 643/1111/2545 721/706/2546
f 415/198/2547 366/270/2548 592/285/2549
f 205/118/2550 204/973/2551 766/586/2552
f 768/424/2553 226/997/2554 767/425/2555
f 203/780/2556 587/876/2557 336/447/2558
f 699/400/2559 357/399/2560 53/1064/2561
f 211/468/2562 537/603/2563 568/469/2564
f 498/319/2565 756/939/2566 12/16/2567
f 460/1002/2568 346/770/2569 555/1029/2570 340/1017/2571
f 83/129/2572 307/362/2573 84/130/2574
f 615/1201/2575 724/1202/2576 778/1203/2577
f 749/454/2578 133/192/2579 280/1204/2580 681/915/2581
f 56/1205/2582 270/485/2583 135/1206/2584
f 430/1086/2585 741/701/2586 433/700/2587 434/577/2588
f 696/1207/2589 712/1208/2590 565/1209/2591
f 755/1210/2592 503/670/2593 502/722/2594
f 117/162/2595 44/170/2596 383/497/2597 702/163/2598
f 444/588/2599 781/1211/2600 445/589/2600
f 780/1212/2601 700/716/2602 507/663/2603
f 353/462/2604 255/518/2605 256/463/2606
f 291/441/2607 668/905/2608 667/329/2609
f 351/1069/2610 345/627/2611 352/626/2612
f 228/1170/2613 322/1213/2614 416/1214/2615
f 403/916/2616 305/600/2617 682/917/2618
f 36/65/2619 551/591/2620 552/715/2621 162/225/2622
f 34/1036/2623 527/1215/2624 764/1149/2625
f 494/115/2626 86/733/2627 490/112/2628
f 209/287/2629 751/152/2630 210/288/2631
f 101/1216/2632 584/1217/2633 329/1218/2634
f 346/770/2635 657/965/2636 555/1029/2637
f 467/1001/2638 299/808/2639 468/743/2640
f 33/868/2641 633/794/2642 163/226/2643
f 252/335/2644 247/262/2645 365/1030/2646
f 422/830/2647 717/993/2648 547/850/2649
f 432/1219/2650 680/1220/2651 430/171/2652 431/174/2653
f 571/775/2654 570/634/2655 744/633/2656
f 646/1221/2657 267/355/2658 697/826/2659 385/825/2660
f 739/895/2661 261/349/2662 775/896/2663
f 27/44/2664 31/53/2665 18/26/2665
f 754/1222/2666 1/1166/2666 13/1165/2667
f 418/1223/2668 289/1112/2669 290/1078/2670 288/1077/2671
f 365/1030/2672 666/977/2673 252/335/2674
f 624/818/2675 235/1224/2676 308/819/2677
f 595/782/2678 326/783/2679 638/848/2680
f 280/1225/2681 133/1089/2682 278/1090/2683
f 509/817/2684 500/646/2685 499/645/2686
f 658/1183/2687 681/1226/2688 280/696/2689
f 283/831/2690 362/846/2691 179/420/2692
f 427/328/2693 130/190/2694 591/1148/2695
f 591/1148/2696 130/190/2697 575/1227/2698
f 250/333/2699 79/572/2700 652/456/2701
f 75/929/2702 752/134/2703 73/133/2704
f 558/723/2705 105/155/2706 107/157/2707
f 425/554/2708 348/763/2709 347/862/2710
f 1/1228/2711 3/1229/2711 6/1230/2711
f 607/1231/2712 707/1054/2713 259/347/2714 459/610/2715
f 341/199/2716 343/1232/2717 394/82/2718
f 68/790/2719 208/708/2720 206/62/2721 69/105/2722
f 508/664/2723 61/96/2724 437/665/2725
f 710/978/2726 749/454/2727 681/915/2728
f 432/914/2729 710/978/2730 681/915/2731
f 709/232/2732 577/576/2733 364/972/2734
f 455/829/2735 114/953/2736 116/154/2737 422/830/2738
f 124/180/2739 561/732/2740 466/617/2741 125/181/2742
f 225/302/2743 670/786/2744 242/785/2745 226/303/2746
f 718/1233/2747 356/963/2748 706/555/2749
f 378/1057/2750 557/1174/2751 144/297/2752 379/741/2753
f 458/607/2754 454/609/2755 150/1234/2755
f 357/399/2756 239/402/2757 673/909/2758
f 711/1113/2759 782/1115/2760 2/2/2761
f 249/332/2762 77/781/2763 250/333/2764
f 96/144/2765 522/1235/2766 635/799/2767 97/145/2768
f 93/1196/2769 92/1236/2770 734/1237/2771 735/1068/2772
f 587/1238/2773 202/540/2774 414/539/2775 200/1239/2776
f 376/1240/2777 168/1241/2778 121/1242/2779 167/1243/2780
f 760/1046/2781 234/313/2782 777/1244/2783
f 120/1132/2784 504/959/2785 662/899/2786
f 783/350/2787 603/353/2788 449/796/2789
f 222/178/2790 714/1169/2791 396/985/2792 223/175/2793
f 487/377/2794 189/376/2795 94/894/2796
f 755/1072/2797 506/1071/2798 387/1245/2797
f 752/134/2799 586/234/2800 585/774/2801
f 753/1027/2802 133/1089/2803 135/1164/2804 689/932/2805
f 374/1246/2806 732/1033/2807 373/1128/2808
f 771/1147/2809 287/91/2810 667/329/2811
f 78/374/2812 287/91/2813 771/1147/2814
f 108/158/2815 629/823/2816 628/822/2817
f 624/1247/2818 233/1248/2819 235/1249/2820
f 731/550/2821 153/241/2822 390/990/2823 389/989/2824
f 650/1250/2825 429/1251/2826 469/1252/2827
f 297/450/2828 231/449/2829 561/732/2830 124/180/2831
f 785/207/2832 786/1253/2833 407/208/2834
f 407/1254/2835 786/1255/2836 408/1256/2837
f 708/869/2838 760/1046/2839 523/1257/2840 691/1258/2841
f 643/1111/2842 701/1259/2843 775/896/2844
f 787/1260/2845 335/446/2845 595/782/2845
f 308/1261/2846 235/1262/2847 474/1263/2848
f 775/1264/2849 701/660/2850 702/163/2851 700/716/2852
f 160/223/2853 393/83/2854 161/224/2855
f 780/898/2856 746/872/2857 739/895/2858
f 734/1237/2859 784/1265/2860 364/1266/2861
f 372/1267/2862 737/1040/2862 388/511/2862
f 517/1268/2863 180/250/2864 138/197/2865 137/196/2866
f 639/1269/2867 636/1270/2868 766/422/2869 452/1116/2870
f 234/313/2871 760/1046/2872 99/581/2873
f 733/1271/2874 469/1252/2875 471/1272/2876
f 609/927/2877 426/394/2878 192/397/2879
f 291/441/2880 152/827/2881 668/905/2882
f 741/1273/2883 680/1220/2884 742/1274/2885
f 335/446/2886 787/1260/2886 336/447/2886
f 175/534/2887 397/750/2888 687/925/2889 342/651/2890
f 711/1113/2891 2/2/2892 198/1275/2893
f 372/1267/2894 388/511/2894 596/1158/2894
f 444/588/2895 610/998/2896 582/1276/2897 774/1277/2898
f 80/364/2899 788/492/2900 241/648/2901
f 430/171/2902 680/1220/2903 741/1273/2904
f 209/1278/2905 195/1279/2906 356/963/2907 718/1233/2908
f 448/1010/2909 725/1009/2910 121/1133/2911
f 522/1235/2912 588/920/2913 384/505/2914 275/116/2915
f 715/263/2916 127/762/2917 125/761/2918 466/264/2919
f 307/362/2920 305/398/2921 84/130/2922
f 167/1127/2923 121/1133/2924 120/1132/2925
f 695/940/2926 41/811/2927 258/282/2928 484/281/2929
f 735/1068/2930 675/764/2931 404/991/2932
f 491/375/2933 107/1280/2934 492/937/2935 490/112/2936
f 446/844/2937 448/1010/2938 121/1133/2939
f 67/1081/2940 126/108/2941 128/1281/2942 295/1082/2943
f 678/93/2944 669/1143/2945 304/393/2946 292/94/2947
f 410/574/2948 434/577/2949 433/700/2950
f 197/680/2951 660/1282/2952 195/681/2953
f 710/978/2954 147/455/2955 749/454/2956
f 573/63/2957 647/659/2958 82/128/2959 656/889/2960
f 276/119/2961 635/799/2962 522/1235/2963 275/116/2964
f 116/154/2965 750/153/2966 422/830/2967
f 281/68/2968 736/71/2969 412/88/2970
f 453/1283/2971 222/1284/2972 224/1285/2973
f 171/237/2974 620/317/2975 622/751/2976
f 418/1286/2977 288/999/2978 170/236/2979
f 571/775/2980 744/633/2981 769/1129/2982
f 201/320/2983 12/16/2984 711/1113/2985
f 547/850/2986 717/993/2987 641/851/2987
f 339/525/2988 338/1287/2989 262/526/2990
f 237/1194/2991 236/1152/2992 269/547/2993 268/546/2994
f 327/1288/2995 493/114/2996 100/113/2997
f 620/317/2998 172/766/2999 621/813/3000 622/751/3001
f 572/755/3002 643/919/3003 602/1091/3004
f 200/426/3005 199/499/3006 324/427/3007
f 517/1268/3008 516/1123/3009 180/250/3010
f 338/934/3011 762/1005/3012 500/646/3013
f 543/952/3014 227/1289/3015 114/953/3016
f 688/926/3017 540/131/3018 752/134/3019
f 777/1244/3020 234/313/3021 237/903/3022
f 786/1290/3023 785/1291/3024 773/1292/3025
f 619/810/3026 65/809/3027 377/1293/3028
f 748/1060/3029 597/789/3030 747/874/3031
f 780/1294/3032 506/1295/3033 746/1296/3034
f 253/336/3035 627/275/3036 358/274/3037 251/334/3038
f 79/572/3039 250/333/3040 77/781/3041 76/573/3042
f 458/807/3043 150/211/3044 657/182/3045
f 2/2/3046 199/499/3047 200/426/3048 198/1275/3049
f 548/1028/3050 478/638/3051 480/640/3052
f 758/496/3053 374/1246/3054 373/1128/3055 375/661/3056
f 409/1099/3057 738/209/3058 407/208/3059
f 759/1006/3060 727/1297/3061 763/1092/3062
f 479/414/3063 626/260/3064 631/656/3065
f 196/1298/3066 613/307/3067 536/306/3068
f 463/90/3069 697/826/3070 267/355/3071 266/279/3072
f 111/636/3073 113/635/3074 321/1299/3075 320/979/3076
f 569/464/3077 588/920/3078 96/144/3079 98/146/3080
f 616/1034/3081 685/922/3082 371/921/3082
f 339/1300/3083 460/1301/3084 340/1302/3085 338/1303/3086
f 614/804/3087 374/1304/3088 690/936/3089
f 704/1305/3090 790/204/3091 400/629/3092
f 726/561/3093 288/1077/3094 720/562/3095
f 664/800/3096 663/900/3097 326/783/3098
f 690/936/3099 374/1304/3100 758/1306/3101
f 340/1017/3102 727/1016/3103 338/1307/3104
f 403/1308/3105 402/294/3106 306/293/3107
f 313/406/3108 743/1047/3108 314/407/3108
f 450/791/3109 68/790/3110 69/105/3111 67/1081/3112
f 529/687/3113 584/969/3114 105/155/3115
f 162/225/3116 216/344/3117 217/484/3118 215/578/3119
f 309/1119/3120 584/969/3121 529/687/3122 310/1120/3123
f 377/878/3124 646/877/3125 619/1309/3126
f 336/447/3127 734/1237/3128 219/532/3129
f 534/1310/3130 652/1311/3131 725/1009/3130
f 254/1200/3132 21/33/3133 66/439/3134 331/438/3135
f 294/524/3136 417/647/3137 322/1213/3138
f 352/626/3139 470/628/3140 429/1312/3141
f 760/1313/3142 777/1193/3143 523/502/3144
f 195/681/3145 209/467/3146 196/678/3147
f 719/161/3148 379/741/3149 144/297/3150
f 103/559/3151 207/61/3152 49/64/3153 104/1314/3154
f 778/206/3155 686/923/3156 615/1315/3157
f 284/367/3158 648/1019/3159 172/766/3160
f 319/416/3161 115/415/3162 114/953/3163
f 377/878/3164 379/741/3165 143/201/3166
f 655/960/3167 368/482/3168 497/655/3169 496/654/3170
f 501/1177/3171 514/957/3172 515/956/3173
f 590/1105/3174 85/1104/3175 274/472/3176 273/471/3177
f 499/645/3178 220/531/3179 629/1012/3180
f 675/764/3181 637/847/3182 676/911/3183
f 344/1316/3184 359/1317/3185 471/1318/3186
f 228/1170/3187 416/1214/3188 714/1169/3189
f 610/1011/3190 789/1319/3191 726/561/3192
f 748/205/3193 790/204/3194 607/1320/3195
f 260/348/3196 259/347/3197 691/938/3198
f 9/11/3199 5/10/3200 4/1114/3201
f 18/1321/3202 31/58/3202 20/60/3202
f 506/662/3203 375/661/3204 596/1158/3205
f 174/765/3206 789/315/3207 610/998/3208
f 34/1036/3209 186/1322/3210 527/1215/3211
f 254/1200/3212 447/843/3213 376/498/3214
f 598/1323/3215 600/1052/3216 401/1051/3217
f 503/1324/3218 755/1325/3219 387/1326/3219
f 607/553/3220 790/1327/3221 704/218/3222
f 548/1028/3223 666/977/3224 365/1030/3225 246/711/3226
f 20/32/3227 1/1/3227 754/1328/3227
f 505/958/3228 676/911/3229 637/847/3230
f 181/251/3231 603/353/3232 445/589/3231
f 634/832/3233 179/420/3234 692/419/3235
f 455/829/3236 300/955/3237 545/954/3238
f 535/1041/3239 534/1310/3240 725/1009/3240
f 586/234/3241 752/134/3242 431/928/3243
f 680/913/3244 681/915/3245 742/702/3246
f 353/462/3247 678/93/3248 286/92/3249
f 602/1091/3250 46/642/3251 572/755/3252
f 474/1263/3253 328/1329/3254 308/1261/3255
f 669/1143/3256 301/391/3257 304/393/3258
f 49/64/3259 574/756/3260 50/1191/3261
f 368/482/3262 655/960/3263 231/449/3264
f 738/209/3265 737/1040/3266 778/206/3267
f 223/175/3268 396/985/3269 70/924/3270 397/750/3271
f 490/112/3272 86/733/3273 677/370/3274
f 499/645/3275 629/1012/3276 110/1330/3277 769/1139/3278
f 594/290/3279 314/407/3280 420/291/3281
f 783/350/3282 449/796/3283 625/820/3284
f 656/889/3285 218/1331/3286 390/1190/3287
f 761/403/3288 546/277/3289 601/280/3290
f 314/407/3291 743/1047/3291 332/443/3292
f 9/11/3293 4/1114/3294 12/16/3295
f 91/121/3296 93/139/3297 682/1332/3298 305/398/3299
f 241/648/3300 788/492/3301 713/793/3302
f 712/948/3303 154/122/3304 406/363/3305
f 93/139/3306 683/1333/3307 682/1332/3308
f 197/1080/3309 535/1041/3310 661/1038/3311
f 404/991/3312 489/386/3313 402/389/3314 403/1334/3315
f 461/771/3316 359/1335/3317 344/772/3318
f 638/848/3319 734/1237/3320 787/1260/3321
f 353/462/3322 286/92/3323 255/518/3324
f 727/1297/3325 759/1006/3326 338/934/3327
f 168/845/3328 446/844/3329 121/1133/3330
f 207/61/3331 123/106/3332 69/105/3333
f 236/1152/3334 624/1336/3335 516/674/3336
f 347/862/3337 580/322/3338 425/554/3339
f 78/374/3340 392/519/3341 286/92/3342
f 728/1018/3343 757/1125/3344 330/1144/3345 763/1182/3346
f 74/1037/3347 423/292/3348 419/512/3349
f 735/1068/3350 404/991/3351 683/1195/3352
f 661/1038/3353 165/1042/3354 331/438/3355
f 468/1337/3356 458/1184/3357 89/620/3358
f 770/143/3359 765/203/3360 515/956/3361 722/140/3362
f 242/785/3363 767/1338/3364 226/303/3365
f 623/816/3366 500/646/3367 509/817/3366
f 625/820/3368 308/819/3369 310/351/3370 783/350/3371
f 469/1252/3372 429/1251/3373 470/1339/3374 471/1272/3375
f 733/1271/3376 471/1272/3377 359/1340/3378
f 773/1292/3379 785/1291/3380 724/1202/3381
f 711/1113/3382 202/875/3383 201/320/3384
f 787/1260/3385 734/1237/3386 336/447/3385
f 637/847/3387 735/1068/3388 638/848/3389
f 638/848/3390 735/1068/3391 734/1237/3392
f 483/78/3393 128/77/3394 358/274/3395
f 614/804/3396 616/806/3397 374/1304/3398
f 450/1341/3399 293/1342/3400 323/1343/3401
f 668/1344/3402 152/240/3403 151/239/3404 481/1345/3405
f 157/1109/3406 677/370/3407 85/837/3408
f 85/837/3409 677/370/3410 86/733/3411
f 376/498/3412 447/843/3413 168/845/3414
f 562/219/3415 776/221/3416 87/836/3417
f 756/1346/3418 14/1347/3419 13/1348/3420
f 233/1248/3421 624/1247/3422 236/1349/3423
f 609/927/3424 191/269/3425 253/336/3426
f 646/855/3427 385/508/3428 318/507/3429
f 219/532/3430 203/780/3431 336/447/3432
f 630/699/3433 742/702/3434 531/986/3435
f 261/349/3436 721/706/3437 643/1111/3438 775/896/3439
f 405/470/3440 462/228/3441 477/227/3442 230/624/3443
f 315/273/3444 193/272/3445 190/835/3446
f 615/805/3447 685/1350/3448 616/806/3449
f 284/367/3450 611/504/3451 684/490/3452
f 506/662/3453 596/1158/3454 387/510/3454
f 615/805/3455 600/1351/3456 599/1004/3457
f 242/785/3458 452/597/3459 767/1338/3460
f 618/748/3461 186/861/3462 63/749/3463
f 375/661/3464 507/663/3465 758/496/3466
f 19/30/3467 15/22/3468 11/15/3469
f 736/754/3470 526/738/3471 527/737/3472 316/506/3473
f 723/652/3474 593/286/3475 423/292/3476
f 121/1133/3477 725/1009/3478 79/1145/3479
f 745/1352/3480 9/1353/3481 14/1354/3482
f 480/640/3483 479/639/3484 475/839/3485
f 674/970/3486 672/637/3487 90/136/3488
f 566/1198/3489 696/981/3490 565/622/3491 240/912/3492
f 747/874/3493 755/1210/3494 502/722/3495
f 517/548/3496 137/1355/3497 524/545/3498
f 530/966/3499 345/627/3500 351/1069/3501
f 641/1356/3502 718/1233/3503 706/555/3504
f 116/154/3505 321/1032/3506 772/151/3507
f 514/671/3508 503/670/3509 386/1197/3510
f 418/1286/3511 170/236/3512 362/846/3513
f 234/313/3514 329/436/3515 474/1357/3516 235/314/3517
f 607/1320/3518 459/1150/3519 748/205/3520
f 444/588/3521 443/411/3522 611/504/3523 610/998/3524
f 734/1237/3525 364/1266/3526 219/532/3527
f 781/1211/3528 136/195/3528 445/589/3528
f 693/892/3529 382/382/3530 583/99/3531
f 477/227/3532 606/230/3533 322/340/3534 228/866/3535
f 588/920/3536 522/1235/3537 96/144/3538
f 67/1081/3539 69/105/3540 126/108/3541
f 612/685/3542 39/684/3543 695/940/3544
f 3/1358/3545 2/1359/3546 782/1360/3547
f 170/236/3548 288/999/3549 171/237/3550
f 671/787/3551 548/1185/3552 243/784/3553
f 713/1361/3554 788/1362/3555 40/1363/3556
f 155/385/3557 154/1364/3558 296/383/3559
f 477/227/3560 228/866/3561 230/624/3562
f 717/993/3563 751/152/3564 209/287/3565
f 232/452/3566 302/483/3567 368/482/3568
f 774/1277/3569 781/1211/3570 444/588/3571
f 35/1161/3572 241/1160/3573 713/1365/3574
f 440/100/3575 381/295/3576 441/585/3577
f 566/1065/3578 240/401/3579 699/400/3580
f 667/329/3581 427/328/3582 771/1147/3583
f 164/1366/3584 447/843/3585 254/1200/3586
f 212/893/3587 214/1367/3588 380/296/3589
f 106/1368/3590 584/1217/3591 101/1216/3592
f 600/1351/3593 615/805/3594 614/804/3595
f 681/915/3596 531/986/3597 742/702/3598
f 591/778/3599 575/759/3600 435/779/3601
f 16/23/3602 9/11/3603 11/15/3604
f 374/1246/3605 616/1034/3606 732/1033/3607
f 443/411/3608 445/589/3609 679/408/3610
f 345/627/3611 530/966/3612 346/770/3613
f 270/485/3614 272/359/3615 135/1206/3616
f 179/420/3617 362/846/3618 119/421/3619
f 776/494/3620 383/497/3621 87/522/3622
f 287/91/3623 291/441/3624 667/329/3625
f 4/1369/3626 6/1230/3627 3/1229/3627
f 110/1330/3628 730/1370/3629 769/1139/3630
f 312/1371/3631 660/1039/3632 330/437/3633
f 774/500/3634 525/503/3635 137/1355/3636
f 442/752/3637 58/812/3638 57/658/3639
f 597/789/3640 739/895/3641 746/872/3642
f 134/193/3643 133/192/3644 146/453/3645
f 100/1372/3646 106/1368/3647 101/1216/3648
f 482/79/3649 483/78/3650 358/274/3651
f 74/1037/3652 665/514/3653 75/929/3654
f 574/1373/3655 656/1374/3656 390/1375/3657
f 578/164/3658 47/202/3659 719/161/3660
f 556/942/3661 640/849/3662 641/851/3663
f 773/213/3664 408/433/3665 786/1376/3666
f 400/629/3667 790/204/3668 770/143/3669
f 107/157/3670 106/156/3671 492/881/3672
f 399/935/3673 600/1351/3674 614/804/3675
f 589/243/3676 158/242/3677 590/412/3678
f 724/1202/3679 785/1291/3680 778/1203/3681
f 386/509/3682 388/511/3682 738/209/3683
f 475/839/3684 590/1105/3685 273/471/3686
f 439/80/3687 511/618/3688 513/668/3689
f 568/469/3690 567/740/3691 613/466/3692
f 413/89/3693 697/826/3694 463/90/3695
f 39/684/3696 41/811/3697 695/940/3698
f 445/589/3699 528/352/3700 679/408/3701
f 208/708/3702 647/659/3703 206/62/3704
f 335/705/3705 325/975/3706 324/703/3707
f 563/1377/3708 564/1188/3709 11/1187/3710
f 524/545/3711 137/1355/3712 525/503/3713
f 686/923/3714 685/922/3714 615/1315/3715
f 189/376/3716 188/254/3717 55/187/3718
f 313/406/3719 315/273/3720 651/834/3721
f 138/197/3722 180/250/3723 136/195/3724
f 535/1041/3725 725/1009/3726 165/1042/3727
f 200/426/3728 414/1378/3729 198/1275/3730
f 729/1379/3731 533/1380/3732 535/1041/3733
f 165/1042/3734 725/1009/3735 166/1008/3736
f 82/128/3737 218/1331/3738 656/889/3739
f 268/546/3740 524/545/3741 523/502/3742
f 422/830/3743 750/153/3744 717/993/3745
f 512/1381/3746 482/79/3747 513/276/3748
f 665/514/3749 432/914/3750 75/929/3751
f 303/392/3752 104/580/3753 48/442/3754 304/393/3755
f 523/502/3756 777/1193/3757 268/546/3758
f 638/848/3759 787/1260/3760 595/782/3760
f 32/1382/3761 31/1383/3762 30/1384/3762
f 403/1334/3763 683/1195/3764 404/991/3765
f 97/145/3766 635/799/3767 367/481/3768
f 363/1385/3769 155/1386/3770 52/1387/3771
f 378/1057/3772 651/1388/3773 557/1174/3774
f 398/984/3775 417/647/3776 71/523/3777
f 197/1080/3778 729/1379/3779 535/1041/3780
f 84/1389/3781 305/600/3782 213/599/3783
f 507/663/3784 506/662/3785 780/1212/3786
f 184/549/3787 183/238/3788 153/241/3789
f 338/934/3790 500/646/3791 623/816/3792
f 210/1023/3793 520/677/3794 211/468/3795
f 439/1390/3796 513/276/3797 627/275/3798 194/268/3799
f 756/939/3800 563/734/3801 11/15/3802
f 649/650/3803 80/364/3804 241/648/3805
f 55/187/3806 395/253/3807 270/1391/3808
f 270/1391/3809 56/188/3810 55/187/3811
f 654/1392/3812 653/908/3813 672/637/3814
f 114/953/3815 227/1289/3816 319/416/3817
f 278/697/3818 549/1192/3819 279/694/3820
f 709/232/3821 363/971/3822 51/233/3823
f 120/1132/3824 662/899/3825 167/1127/3826
f 781/1211/3827 774/1277/3828 136/195/3827
f 137/196/3829 136/195/3830 774/1277/3831
f 311/72/3832 312/75/3833 330/1144/3834
f 387/1393/3835 386/1394/3835 503/1395/3836
f 474/1357/3837 329/436/3838 328/435/3839
f 84/130/3840 213/1396/3841 82/128/3842
f 218/1331/3843 82/128/3844 213/1396/3845
f 364/1266/3846 577/1397/3847 219/532/3848
f 61/96/3849 436/725/3850 437/665/3851
f 40/493/3852 141/683/3853 37/66/3854 713/793/3855
